ctime,num_timed,num_requested,num_done,restartpoints_timed,restartpoints_req,restartpoints_done,write_time,sync_time,buffers_written,slru_written,stats_reset
1788942114.488108,1346,152,516,0,0,0,551116182,87858,118684914,67112,2026-08-11 21:33:18.47452+00
1788942174.559956,1346,152,516,0,0,0,551116182,87858,118696304,67112,2026-08-11 21:33:18.47452+00
1788942234.703731,1346,152,516,0,0,0,551116182,87858,118711739,67112,2026-08-11 21:33:18.47452+00
1788942294.843998,1346,152,516,0,0,0,551116182,87858,118740636,67112,2026-08-11 21:33:18.47452+00
1788942355.003743,1346,152,516,0,0,0,551116182,87858,118769559,67112,2026-08-11 21:33:18.47452+00
1788942414.163654,1346,152,516,0,0,0,551116182,87858,118797975,67112,2026-08-11 21:33:18.47452+00
1788942474.315675,1346,152,516,0,0,0,551116182,87858,118826865,67112,2026-08-11 21:33:18.47452+00
1788942534.487730,1346,152,516,0,0,0,551116182,87858,118855790,67112,2026-08-11 21:33:18.47452+00
1788942594.587367,1346,152,516,0,0,0,551116182,87858,118884682,67112,2026-08-11 21:33:18.47452+00
1788942654.707722,1346,152,516,0,0,0,551116182,87858,118913543,67112,2026-08-11 21:33:18.47452+00
1788942714.867665,1346,152,516,0,0,0,551116182,87858,118942472,67112,2026-08-11 21:33:18.47452+00
1788942775.111652,1346,152,516,0,0,0,551116182,87858,118971415,67112,2026-08-11 21:33:18.47452+00
1788942834.167723,1346,152,516,0,0,0,551116182,87858,118999824,67112,2026-08-11 21:33:18.47452+00
1788942894.337421,1346,152,516,0,0,0,551116182,87858,119028688,67112,2026-08-11 21:33:18.47452+00
1788942954.480995,1346,152,516,0,0,0,551116182,87858,119047587,67112,2026-08-11 21:33:18.47452+00
1788943014.651655,1346,152,516,0,0,0,551116182,87858,119057498,67112,2026-08-11 21:33:18.47452+00
1788943074.748156,1346,152,516,0,0,0,551116182,87858,119070469,67112,2026-08-11 21:33:18.47452+00
1788943134.919768,1346,152,517,0,0,0,552735512,87968,119096215,67112,2026-08-11 21:33:18.47452+00
1788943195.023207,1346,152,517,0,0,0,552735512,87968,119096215,67112,2026-08-11 21:33:18.47452+00
1788943254.177948,1346,152,517,0,0,0,552735512,87968,119096215,67112,2026-08-11 21:33:18.47452+00
1788943314.318170,1347,152,517,0,0,0,552735512,87968,119097760,67280,2026-08-11 21:33:18.47452+00
1788943374.465492,1347,152,517,0,0,0,552735512,87968,119126164,67280,2026-08-11 21:33:18.47452+00
1788943434.615748,1347,152,517,0,0,0,552735512,87968,119152670,67280,2026-08-11 21:33:18.47452+00
1788943494.754209,1347,152,517,0,0,0,552735512,87968,119173355,67280,2026-08-11 21:33:18.47452+00
1788943554.904509,1347,152,517,0,0,0,552735512,87968,119191575,67280,2026-08-11 21:33:18.47452+00
1788943615.014383,1347,152,517,0,0,0,552735512,87968,119206579,67280,2026-08-11 21:33:18.47452+00
1788943674.160776,1347,152,517,0,0,0,552735512,87968,119219940,67280,2026-08-11 21:33:18.47452+00
1788943734.295195,1347,152,517,0,0,0,552735512,87968,119230858,67280,2026-08-11 21:33:18.47452+00
1788943794.465447,1347,152,517,0,0,0,552735512,87968,119243200,67280,2026-08-11 21:33:18.47452+00
1788943854.615743,1347,152,517,0,0,0,552735512,87968,119256073,67280,2026-08-11 21:33:18.47452+00
1788943914.712526,1347,152,517,0,0,0,552735512,87968,119266234,67280,2026-08-11 21:33:18.47452+00
1788943974.862030,1347,152,517,0,0,0,552735512,87968,119276825,67280,2026-08-11 21:33:18.47452+00
1788944035.014821,1347,152,517,0,0,0,552735512,87968,119289344,67280,2026-08-11 21:33:18.47452+00
1788944094.134857,1347,152,517,0,0,0,552735512,87968,119317219,67280,2026-08-11 21:33:18.47452+00
1788944154.282904,1347,152,517,0,0,0,552735512,87968,119345629,67280,2026-08-11 21:33:18.47452+00
1788944214.402130,1347,152,517,0,0,0,552735512,87968,119374011,67280,2026-08-11 21:33:18.47452+00
1788944274.564960,1347,152,517,0,0,0,552735512,87968,119402385,67280,2026-08-11 21:33:18.47452+00
1788944334.675727,1347,152,517,0,0,0,552735512,87968,119430744,67280,2026-08-11 21:33:18.47452+00
1788944394.871676,1347,152,517,0,0,0,552735512,87968,119459149,67280,2026-08-11 21:33:18.47452+00
1788944454.943728,1347,152,517,0,0,0,552735512,87968,119487502,67280,2026-08-11 21:33:18.47452+00
1788944514.091722,1347,152,517,0,0,0,552735512,87968,119515433,67280,2026-08-11 21:33:18.47452+00
1788944574.208767,1347,152,517,0,0,0,552735512,87968,119543831,67280,2026-08-11 21:33:18.47452+00
1788944634.391088,1347,152,517,0,0,0,552735512,87968,119572237,67280,2026-08-11 21:33:18.47452+00
1788944694.537864,1347,152,517,0,0,0,552735512,87968,119600513,67280,2026-08-11 21:33:18.47452+00
1788944754.675852,1347,152,517,0,0,0,552735512,87968,119618698,67280,2026-08-11 21:33:18.47452+00
1788944814.853512,1347,152,517,0,0,0,552735512,87968,119627744,67280,2026-08-11 21:33:18.47452+00
1788944874.968235,1347,152,517,0,0,0,552735512,87968,119641042,67280,2026-08-11 21:33:18.47452+00
1788944934.143744,1347,152,518,0,0,0,554354831,88080,119666321,67280,2026-08-11 21:33:18.47452+00
1788944994.251801,1347,152,518,0,0,0,554354831,88080,119666321,67280,2026-08-11 21:33:18.47452+00
1788945054.407842,1347,152,518,0,0,0,554354831,88080,119666321,67280,2026-08-11 21:33:18.47452+00
1788945114.542790,1348,152,518,0,0,0,554354831,88080,119668000,67451,2026-08-11 21:33:18.47452+00
1788945174.695652,1348,152,518,0,0,0,554354831,88080,119696758,67451,2026-08-11 21:33:18.47452+00
1788945234.791485,1348,152,518,0,0,0,554354831,88080,119723553,67451,2026-08-11 21:33:18.47452+00
1788945294.961415,1348,152,518,0,0,0,554354831,88080,119743975,67451,2026-08-11 21:33:18.47452+00
1788945354.058330,1348,152,518,0,0,0,554354831,88080,119762444,67451,2026-08-11 21:33:18.47452+00
1788945414.219831,1348,152,518,0,0,0,554354831,88080,119777728,67451,2026-08-11 21:33:18.47452+00
1788945474.342701,1348,152,518,0,0,0,554354831,88080,119791656,67451,2026-08-11 21:33:18.47452+00
1788945534.483710,1348,152,518,0,0,0,554354831,88080,119803144,67451,2026-08-11 21:33:18.47452+00
1788945594.676692,1348,152,518,0,0,0,554354831,88080,119816108,67451,2026-08-11 21:33:18.47452+00
1788945654.813888,1348,152,518,0,0,0,554354831,88080,119828847,67451,2026-08-11 21:33:18.47452+00
1788945714.942174,1348,152,518,0,0,0,554354831,88080,119839237,67451,2026-08-11 21:33:18.47452+00
1788945774.078051,1348,152,518,0,0,0,554354831,88080,119849821,67451,2026-08-11 21:33:18.47452+00
