ctime,archived_count,last_archived_wal,last_archived_time,failed_count,last_failed_wal,last_failed_time,stats_reset
1788870505.052835,0,,,0,,,2026-08-11 21:33:18.47452+00
1788870565.145044,0,,,0,,,2026-08-11 21:33:18.47452+00
1788870625.194738,0,,,0,,,2026-08-11 21:33:18.47452+00
1788870685.297956,0,,,0,,,2026-08-11 21:33:18.47452+00
1788870745.372440,0,,,0,,,2026-08-11 21:33:18.47452+00
1788870805.448640,0,,,0,,,2026-08-11 21:33:18.47452+00
1788870865.515710,0,,,0,,,2026-08-11 21:33:18.47452+00
1788870925.599854,0,,,0,,,2026-08-11 21:33:18.47452+00
1788870985.691650,0,,,0,,,2026-08-11 21:33:18.47452+00
1788871045.750525,0,,,0,,,2026-08-11 21:33:18.47452+00
1788871105.847650,0,,,0,,,2026-08-11 21:33:18.47452+00
1788871165.906690,0,,,0,,,2026-08-11 21:33:18.47452+00
1788871226.019652,0,,,0,,,2026-08-11 21:33:18.47452+00
1788871285.091781,0,,,0,,,2026-08-11 21:33:18.47452+00
1788871345.158623,0,,,0,,,2026-08-11 21:33:18.47452+00
1788871405.247710,0,,,0,,,2026-08-11 21:33:18.47452+00
1788871465.337007,0,,,0,,,2026-08-11 21:33:18.47452+00
1788871525.390628,0,,,0,,,2026-08-11 21:33:18.47452+00
1788871585.509324,0,,,0,,,2026-08-11 21:33:18.47452+00
1788871645.574790,0,,,0,,,2026-08-11 21:33:18.47452+00
1788871705.659647,0,,,0,,,2026-08-11 21:33:18.47452+00
1788871765.748666,0,,,0,,,2026-08-11 21:33:18.47452+00
1788871825.835767,0,,,0,,,2026-08-11 21:33:18.47452+00
1788871885.932761,0,,,0,,,2026-08-11 21:33:18.47452+00
1788871945.983908,0,,,0,,,2026-08-11 21:33:18.47452+00
1788872005.059674,0,,,0,,,2026-08-11 21:33:18.47452+00
1788872065.134423,0,,,0,,,2026-08-11 21:33:18.47452+00
1788872125.244460,0,,,0,,,2026-08-11 21:33:18.47452+00
1788872185.308731,0,,,0,,,2026-08-11 21:33:18.47452+00
1788872245.384578,0,,,0,,,2026-08-11 21:33:18.47452+00
1788872305.458899,0,,,0,,,2026-08-11 21:33:18.47452+00
1788872365.555231,0,,,0,,,2026-08-11 21:33:18.47452+00
1788872425.638970,0,,,0,,,2026-08-11 21:33:18.47452+00
1788872485.709846,0,,,0,,,2026-08-11 21:33:18.47452+00
1788872545.812979,0,,,0,,,2026-08-11 21:33:18.47452+00
1788872605.911742,0,,,0,,,2026-08-11 21:33:18.47452+00
1788872665.975698,0,,,0,,,2026-08-11 21:33:18.47452+00
1788872725.053520,0,,,0,,,2026-08-11 21:33:18.47452+00
1788872785.137688,0,,,0,,,2026-08-11 21:33:18.47452+00
1788872845.225908,0,,,0,,,2026-08-11 21:33:18.47452+00
1788872905.327728,0,,,0,,,2026-08-11 21:33:18.47452+00
1788872965.389270,0,,,0,,,2026-08-11 21:33:18.47452+00
1788873025.477750,0,,,0,,,2026-08-11 21:33:18.47452+00
1788873085.552592,0,,,0,,,2026-08-11 21:33:18.47452+00
1788873145.624150,0,,,0,,,2026-08-11 21:33:18.47452+00
1788873205.698758,0,,,0,,,2026-08-11 21:33:18.47452+00
1788873265.802493,0,,,0,,,2026-08-11 21:33:18.47452+00
1788873325.888623,0,,,0,,,2026-08-11 21:33:18.47452+00
1788873385.955552,0,,,0,,,2026-08-11 21:33:18.47452+00
1788873445.035694,0,,,0,,,2026-08-11 21:33:18.47452+00
1788873505.107376,0,,,0,,,2026-08-11 21:33:18.47452+00
1788873565.186578,0,,,0,,,2026-08-11 21:33:18.47452+00
1788873625.267804,0,,,0,,,2026-08-11 21:33:18.47452+00
1788873685.331990,0,,,0,,,2026-08-11 21:33:18.47452+00
1788873745.429135,0,,,0,,,2026-08-11 21:33:18.47452+00
1788873805.545550,0,,,0,,,2026-08-11 21:33:18.47452+00
1788873865.596740,0,,,0,,,2026-08-11 21:33:18.47452+00
1788873925.694084,0,,,0,,,2026-08-11 21:33:18.47452+00
1788873985.768529,0,,,0,,,2026-08-11 21:33:18.47452+00
1788874045.871734,0,,,0,,,2026-08-11 21:33:18.47452+00
1788874105.940272,0,,,0,,,2026-08-11 21:33:18.47452+00
1788874166.015717,0,,,0,,,2026-08-11 21:33:18.47452+00
