ctime,pid,datid,datname,relid,phase,sample_blks_total,sample_blks_scanned,ext_stats_total,ext_stats_computed,child_tables_total,child_tables_done,current_child_table_relid,delay_time
1789174246.143009,376886,2361925,dbt5,2362013,computing statistics,35,35,0,0,0,0,0,0
1789174306.235761,379565,2361925,dbt5,2361963,acquiring sample rows,2300,518,0,0,0,0,0,0
1789174366.359016,383394,2361925,dbt5,2361997,acquiring sample rows,11332,926,0,0,0,0,0,0
1789174966.345386,415449,2361925,dbt5,2362013,computing statistics,35,35,0,0,0,0,0,0
1789175146.684994,425405,2361925,dbt5,2361963,computing statistics,2313,2313,0,0,0,0,0,0
1789175506.336926,445392,2361925,dbt5,2362174,acquiring sample rows,259,32,0,0,0,0,0,0
1789175566.455701,448240,2361925,dbt5,2361963,acquiring sample rows,2320,609,0,0,0,0,0,0
1789176106.427022,478093,2361925,dbt5,2362090,computing statistics,34,34,0,0,0,0,0,0
1789176166.548911,481422,2361925,dbt5,2362174,computing statistics,259,259,0,0,0,0,0,0
1789176526.423087,501785,2361925,dbt5,2362013,acquiring sample rows,35,0,0,0,0,0,0,0
1789176586.553147,504411,2361925,dbt5,2362174,computing statistics,259,259,0,0,0,0,0,0
1789176826.965086,517742,2361925,dbt5,2361963,computing statistics,2340,2340,0,0,0,0,0,0
1789177126.499030,534570,2361925,dbt5,2362013,initializing,0,0,0,0,0,0,0,0
1789177186.599299,537979,2361925,dbt5,2362174,acquiring sample rows,259,6,0,0,0,0,0,0
1789177246.707123,540948,2361925,dbt5,2361963,acquiring sample rows,2347,1437,0,0,0,0,0,0
