# hostname;interval;timestamp;CPU;%user;%nice;%system;%iowait;%steal;%idle
madrona;60;1788938404;-1;58.43;0.00;9.31;1.28;0.00;30.99
madrona;60;1788938404;0;56.68;0.00;8.54;1.71;0.00;33.07
madrona;60;1788938404;1;53.43;0.00;9.23;1.01;0.00;36.34
madrona;60;1788938404;2;55.69;0.00;7.87;1.36;0.00;35.09
madrona;60;1788938404;3;57.36;0.00;11.19;1.31;0.00;30.14
madrona;60;1788938404;4;58.32;0.00;11.22;1.17;0.00;29.29
madrona;60;1788938404;5;56.04;0.00;6.74;1.14;0.00;36.08
madrona;60;1788938404;6;58.65;0.00;8.34;1.97;0.00;31.03
madrona;60;1788938404;7;58.10;0.00;10.25;1.19;0.00;30.47
madrona;60;1788938404;8;56.11;0.00;8.27;1.31;0.00;34.32
madrona;60;1788938404;9;65.26;0.00;8.77;1.12;0.00;24.85
madrona;60;1788938404;10;60.59;0.00;10.51;0.92;0.00;27.97
madrona;60;1788938404;11;60.50;0.00;11.18;1.49;0.00;26.83
madrona;60;1788938404;12;59.70;0.00;10.08;1.17;0.00;29.06
madrona;60;1788938404;13;58.65;0.00;7.80;1.24;0.00;32.32
madrona;60;1788938404;14;62.55;0.00;11.80;1.19;0.00;24.46
madrona;60;1788938404;15;57.17;0.00;7.14;1.17;0.00;34.52
madrona;60;1788938464;-1;93.21;0.00;6.45;0.07;0.00;0.26
madrona;60;1788938464;0;92.23;0.00;7.54;0.05;0.00;0.18
madrona;60;1788938464;1;92.90;0.00;6.79;0.07;0.00;0.23
madrona;60;1788938464;2;94.08;0.00;5.61;0.07;0.00;0.25
madrona;60;1788938464;3;92.67;0.00;7.09;0.05;0.00;0.18
madrona;60;1788938464;4;93.78;0.00;5.86;0.08;0.00;0.28
madrona;60;1788938464;5;93.66;0.00;6.03;0.07;0.00;0.25
madrona;60;1788938464;6;92.71;0.00;6.92;0.07;0.00;0.30
madrona;60;1788938464;7;93.41;0.00;6.27;0.08;0.00;0.23
madrona;60;1788938464;8;92.96;0.00;6.74;0.07;0.00;0.23
madrona;60;1788938464;9;92.45;0.00;7.11;0.08;0.00;0.35
madrona;60;1788938464;10;93.61;0.00;6.03;0.08;0.00;0.28
madrona;60;1788938464;11;93.08;0.00;6.59;0.07;0.00;0.27
madrona;60;1788938464;12;93.24;0.00;6.35;0.08;0.00;0.33
madrona;60;1788938464;13;93.57;0.00;6.03;0.08;0.00;0.32
madrona;60;1788938464;14;93.32;0.00;6.34;0.07;0.00;0.27
madrona;60;1788938464;15;93.74;0.00;5.96;0.07;0.00;0.23
madrona;60;1788938524;-1;94.12;0.01;5.57;0.06;0.00;0.23
madrona;60;1788938524;0;94.16;0.00;5.55;0.08;0.02;0.18
madrona;60;1788938524;1;94.45;0.00;5.34;0.03;0.00;0.18
madrona;60;1788938524;2;94.12;0.00;5.56;0.07;0.00;0.25
madrona;60;1788938524;3;94.08;0.00;5.64;0.05;0.00;0.23
madrona;60;1788938524;4;93.62;0.00;5.95;0.10;0.00;0.33
madrona;60;1788938524;5;94.05;0.05;5.69;0.03;0.00;0.18
madrona;60;1788938524;6;93.96;0.00;5.63;0.10;0.00;0.32
madrona;60;1788938524;7;93.92;0.00;5.76;0.07;0.00;0.25
madrona;60;1788938524;8;94.06;0.00;5.69;0.03;0.00;0.22
madrona;60;1788938524;9;93.73;0.00;5.99;0.05;0.00;0.23
madrona;60;1788938524;10;94.03;0.00;5.69;0.05;0.02;0.22
madrona;60;1788938524;11;94.24;0.00;5.49;0.05;0.00;0.22
madrona;60;1788938524;12;94.09;0.00;5.61;0.07;0.02;0.22
madrona;60;1788938524;13;94.64;0.00;5.12;0.07;0.00;0.17
madrona;60;1788938524;14;94.63;0.00;5.02;0.08;0.00;0.27
madrona;60;1788938524;15;94.14;0.18;5.37;0.07;0.00;0.23
madrona;60;1788938584;-1;94.35;0.00;5.38;0.06;0.00;0.21
madrona;60;1788938584;0;95.39;0.00;4.34;0.03;0.00;0.23
madrona;60;1788938584;1;94.05;0.00;5.70;0.05;0.00;0.20
madrona;60;1788938584;2;93.86;0.00;5.89;0.05;0.00;0.20
madrona;60;1788938584;3;93.93;0.00;5.76;0.08;0.00;0.23
madrona;60;1788938584;4;94.20;0.00;5.57;0.05;0.00;0.18
madrona;60;1788938584;5;94.73;0.00;5.05;0.05;0.00;0.17
madrona;60;1788938584;6;94.24;0.00;5.44;0.07;0.00;0.25
madrona;60;1788938584;7;94.27;0.00;5.52;0.05;0.00;0.17
madrona;60;1788938584;8;95.18;0.00;4.55;0.05;0.02;0.20
madrona;60;1788938584;9;93.74;0.00;5.97;0.07;0.00;0.22
madrona;60;1788938584;10;94.14;0.00;5.57;0.05;0.00;0.23
madrona;60;1788938584;11;94.74;0.00;4.99;0.05;0.00;0.22
madrona;60;1788938584;12;94.08;0.00;5.72;0.05;0.00;0.15
madrona;60;1788938584;13;94.48;0.00;5.24;0.05;0.00;0.23
madrona;60;1788938584;14;94.18;0.00;5.50;0.07;0.00;0.25
madrona;60;1788938584;15;94.38;0.00;5.29;0.07;0.00;0.27
madrona;60;1788938644;-1;94.35;0.00;5.40;0.05;0.00;0.19
madrona;60;1788938644;0;93.51;0.00;6.29;0.05;0.00;0.15
madrona;60;1788938644;1;94.24;0.00;5.54;0.05;0.00;0.17
madrona;60;1788938644;2;94.06;0.00;5.64;0.05;0.00;0.25
madrona;60;1788938644;3;93.96;0.00;5.79;0.05;0.00;0.20
madrona;60;1788938644;4;94.14;0.00;5.61;0.05;0.00;0.20
madrona;60;1788938644;5;94.26;0.00;5.47;0.05;0.00;0.22
madrona;60;1788938644;6;94.28;0.00;5.49;0.07;0.00;0.17
madrona;60;1788938644;7;94.79;0.00;5.02;0.05;0.00;0.13
madrona;60;1788938644;8;94.44;0.00;5.36;0.03;0.00;0.17
madrona;60;1788938644;9;94.41;0.00;5.29;0.05;0.00;0.25
madrona;60;1788938644;10;94.13;0.00;5.64;0.05;0.00;0.18
madrona;60;1788938644;11;94.60;0.00;5.19;0.05;0.00;0.17
madrona;60;1788938644;12;94.75;0.00;4.99;0.07;0.00;0.20
madrona;60;1788938644;13;95.08;0.00;4.69;0.05;0.00;0.18
madrona;60;1788938644;14;94.26;0.00;5.51;0.03;0.00;0.20
madrona;60;1788938644;15;94.73;0.00;4.97;0.07;0.00;0.23
madrona;60;1788938704;-1;94.26;0.00;5.48;0.05;0.00;0.21
madrona;60;1788938704;0;94.86;0.00;4.90;0.05;0.00;0.18
madrona;60;1788938704;1;93.77;0.00;5.97;0.05;0.00;0.22
madrona;60;1788938704;2;94.06;0.00;5.65;0.07;0.00;0.22
madrona;60;1788938704;3;93.84;0.00;5.97;0.03;0.00;0.15
madrona;60;1788938704;4;94.41;0.00;5.37;0.05;0.00;0.17
madrona;60;1788938704;5;95.11;0.00;4.57;0.07;0.00;0.25
madrona;60;1788938704;6;93.89;0.00;5.82;0.05;0.00;0.23
madrona;60;1788938704;7;94.59;0.00;5.12;0.07;0.00;0.22
madrona;60;1788938704;8;93.95;0.00;5.87;0.05;0.00;0.13
madrona;60;1788938704;9;93.21;0.00;6.47;0.05;0.00;0.27
madrona;60;1788938704;10;94.46;0.00;5.27;0.07;0.00;0.20
madrona;60;1788938704;11;93.88;0.00;5.82;0.05;0.00;0.25
madrona;60;1788938704;12;95.06;0.00;4.79;0.03;0.00;0.12
madrona;60;1788938704;13;94.48;0.00;5.17;0.05;0.00;0.30
madrona;60;1788938704;14;94.69;0.00;5.07;0.05;0.00;0.18
madrona;60;1788938704;15;93.96;0.00;5.79;0.05;0.00;0.20
madrona;60;1788938764;-1;94.37;0.00;5.37;0.05;0.00;0.21
madrona;60;1788938764;0;94.28;0.00;5.51;0.03;0.00;0.18
madrona;60;1788938764;1;94.86;0.00;4.92;0.03;0.00;0.18
madrona;60;1788938764;2;94.09;0.00;5.64;0.05;0.00;0.22
madrona;60;1788938764;3;93.64;0.00;6.12;0.07;0.00;0.17
madrona;60;1788938764;4;94.86;0.00;4.82;0.05;0.00;0.27
madrona;60;1788938764;5;94.99;0.00;4.74;0.07;0.00;0.20
madrona;60;1788938764;6;93.88;0.00;5.91;0.05;0.00;0.17
madrona;60;1788938764;7;93.59;0.00;6.06;0.07;0.00;0.28
madrona;60;1788938764;8;94.20;0.00;5.57;0.05;0.00;0.18
madrona;60;1788938764;9;94.96;0.00;4.76;0.03;0.00;0.25
madrona;60;1788938764;10;93.98;0.00;5.76;0.03;0.00;0.23
madrona;60;1788938764;11;94.28;0.00;5.44;0.07;0.00;0.22
madrona;60;1788938764;12;94.20;0.00;5.51;0.03;0.00;0.25
madrona;60;1788938764;13;94.85;0.00;4.87;0.07;0.00;0.22
madrona;60;1788938764;14;94.11;0.00;5.70;0.03;0.00;0.15
madrona;60;1788938764;15;95.11;0.00;4.62;0.07;0.00;0.20
madrona;60;1788938824;-1;94.43;0.00;5.32;0.05;0.00;0.20
madrona;60;1788938824;0;94.88;0.00;4.87;0.05;0.00;0.20
madrona;60;1788938824;1;93.83;0.00;5.95;0.05;0.00;0.17
madrona;60;1788938824;2;94.96;0.00;4.79;0.03;0.00;0.22
madrona;60;1788938824;3;94.49;0.00;5.21;0.05;0.00;0.25
madrona;60;1788938824;4;94.03;0.00;5.72;0.05;0.00;0.20
madrona;60;1788938824;5;94.24;0.00;5.47;0.07;0.02;0.20
madrona;60;1788938824;6;95.21;0.00;4.55;0.05;0.00;0.18
madrona;60;1788938824;7;94.34;0.00;5.34;0.07;0.00;0.25
madrona;60;1788938824;8;94.49;0.00;5.26;0.07;0.02;0.17
madrona;60;1788938824;9;94.45;0.00;5.29;0.05;0.00;0.22
madrona;60;1788938824;10;94.11;0.00;5.61;0.07;0.00;0.22
madrona;60;1788938824;11;93.78;0.00;6.00;0.05;0.00;0.17
madrona;60;1788938824;12;94.46;0.00;5.29;0.05;0.00;0.20
madrona;60;1788938824;13;95.53;0.00;4.24;0.05;0.00;0.18
madrona;60;1788938824;14;95.06;0.00;4.69;0.05;0.00;0.20
madrona;60;1788938824;15;92.95;0.00;6.78;0.05;0.00;0.22
madrona;60;1788938884;-1;94.38;0.00;5.37;0.05;0.00;0.19
madrona;60;1788938884;0;94.31;0.00;5.46;0.05;0.00;0.18
madrona;60;1788938884;1;94.76;0.00;4.99;0.05;0.00;0.20
madrona;60;1788938884;2;93.96;0.00;5.81;0.05;0.00;0.18
madrona;60;1788938884;3;94.94;0.00;4.81;0.05;0.00;0.20
madrona;60;1788938884;4;94.13;0.00;5.60;0.07;0.00;0.20
madrona;60;1788938884;5;94.48;0.00;5.19;0.07;0.00;0.27
madrona;60;1788938884;6;94.33;0.00;5.45;0.03;0.00;0.18
madrona;60;1788938884;7;93.99;0.00;5.81;0.03;0.00;0.17
madrona;60;1788938884;8;94.85;0.00;4.93;0.05;0.00;0.17
madrona;60;1788938884;9;93.31;0.00;6.49;0.03;0.00;0.17
madrona;60;1788938884;10;94.21;0.00;5.55;0.05;0.00;0.18
madrona;60;1788938884;11;94.28;0.00;5.46;0.05;0.00;0.22
madrona;60;1788938884;12;95.18;0.00;4.57;0.05;0.00;0.20
madrona;60;1788938884;13;94.66;0.00;5.09;0.07;0.00;0.18
madrona;60;1788938884;14;95.48;0.00;4.30;0.05;0.00;0.17
madrona;60;1788938884;15;93.28;0.00;6.44;0.07;0.00;0.22
madrona;60;1788938944;-1;94.31;0.00;5.44;0.05;0.00;0.20
madrona;60;1788938944;0;94.43;0.00;5.32;0.03;0.02;0.20
madrona;60;1788938944;1;94.68;0.00;5.02;0.07;0.00;0.23
madrona;60;1788938944;2;94.97;0.00;4.79;0.03;0.00;0.20
madrona;60;1788938944;3;94.16;0.00;5.59;0.05;0.00;0.20
madrona;60;1788938944;4;94.16;0.00;5.65;0.03;0.00;0.15
madrona;60;1788938944;5;94.76;0.00;5.02;0.03;0.00;0.18
madrona;60;1788938944;6;94.18;0.00;5.57;0.07;0.00;0.18
madrona;60;1788938944;7;94.18;0.00;5.54;0.05;0.00;0.23
madrona;60;1788938944;8;94.54;0.00;5.24;0.05;0.00;0.17
madrona;60;1788938944;9;94.49;0.00;5.18;0.05;0.00;0.28
madrona;60;1788938944;10;94.21;0.00;5.54;0.05;0.00;0.20
madrona;60;1788938944;11;93.38;0.00;6.35;0.05;0.00;0.22
madrona;60;1788938944;12;94.16;0.00;5.59;0.05;0.00;0.20
madrona;60;1788938944;13;94.21;0.00;5.54;0.03;0.00;0.22
madrona;60;1788938944;14;94.06;0.00;5.71;0.05;0.00;0.18
madrona;60;1788938944;15;94.36;0.00;5.36;0.07;0.00;0.22
madrona;60;1788939004;-1;94.35;0.00;5.41;0.05;0.00;0.19
madrona;60;1788939004;0;94.31;0.00;5.47;0.03;0.00;0.18
madrona;60;1788939004;1;93.64;0.00;6.12;0.05;0.00;0.18
madrona;60;1788939004;2;95.13;0.00;4.65;0.05;0.00;0.17
madrona;60;1788939004;3;94.63;0.00;5.19;0.05;0.00;0.13
madrona;60;1788939004;4;94.86;0.00;4.92;0.03;0.00;0.18
madrona;60;1788939004;5;93.64;0.00;6.06;0.07;0.00;0.23
madrona;60;1788939004;6;93.78;0.00;5.94;0.05;0.00;0.23
madrona;60;1788939004;7;94.91;0.00;4.84;0.05;0.00;0.20
madrona;60;1788939004;8;94.01;0.00;5.79;0.03;0.00;0.17
madrona;60;1788939004;9;93.05;0.00;6.67;0.05;0.00;0.23
madrona;60;1788939004;10;94.51;0.00;5.23;0.05;0.00;0.22
madrona;60;1788939004;11;94.02;0.00;5.76;0.02;0.00;0.20
madrona;60;1788939004;12;95.13;0.00;4.62;0.05;0.00;0.20
madrona;60;1788939004;13;94.41;0.00;5.27;0.08;0.00;0.23
madrona;60;1788939004;14;94.93;0.00;4.89;0.05;0.00;0.13
madrona;60;1788939004;15;94.63;0.00;5.14;0.05;0.00;0.18
madrona;60;1788939064;-1;94.35;0.00;5.37;0.06;0.00;0.21
madrona;60;1788939064;0;94.66;0.00;5.06;0.05;0.00;0.23
madrona;60;1788939064;1;94.44;0.00;5.29;0.05;0.00;0.22
madrona;60;1788939064;2;94.44;0.00;5.32;0.05;0.00;0.18
madrona;60;1788939064;3;95.08;0.00;4.65;0.05;0.00;0.22
madrona;60;1788939064;4;94.46;0.00;5.25;0.08;0.00;0.20
madrona;60;1788939064;5;93.71;0.00;6.05;0.07;0.00;0.17
madrona;60;1788939064;6;95.15;0.00;4.55;0.08;0.00;0.22
madrona;60;1788939064;7;93.91;0.00;5.79;0.05;0.00;0.25
madrona;60;1788939064;8;94.78;0.00;4.95;0.05;0.00;0.22
madrona;60;1788939064;9;94.21;0.00;5.52;0.05;0.00;0.22
madrona;60;1788939064;10;93.87;0.00;5.88;0.05;0.00;0.20
madrona;60;1788939064;11;93.94;0.00;5.79;0.07;0.00;0.20
madrona;60;1788939064;12;94.13;0.00;5.58;0.08;0.00;0.20
madrona;60;1788939064;13;94.50;0.00;5.25;0.07;0.00;0.18
madrona;60;1788939064;14;94.50;0.00;5.10;0.08;0.00;0.32
madrona;60;1788939064;15;93.86;0.00;5.87;0.05;0.00;0.22
madrona;60;1788939124;-1;94.52;0.00;5.24;0.04;0.00;0.19
madrona;60;1788939124;0;94.79;0.00;5.01;0.05;0.00;0.15
madrona;60;1788939124;1;94.31;0.00;5.44;0.07;0.00;0.18
madrona;60;1788939124;2;94.23;0.00;5.52;0.03;0.00;0.22
madrona;60;1788939124;3;95.24;0.00;4.51;0.05;0.00;0.20
madrona;60;1788939124;4;94.49;0.00;5.31;0.03;0.00;0.17
madrona;60;1788939124;5;94.48;0.00;5.22;0.05;0.00;0.25
madrona;60;1788939124;6;93.96;0.00;5.76;0.05;0.00;0.23
madrona;60;1788939124;7;94.43;0.00;5.32;0.05;0.00;0.20
madrona;60;1788939124;8;94.28;0.00;5.49;0.05;0.02;0.17
madrona;60;1788939124;9;94.41;0.00;5.36;0.05;0.00;0.18
madrona;60;1788939124;10;93.96;0.00;5.84;0.03;0.00;0.17
madrona;60;1788939124;11;95.04;0.00;4.71;0.03;0.00;0.22
madrona;60;1788939124;12;95.30;0.00;4.50;0.03;0.00;0.17
madrona;60;1788939124;13;95.15;0.00;4.60;0.05;0.00;0.20
madrona;60;1788939124;14;93.99;0.00;5.77;0.02;0.00;0.22
madrona;60;1788939124;15;94.30;0.00;5.49;0.03;0.00;0.18
madrona;60;1788939184;-1;94.47;0.00;5.28;0.05;0.00;0.20
madrona;60;1788939184;0;94.51;0.00;5.26;0.03;0.00;0.20
madrona;60;1788939184;1;94.33;0.00;5.40;0.05;0.00;0.22
madrona;60;1788939184;2;95.43;0.00;4.39;0.03;0.00;0.15
madrona;60;1788939184;3;94.53;0.00;5.22;0.07;0.00;0.18
madrona;60;1788939184;4;93.74;0.00;5.96;0.07;0.00;0.23
madrona;60;1788939184;5;95.16;0.00;4.57;0.05;0.00;0.22
madrona;60;1788939184;6;94.26;0.00;5.47;0.03;0.00;0.23
madrona;60;1788939184;7;94.76;0.00;5.02;0.03;0.00;0.18
madrona;60;1788939184;8;94.91;0.00;4.89;0.03;0.00;0.17
madrona;60;1788939184;9;94.28;0.00;5.55;0.03;0.00;0.13
madrona;60;1788939184;10;94.83;0.00;4.87;0.07;0.00;0.23
madrona;60;1788939184;11;94.09;0.00;5.66;0.05;0.00;0.20
madrona;60;1788939184;12;94.13;0.00;5.56;0.07;0.00;0.25
madrona;60;1788939184;13;94.71;0.00;5.09;0.05;0.00;0.15
madrona;60;1788939184;14;93.44;0.00;6.24;0.07;0.00;0.25
madrona;60;1788939184;15;94.42;0.00;5.38;0.03;0.00;0.17
madrona;60;1788939244;-1;94.50;0.00;5.25;0.05;0.00;0.20
madrona;60;1788939244;0;94.64;0.00;5.13;0.03;0.00;0.20
madrona;60;1788939244;1;94.15;0.00;5.57;0.07;0.00;0.22
madrona;60;1788939244;2;94.71;0.00;5.07;0.05;0.00;0.17
madrona;60;1788939244;3;94.46;0.00;5.32;0.07;0.00;0.15
madrona;60;1788939244;4;94.83;0.00;4.87;0.05;0.00;0.25
madrona;60;1788939244;5;93.91;0.00;5.77;0.05;0.00;0.27
madrona;60;1788939244;6;94.06;0.00;5.66;0.07;0.00;0.22
madrona;60;1788939244;7;94.18;0.00;5.65;0.05;0.00;0.12
madrona;60;1788939244;8;94.34;0.00;5.49;0.05;0.00;0.12
madrona;60;1788939244;9;95.45;0.00;4.30;0.05;0.00;0.20
madrona;60;1788939244;10;94.58;0.00;5.22;0.03;0.00;0.17
madrona;60;1788939244;11;94.46;0.00;5.25;0.05;0.00;0.23
madrona;60;1788939244;12;94.58;0.00;5.14;0.07;0.00;0.22
madrona;60;1788939244;13;94.43;0.00;5.36;0.03;0.00;0.18
madrona;60;1788939244;14;94.68;0.00;4.97;0.05;0.00;0.30
madrona;60;1788939244;15;94.48;0.00;5.26;0.05;0.00;0.22
madrona;60;1788939304;-1;94.45;0.00;5.31;0.05;0.00;0.19
madrona;60;1788939304;0;93.83;0.00;5.87;0.07;0.02;0.22
madrona;60;1788939304;1;94.49;0.00;5.29;0.05;0.00;0.17
madrona;60;1788939304;2;94.68;0.00;5.02;0.05;0.00;0.25
madrona;60;1788939304;3;94.74;0.00;5.09;0.03;0.00;0.13
madrona;60;1788939304;4;94.24;0.00;5.46;0.07;0.00;0.23
madrona;60;1788939304;5;94.36;0.00;5.42;0.03;0.00;0.18
madrona;60;1788939304;6;94.08;0.00;5.61;0.05;0.00;0.27
madrona;60;1788939304;7;94.58;0.00;5.17;0.05;0.00;0.20
madrona;60;1788939304;8;94.16;0.00;5.62;0.03;0.00;0.18
madrona;60;1788939304;9;94.59;0.00;5.19;0.05;0.00;0.17
madrona;60;1788939304;10;94.05;0.00;5.60;0.08;0.00;0.27
madrona;60;1788939304;11;94.17;0.00;5.64;0.03;0.00;0.15
madrona;60;1788939304;12;94.79;0.00;4.96;0.05;0.00;0.20
madrona;60;1788939304;13;94.88;0.00;4.90;0.05;0.00;0.17
madrona;60;1788939304;14;94.69;0.00;5.12;0.03;0.00;0.15
madrona;60;1788939304;15;94.86;0.00;4.92;0.05;0.00;0.17
madrona;60;1788939364;-1;94.42;0.00;5.33;0.05;0.00;0.20
madrona;60;1788939364;0;93.96;0.00;5.86;0.02;0.00;0.17
madrona;60;1788939364;1;94.11;0.00;5.59;0.07;0.00;0.23
madrona;60;1788939364;2;94.59;0.00;5.09;0.05;0.00;0.27
madrona;60;1788939364;3;94.95;0.00;4.80;0.03;0.00;0.22
madrona;60;1788939364;4;94.71;0.00;5.12;0.05;0.00;0.12
madrona;60;1788939364;5;93.41;0.00;6.31;0.07;0.00;0.22
madrona;60;1788939364;6;94.26;0.00;5.47;0.07;0.00;0.20
madrona;60;1788939364;7;94.48;0.00;5.27;0.05;0.00;0.20
madrona;60;1788939364;8;94.51;0.00;5.29;0.05;0.00;0.15
madrona;60;1788939364;9;94.36;0.00;5.39;0.05;0.00;0.20
madrona;60;1788939364;10;95.20;0.00;4.50;0.05;0.00;0.25
madrona;60;1788939364;11;94.79;0.00;4.94;0.05;0.00;0.22
madrona;60;1788939364;12;95.01;0.00;4.77;0.03;0.00;0.18
madrona;60;1788939364;13;94.14;0.00;5.66;0.03;0.00;0.17
madrona;60;1788939364;14;94.15;0.00;5.62;0.05;0.00;0.18
madrona;60;1788939364;15;94.08;0.00;5.65;0.05;0.00;0.22
madrona;60;1788939424;-1;94.46;0.00;5.29;0.05;0.00;0.20
madrona;60;1788939424;0;95.47;0.00;4.32;0.05;0.00;0.17
madrona;60;1788939424;1;93.61;0.00;6.12;0.07;0.00;0.20
madrona;60;1788939424;2;94.91;0.00;4.84;0.05;0.00;0.20
madrona;60;1788939424;3;93.76;0.00;5.99;0.05;0.00;0.20
madrona;60;1788939424;4;94.01;0.00;5.69;0.07;0.00;0.23
madrona;60;1788939424;5;94.81;0.00;4.94;0.05;0.00;0.20
madrona;60;1788939424;6;94.43;0.00;5.35;0.03;0.00;0.18
madrona;60;1788939424;7;94.80;0.00;4.95;0.05;0.00;0.20
madrona;60;1788939424;8;95.40;0.00;4.35;0.07;0.02;0.17
madrona;60;1788939424;9;94.28;0.00;5.47;0.07;0.00;0.18
madrona;60;1788939424;10;94.68;0.00;5.04;0.05;0.00;0.23
madrona;60;1788939424;11;93.86;0.00;5.89;0.05;0.00;0.20
madrona;60;1788939424;12;94.40;0.00;5.35;0.05;0.00;0.20
madrona;60;1788939424;13;94.39;0.00;5.34;0.05;0.00;0.22
madrona;60;1788939424;14;94.11;0.00;5.59;0.07;0.00;0.23
madrona;60;1788939424;15;94.39;0.00;5.39;0.03;0.00;0.18
madrona;60;1788939484;-1;94.39;0.00;5.36;0.05;0.00;0.20
madrona;60;1788939484;0;93.95;0.00;5.90;0.03;0.00;0.12
madrona;60;1788939484;1;94.71;0.00;5.04;0.05;0.00;0.20
madrona;60;1788939484;2;94.74;0.00;4.92;0.07;0.00;0.27
madrona;60;1788939484;3;94.50;0.00;5.25;0.05;0.00;0.20
madrona;60;1788939484;4;93.72;0.00;5.99;0.05;0.00;0.23
madrona;60;1788939484;5;94.34;0.00;5.42;0.05;0.00;0.18
madrona;60;1788939484;6;94.84;0.00;4.89;0.08;0.00;0.18
madrona;60;1788939484;7;94.89;0.00;4.87;0.03;0.00;0.20
madrona;60;1788939484;8;94.40;0.00;5.43;0.03;0.00;0.13
madrona;60;1788939484;9;94.48;0.00;5.20;0.05;0.00;0.27
madrona;60;1788939484;10;94.58;0.00;5.15;0.05;0.00;0.22
madrona;60;1788939484;11;94.65;0.00;5.10;0.05;0.00;0.20
madrona;60;1788939484;12;93.48;0.00;6.25;0.05;0.00;0.22
madrona;60;1788939484;13;93.99;0.00;5.77;0.05;0.00;0.18
madrona;60;1788939484;14;94.66;0.00;5.09;0.05;0.00;0.20
madrona;60;1788939484;15;94.36;0.00;5.42;0.03;0.00;0.18
madrona;60;1788939544;-1;94.34;0.00;5.39;0.05;0.00;0.21
madrona;60;1788939544;0;94.41;0.00;5.37;0.05;0.00;0.17
madrona;60;1788939544;1;94.40;0.00;5.33;0.07;0.00;0.20
madrona;60;1788939544;2;93.96;0.00;5.81;0.03;0.00;0.20
madrona;60;1788939544;3;94.74;0.00;4.87;0.08;0.00;0.30
madrona;60;1788939544;4;94.86;0.00;4.87;0.05;0.00;0.22
madrona;60;1788939544;5;94.55;0.00;5.20;0.03;0.00;0.22
madrona;60;1788939544;6;94.30;0.00;5.40;0.07;0.00;0.23
madrona;60;1788939544;7;94.05;0.00;5.70;0.05;0.00;0.20
madrona;60;1788939544;8;94.65;0.00;5.12;0.03;0.00;0.20
madrona;60;1788939544;9;94.69;0.00;5.02;0.07;0.00;0.22
madrona;60;1788939544;10;94.98;0.00;4.70;0.05;0.00;0.27
madrona;60;1788939544;11;92.88;0.00;6.87;0.05;0.00;0.20
madrona;60;1788939544;12;93.99;0.00;5.79;0.03;0.00;0.18
madrona;60;1788939544;13;94.89;0.00;4.84;0.07;0.00;0.20
madrona;60;1788939544;14;93.88;0.00;5.86;0.07;0.00;0.20
madrona;60;1788939544;15;94.28;0.00;5.44;0.07;0.00;0.22
madrona;60;1788939604;-1;94.61;0.00;5.13;0.05;0.00;0.21
madrona;60;1788939604;0;94.55;0.00;5.20;0.05;0.02;0.18
madrona;60;1788939604;1;94.51;0.00;5.24;0.05;0.00;0.20
madrona;60;1788939604;2;95.23;0.00;4.55;0.05;0.00;0.17
madrona;60;1788939604;3;93.52;0.00;6.23;0.03;0.00;0.22
madrona;60;1788939604;4;95.46;0.00;4.25;0.05;0.00;0.23
madrona;60;1788939604;5;94.06;0.00;5.66;0.05;0.00;0.23
madrona;60;1788939604;6;95.26;0.00;4.49;0.05;0.00;0.20
madrona;60;1788939604;7;95.33;0.00;4.37;0.05;0.02;0.23
madrona;60;1788939604;8;93.83;0.00;5.96;0.05;0.00;0.17
madrona;60;1788939604;9;94.93;0.00;4.85;0.05;0.00;0.17
madrona;60;1788939604;10;94.89;0.00;4.87;0.05;0.00;0.18
madrona;60;1788939604;11;93.72;0.00;5.99;0.05;0.00;0.23
madrona;60;1788939604;12;95.24;0.00;4.47;0.07;0.00;0.22
madrona;60;1788939604;13;93.91;0.00;5.82;0.05;0.00;0.22
madrona;60;1788939604;14;94.53;0.00;5.26;0.05;0.00;0.17
madrona;60;1788939604;15;94.81;0.00;4.82;0.08;0.00;0.28
madrona;60;1788939664;-1;94.56;0.00;5.19;0.05;0.00;0.20
madrona;60;1788939664;0;94.08;0.00;5.64;0.05;0.00;0.23
madrona;60;1788939664;1;93.88;0.00;5.88;0.05;0.02;0.17
madrona;60;1788939664;2;95.19;0.00;4.57;0.05;0.00;0.18
madrona;60;1788939664;3;94.69;0.00;5.03;0.05;0.00;0.23
madrona;60;1788939664;4;95.16;0.00;4.59;0.07;0.00;0.18
madrona;60;1788939664;5;94.61;0.00;5.19;0.03;0.00;0.17
madrona;60;1788939664;6;94.69;0.00;5.04;0.05;0.00;0.22
madrona;60;1788939664;7;95.40;0.00;4.39;0.03;0.00;0.18
madrona;60;1788939664;8;93.88;0.00;5.93;0.03;0.00;0.15
madrona;60;1788939664;9;93.63;0.00;6.17;0.03;0.00;0.17
madrona;60;1788939664;10;94.87;0.00;4.78;0.07;0.00;0.28
madrona;60;1788939664;11;94.51;0.00;5.17;0.05;0.00;0.27
madrona;60;1788939664;12;95.06;0.00;4.65;0.05;0.00;0.23
madrona;60;1788939664;13;94.52;0.00;5.26;0.05;0.00;0.17
madrona;60;1788939664;14;94.23;0.00;5.50;0.07;0.00;0.20
madrona;60;1788939664;15;94.49;0.00;5.22;0.05;0.00;0.23
madrona;60;1788939724;-1;94.62;0.00;5.11;0.05;0.00;0.22
madrona;60;1788939724;0;94.93;0.00;4.82;0.03;0.00;0.22
madrona;60;1788939724;1;94.91;0.00;4.80;0.07;0.00;0.22
madrona;60;1788939724;2;95.41;0.00;4.29;0.05;0.00;0.25
madrona;60;1788939724;3;94.28;0.00;5.37;0.07;0.00;0.28
madrona;60;1788939724;4;94.46;0.00;5.24;0.07;0.00;0.23
madrona;60;1788939724;5;94.68;0.00;5.09;0.05;0.00;0.18
madrona;60;1788939724;6;94.73;0.00;5.02;0.05;0.00;0.20
madrona;60;1788939724;7;94.68;0.00;5.07;0.05;0.00;0.20
madrona;60;1788939724;8;94.65;0.00;5.07;0.05;0.02;0.22
madrona;60;1788939724;9;94.57;0.00;5.15;0.07;0.00;0.22
madrona;60;1788939724;10;94.90;0.00;4.87;0.05;0.00;0.18
madrona;60;1788939724;11;93.49;0.00;6.19;0.05;0.00;0.27
madrona;60;1788939724;12;94.41;0.00;5.36;0.05;0.00;0.18
madrona;60;1788939724;13;94.35;0.00;5.39;0.05;0.00;0.22
madrona;60;1788939724;14;94.61;0.00;5.19;0.03;0.00;0.17
madrona;60;1788939724;15;94.93;0.00;4.79;0.07;0.00;0.22
madrona;60;1788939784;-1;94.34;0.00;5.38;0.06;0.00;0.22
madrona;60;1788939784;0;94.23;0.00;5.47;0.07;0.00;0.23
madrona;60;1788939784;1;94.03;0.00;5.69;0.07;0.00;0.22
madrona;60;1788939784;2;94.11;0.00;5.66;0.05;0.00;0.18
madrona;60;1788939784;3;93.93;0.00;5.80;0.05;0.00;0.22
madrona;60;1788939784;4;94.38;0.00;5.32;0.05;0.00;0.25
madrona;60;1788939784;5;94.00;0.00;5.72;0.07;0.00;0.22
madrona;60;1788939784;6;94.28;0.00;5.42;0.08;0.00;0.22
madrona;60;1788939784;7;94.25;0.00;5.47;0.05;0.00;0.23
madrona;60;1788939784;8;95.20;0.00;4.54;0.07;0.00;0.20
madrona;60;1788939784;9;94.38;0.00;5.37;0.05;0.00;0.20
madrona;60;1788939784;10;94.30;0.00;5.45;0.05;0.00;0.20
madrona;60;1788939784;11;93.31;0.00;6.41;0.07;0.00;0.22
madrona;60;1788939784;12;94.68;0.00;5.01;0.05;0.00;0.27
madrona;60;1788939784;13;94.61;0.00;5.09;0.05;0.00;0.25
madrona;60;1788939784;14;94.43;0.00;5.27;0.07;0.02;0.22
madrona;60;1788939784;15;95.42;0.00;4.33;0.03;0.00;0.22
madrona;60;1788939844;-1;94.59;0.00;5.16;0.04;0.00;0.21
madrona;60;1788939844;0;94.69;0.00;5.17;0.02;0.00;0.12
madrona;60;1788939844;1;95.01;0.00;4.79;0.03;0.00;0.17
madrona;60;1788939844;2;94.06;0.00;5.62;0.05;0.00;0.27
madrona;60;1788939844;3;94.58;0.00;5.16;0.05;0.00;0.22
madrona;60;1788939844;4;93.56;0.00;6.14;0.05;0.00;0.25
madrona;60;1788939844;5;95.11;0.00;4.62;0.05;0.00;0.22
madrona;60;1788939844;6;94.61;0.00;5.14;0.03;0.00;0.22
madrona;60;1788939844;7;94.28;0.00;5.46;0.05;0.00;0.22
madrona;60;1788939844;8;94.16;0.00;5.62;0.02;0.00;0.20
madrona;60;1788939844;9;95.93;0.00;3.84;0.05;0.00;0.18
madrona;60;1788939844;10;94.51;0.00;5.21;0.05;0.00;0.23
madrona;60;1788939844;11;93.47;0.00;6.21;0.07;0.00;0.25
madrona;60;1788939844;12;95.06;0.00;4.69;0.05;0.00;0.20
madrona;60;1788939844;13;94.71;0.00;5.11;0.05;0.00;0.13
madrona;60;1788939844;14;94.62;0.00;5.11;0.05;0.00;0.22
madrona;60;1788939844;15;95.06;0.00;4.69;0.05;0.00;0.20
madrona;60;1788939904;-1;94.40;0.00;5.34;0.05;0.00;0.21
madrona;60;1788939904;0;94.55;0.00;5.24;0.05;0.00;0.17
madrona;60;1788939904;1;94.69;0.00;5.06;0.03;0.00;0.22
madrona;60;1788939904;2;94.22;0.00;5.49;0.05;0.00;0.23
madrona;60;1788939904;3;93.84;0.00;5.91;0.05;0.00;0.20
madrona;60;1788939904;4;94.73;0.00;5.04;0.05;0.00;0.18
madrona;60;1788939904;5;94.04;0.00;5.67;0.07;0.00;0.22
madrona;60;1788939904;6;94.61;0.00;5.07;0.05;0.00;0.27
madrona;60;1788939904;7;94.65;0.00;5.00;0.07;0.00;0.28
madrona;60;1788939904;8;94.98;0.00;4.77;0.05;0.00;0.20
madrona;60;1788939904;9;94.61;0.00;5.19;0.03;0.00;0.17
madrona;60;1788939904;10;93.56;0.00;6.21;0.03;0.00;0.20
madrona;60;1788939904;11;93.60;0.00;6.14;0.08;0.00;0.18
madrona;60;1788939904;12;93.91;0.00;5.82;0.03;0.00;0.23
madrona;60;1788939904;13;94.86;0.00;4.90;0.05;0.00;0.18
madrona;60;1788939904;14;94.50;0.00;5.22;0.07;0.00;0.22
madrona;60;1788939904;15;94.99;0.00;4.76;0.07;0.00;0.18
madrona;60;1788939964;-1;94.45;0.00;5.27;0.05;0.00;0.22
madrona;60;1788939964;0;94.16;0.00;5.51;0.05;0.02;0.27
madrona;60;1788939964;1;94.89;0.00;4.84;0.07;0.00;0.20
madrona;60;1788939964;2;94.29;0.00;5.44;0.05;0.00;0.22
madrona;60;1788939964;3;94.24;0.00;5.44;0.07;0.00;0.25
madrona;60;1788939964;4;93.99;0.00;5.77;0.05;0.00;0.18
madrona;60;1788939964;5;94.52;0.00;5.19;0.05;0.00;0.23
madrona;60;1788939964;6;95.03;0.00;4.64;0.07;0.00;0.27
madrona;60;1788939964;7;94.46;0.00;5.27;0.03;0.00;0.23
madrona;60;1788939964;8;94.91;0.00;4.89;0.03;0.02;0.15
madrona;60;1788939964;9;94.83;0.00;4.89;0.05;0.00;0.23
madrona;60;1788939964;10;94.86;0.00;4.85;0.07;0.00;0.22
madrona;60;1788939964;11;94.23;0.00;5.50;0.05;0.00;0.22
madrona;60;1788939964;12;93.83;0.00;5.90;0.05;0.00;0.22
madrona;60;1788939964;13;94.68;0.00;5.06;0.05;0.00;0.22
madrona;60;1788939964;14;94.57;0.00;5.18;0.05;0.00;0.20
madrona;60;1788939964;15;93.74;0.00;6.01;0.03;0.00;0.22
madrona;60;1788940024;-1;94.48;0.00;5.26;0.06;0.00;0.20
madrona;60;1788940024;0;94.06;0.00;5.65;0.05;0.00;0.23
madrona;60;1788940024;1;94.63;0.00;5.00;0.07;0.00;0.30
madrona;60;1788940024;2;94.53;0.00;5.20;0.05;0.00;0.22
madrona;60;1788940024;3;94.48;0.00;5.27;0.07;0.02;0.17
madrona;60;1788940024;4;94.09;0.00;5.67;0.05;0.00;0.18
madrona;60;1788940024;5;93.91;0.00;5.82;0.07;0.00;0.20
madrona;60;1788940024;6;94.53;0.00;5.27;0.05;0.00;0.15
madrona;60;1788940024;7;94.56;0.00;5.17;0.07;0.00;0.20
madrona;60;1788940024;8;94.86;0.00;4.92;0.05;0.00;0.17
madrona;60;1788940024;9;94.98;0.00;4.72;0.07;0.00;0.23
madrona;60;1788940024;10;94.68;0.00;5.07;0.07;0.00;0.18
madrona;60;1788940024;11;94.01;0.00;5.68;0.07;0.00;0.25
madrona;60;1788940024;12;94.65;0.00;5.10;0.03;0.00;0.22
madrona;60;1788940024;13;94.16;0.00;5.60;0.05;0.00;0.18
madrona;60;1788940024;14;94.31;0.00;5.46;0.05;0.00;0.18
madrona;60;1788940024;15;95.26;0.00;4.47;0.07;0.00;0.20
madrona;60;1788940084;-1;94.51;0.00;5.24;0.05;0.00;0.20
madrona;60;1788940084;0;94.56;0.00;5.20;0.05;0.00;0.18
madrona;60;1788940084;1;93.51;0.00;6.26;0.05;0.00;0.18
madrona;60;1788940084;2;95.55;0.00;4.14;0.07;0.00;0.25
madrona;60;1788940084;3;94.61;0.00;5.21;0.02;0.00;0.17
madrona;60;1788940084;4;94.57;0.00;5.18;0.05;0.00;0.20
madrona;60;1788940084;5;94.38;0.00;5.37;0.07;0.00;0.18
madrona;60;1788940084;6;93.21;0.00;6.47;0.05;0.00;0.27
madrona;60;1788940084;7;94.88;0.00;4.89;0.03;0.00;0.20
madrona;60;1788940084;8;94.43;0.00;5.36;0.03;0.00;0.18
madrona;60;1788940084;9;94.43;0.00;5.32;0.05;0.00;0.20
madrona;60;1788940084;10;95.01;0.00;4.72;0.07;0.00;0.20
madrona;60;1788940084;11;94.76;0.00;5.04;0.03;0.00;0.17
madrona;60;1788940084;12;95.11;0.00;4.67;0.05;0.00;0.17
madrona;60;1788940084;13;94.41;0.00;5.29;0.05;0.02;0.23
madrona;60;1788940084;14;93.83;0.00;5.86;0.07;0.00;0.25
madrona;60;1788940084;15;94.85;0.00;4.92;0.03;0.00;0.20
madrona;60;1788940144;-1;94.55;0.00;5.17;0.06;0.00;0.22
madrona;60;1788940144;0;95.03;0.00;4.66;0.08;0.00;0.23
madrona;60;1788940144;1;95.09;0.00;4.64;0.05;0.00;0.22
madrona;60;1788940144;2;94.14;0.00;5.57;0.05;0.00;0.23
madrona;60;1788940144;3;94.36;0.00;5.31;0.08;0.00;0.25
madrona;60;1788940144;4;94.43;0.00;5.31;0.05;0.00;0.22
madrona;60;1788940144;5;94.06;0.00;5.62;0.07;0.00;0.25
madrona;60;1788940144;6;94.88;0.00;4.89;0.05;0.00;0.18
madrona;60;1788940144;7;94.31;0.00;5.44;0.05;0.00;0.20
madrona;60;1788940144;8;95.05;0.00;4.68;0.07;0.00;0.20
madrona;60;1788940144;9;94.78;0.00;4.90;0.05;0.00;0.27
madrona;60;1788940144;10;94.08;0.00;5.64;0.07;0.00;0.22
madrona;60;1788940144;11;94.43;0.00;5.27;0.07;0.00;0.23
madrona;60;1788940144;12;94.44;0.00;5.31;0.05;0.00;0.20
madrona;60;1788940144;13;94.51;0.00;5.21;0.07;0.00;0.22
madrona;60;1788940144;14;94.54;0.00;5.21;0.03;0.00;0.22
madrona;60;1788940144;15;94.68;0.00;5.12;0.05;0.00;0.15
madrona;60;1788940204;-1;94.45;0.00;5.29;0.05;0.00;0.20
madrona;60;1788940204;0;94.64;0.00;5.18;0.05;0.00;0.13
madrona;60;1788940204;1;94.16;0.00;5.65;0.03;0.00;0.15
madrona;60;1788940204;2;94.12;0.00;5.61;0.05;0.00;0.22
madrona;60;1788940204;3;94.23;0.00;5.49;0.05;0.00;0.23
madrona;60;1788940204;4;93.94;0.00;5.77;0.07;0.00;0.22
madrona;60;1788940204;5;94.68;0.00;5.02;0.07;0.00;0.23
madrona;60;1788940204;6;94.17;0.00;5.58;0.07;0.00;0.18
madrona;60;1788940204;7;94.96;0.00;4.80;0.05;0.00;0.18
madrona;60;1788940204;8;94.43;0.00;5.39;0.03;0.00;0.15
madrona;60;1788940204;9;94.57;0.00;5.20;0.05;0.00;0.18
madrona;60;1788940204;10;94.89;0.00;4.86;0.05;0.00;0.20
madrona;60;1788940204;11;94.76;0.00;4.95;0.05;0.00;0.23
madrona;60;1788940204;12;94.23;0.00;5.45;0.05;0.00;0.27
madrona;60;1788940204;13;94.96;0.00;4.79;0.05;0.00;0.20
madrona;60;1788940204;14;93.88;0.00;5.89;0.05;0.00;0.18
madrona;60;1788940204;15;94.65;0.00;5.05;0.07;0.00;0.23
madrona;60;1788940264;-1;94.52;0.00;5.21;0.06;0.00;0.21
madrona;60;1788940264;0;94.73;0.00;4.97;0.07;0.00;0.23
madrona;60;1788940264;1;93.69;0.00;5.99;0.05;0.00;0.27
madrona;60;1788940264;2;94.95;0.00;4.80;0.05;0.00;0.20
madrona;60;1788940264;3;94.73;0.00;5.01;0.03;0.00;0.23
madrona;60;1788940264;4;93.99;0.00;5.72;0.05;0.00;0.23
madrona;60;1788940264;5;94.21;0.00;5.47;0.07;0.00;0.25
madrona;60;1788940264;6;94.83;0.00;4.95;0.05;0.00;0.17
madrona;60;1788940264;7;95.18;0.00;4.61;0.03;0.00;0.18
madrona;60;1788940264;8;94.40;0.00;5.35;0.07;0.02;0.17
madrona;60;1788940264;9;94.31;0.00;5.45;0.07;0.00;0.17
madrona;60;1788940264;10;94.99;0.00;4.76;0.05;0.00;0.20
madrona;60;1788940264;11;94.61;0.00;5.12;0.07;0.00;0.20
madrona;60;1788940264;12;94.06;0.00;5.64;0.05;0.00;0.25
madrona;60;1788940264;13;94.55;0.00;5.12;0.10;0.00;0.23
madrona;60;1788940264;14;95.11;0.00;4.62;0.07;0.00;0.20
madrona;60;1788940264;15;93.91;0.00;5.82;0.05;0.00;0.22
madrona;60;1788940324;-1;94.48;0.00;5.26;0.05;0.00;0.21
madrona;60;1788940324;0;94.66;0.00;5.06;0.05;0.02;0.22
madrona;60;1788940324;1;94.15;0.00;5.62;0.05;0.00;0.18
madrona;60;1788940324;2;94.50;0.00;5.25;0.05;0.00;0.20
madrona;60;1788940324;3;94.21;0.00;5.51;0.07;0.00;0.22
madrona;60;1788940324;4;94.38;0.00;5.27;0.08;0.00;0.27
madrona;60;1788940324;5;94.95;0.00;4.84;0.05;0.00;0.17
madrona;60;1788940324;6;95.24;0.00;4.49;0.05;0.00;0.22
madrona;60;1788940324;7;93.92;0.00;5.83;0.07;0.00;0.18
madrona;60;1788940324;8;94.83;0.00;4.88;0.07;0.00;0.22
madrona;60;1788940324;9;94.24;0.00;5.51;0.05;0.00;0.20
madrona;60;1788940324;10;94.58;0.00;5.17;0.05;0.00;0.20
madrona;60;1788940324;11;93.53;0.00;6.20;0.05;0.00;0.22
madrona;60;1788940324;12;94.10;0.00;5.65;0.05;0.00;0.20
madrona;60;1788940324;13;94.43;0.00;5.32;0.05;0.00;0.20
madrona;60;1788940324;14;94.94;0.00;4.84;0.03;0.00;0.18
madrona;60;1788940324;15;95.03;0.00;4.70;0.05;0.00;0.22
madrona;60;1788940384;-1;94.55;0.00;5.19;0.05;0.00;0.20
madrona;60;1788940384;0;94.80;0.00;5.00;0.03;0.00;0.17
madrona;60;1788940384;1;94.28;0.00;5.45;0.05;0.00;0.22
madrona;60;1788940384;2;94.63;0.00;5.09;0.07;0.00;0.22
madrona;60;1788940384;3;94.95;0.00;4.77;0.05;0.00;0.23
madrona;60;1788940384;4;94.76;0.00;4.99;0.03;0.00;0.22
madrona;60;1788940384;5;93.73;0.00;6.04;0.05;0.00;0.18
madrona;60;1788940384;6;94.76;0.00;5.00;0.05;0.00;0.18
madrona;60;1788940384;7;94.69;0.00;5.06;0.05;0.00;0.20
madrona;60;1788940384;8;94.73;0.00;5.02;0.05;0.00;0.20
madrona;60;1788940384;9;94.11;0.00;5.64;0.07;0.00;0.18
madrona;60;1788940384;10;94.33;0.00;5.42;0.05;0.00;0.20
madrona;60;1788940384;11;94.18;0.00;5.57;0.07;0.00;0.18
madrona;60;1788940384;12;95.21;0.00;4.49;0.03;0.00;0.27
madrona;60;1788940384;13;94.56;0.00;5.12;0.07;0.00;0.25
madrona;60;1788940384;14;94.66;0.00;5.10;0.05;0.00;0.18
madrona;60;1788940384;15;94.44;0.00;5.32;0.05;0.00;0.18
madrona;60;1788940444;-1;94.62;0.00;5.13;0.06;0.00;0.19
madrona;60;1788940444;0;94.63;0.00;5.14;0.05;0.00;0.18
madrona;60;1788940444;1;94.76;0.00;4.97;0.07;0.00;0.20
madrona;60;1788940444;2;94.09;0.00;5.63;0.05;0.00;0.23
madrona;60;1788940444;3;95.05;0.00;4.69;0.05;0.00;0.22
madrona;60;1788940444;4;93.71;0.00;6.06;0.05;0.00;0.18
madrona;60;1788940444;5;95.25;0.00;4.60;0.03;0.00;0.12
madrona;60;1788940444;6;95.08;0.00;4.64;0.07;0.00;0.22
madrona;60;1788940444;7;94.80;0.00;4.94;0.07;0.00;0.20
madrona;60;1788940444;8;94.43;0.00;5.30;0.07;0.00;0.20
madrona;60;1788940444;9;94.63;0.00;5.09;0.07;0.00;0.22
madrona;60;1788940444;10;94.63;0.00;5.12;0.05;0.00;0.20
madrona;60;1788940444;11;94.73;0.00;5.02;0.05;0.00;0.20
madrona;60;1788940444;12;94.29;0.00;5.51;0.05;0.00;0.15
madrona;60;1788940444;13;95.48;0.00;4.30;0.05;0.00;0.17
madrona;60;1788940444;14;94.69;0.00;5.01;0.08;0.00;0.22
madrona;60;1788940444;15;93.73;0.00;6.01;0.05;0.00;0.22
madrona;60;1788940504;-1;94.59;0.00;5.17;0.05;0.00;0.19
madrona;60;1788940504;0;93.98;0.00;5.77;0.05;0.00;0.20
madrona;60;1788940504;1;94.31;0.00;5.47;0.05;0.00;0.17
madrona;60;1788940504;2;95.00;0.00;4.74;0.07;0.00;0.20
madrona;60;1788940504;3;95.10;0.00;4.74;0.03;0.00;0.13
madrona;60;1788940504;4;94.11;0.00;5.64;0.07;0.00;0.18
madrona;60;1788940504;5;94.78;0.00;4.99;0.03;0.00;0.20
madrona;60;1788940504;6;95.20;0.00;4.54;0.05;0.00;0.22
madrona;60;1788940504;7;94.91;0.00;4.79;0.07;0.00;0.23
madrona;60;1788940504;8;94.26;0.00;5.56;0.03;0.00;0.15
madrona;60;1788940504;9;94.78;0.00;5.01;0.03;0.00;0.18
madrona;60;1788940504;10;94.70;0.00;5.08;0.05;0.00;0.17
madrona;60;1788940504;11;94.85;0.00;4.88;0.05;0.00;0.22
madrona;60;1788940504;12;93.44;0.00;6.33;0.07;0.00;0.17
madrona;60;1788940504;13;94.34;0.00;5.46;0.03;0.00;0.17
madrona;60;1788940504;14;95.15;0.00;4.64;0.05;0.00;0.17
madrona;60;1788940504;15;94.63;0.00;5.11;0.03;0.00;0.23
madrona;60;1788940564;-1;94.49;0.00;5.26;0.05;0.00;0.19
madrona;60;1788940564;0;94.58;0.00;5.17;0.05;0.00;0.20
madrona;60;1788940564;1;94.16;0.00;5.64;0.03;0.00;0.17
madrona;60;1788940564;2;94.11;0.00;5.61;0.07;0.00;0.22
madrona;60;1788940564;3;95.14;0.00;4.56;0.05;0.00;0.25
madrona;60;1788940564;4;94.63;0.00;5.12;0.05;0.00;0.20
madrona;60;1788940564;5;93.70;0.00;6.04;0.05;0.00;0.22
madrona;60;1788940564;6;94.39;0.00;5.32;0.07;0.00;0.22
madrona;60;1788940564;7;95.11;0.00;4.68;0.03;0.00;0.18
madrona;60;1788940564;8;94.20;0.00;5.59;0.05;0.02;0.15
madrona;60;1788940564;9;94.36;0.00;5.37;0.07;0.00;0.20
madrona;60;1788940564;10;94.56;0.00;5.22;0.05;0.00;0.17
madrona;60;1788940564;11;95.06;0.00;4.67;0.05;0.00;0.22
madrona;60;1788940564;12;94.01;0.00;5.78;0.03;0.00;0.18
madrona;60;1788940564;13;94.08;0.00;5.74;0.05;0.00;0.13
madrona;60;1788940564;14;94.84;0.00;4.91;0.05;0.00;0.20
madrona;60;1788940564;15;94.95;0.00;4.79;0.07;0.00;0.20
madrona;60;1788940624;-1;94.50;0.00;5.26;0.05;0.00;0.19
madrona;60;1788940624;0;94.61;0.00;5.10;0.07;0.00;0.22
madrona;60;1788940624;1;93.69;0.00;6.02;0.05;0.00;0.23
madrona;60;1788940624;2;94.78;0.00;4.99;0.05;0.00;0.18
madrona;60;1788940624;3;94.73;0.00;5.07;0.05;0.00;0.15
madrona;60;1788940624;4;94.76;0.00;5.02;0.05;0.00;0.17
madrona;60;1788940624;5;94.03;0.00;5.74;0.07;0.00;0.17
madrona;60;1788940624;6;95.01;0.00;4.82;0.03;0.00;0.13
madrona;60;1788940624;7;93.68;0.00;6.11;0.05;0.00;0.17
madrona;60;1788940624;8;95.24;0.00;4.44;0.07;0.00;0.25
madrona;60;1788940624;9;94.44;0.00;5.38;0.03;0.00;0.15
madrona;60;1788940624;10;94.56;0.00;5.19;0.07;0.00;0.18
madrona;60;1788940624;11;94.78;0.00;5.02;0.03;0.00;0.17
madrona;60;1788940624;12;94.78;0.00;4.94;0.05;0.00;0.23
madrona;60;1788940624;13;93.78;0.00;5.99;0.05;0.00;0.18
madrona;60;1788940624;14;94.90;0.00;4.87;0.05;0.00;0.18
madrona;60;1788940624;15;94.20;0.00;5.50;0.05;0.00;0.25
madrona;60;1788940684;-1;94.52;0.00;5.22;0.05;0.00;0.20
madrona;60;1788940684;0;94.11;0.00;5.57;0.07;0.02;0.23
madrona;60;1788940684;1;95.30;0.00;4.38;0.07;0.00;0.25
madrona;60;1788940684;2;94.62;0.00;5.18;0.03;0.00;0.17
madrona;60;1788940684;3;95.46;0.00;4.27;0.05;0.00;0.22
madrona;60;1788940684;4;93.98;0.00;5.73;0.07;0.00;0.22
madrona;60;1788940684;5;94.53;0.00;5.22;0.05;0.00;0.20
madrona;60;1788940684;6;94.45;0.00;5.27;0.07;0.00;0.22
madrona;60;1788940684;7;94.11;0.00;5.66;0.03;0.00;0.20
madrona;60;1788940684;8;94.81;0.00;4.97;0.07;0.00;0.15
madrona;60;1788940684;9;93.98;0.00;5.77;0.03;0.02;0.20
madrona;60;1788940684;10;94.79;0.00;4.97;0.05;0.00;0.18
madrona;60;1788940684;11;94.12;0.00;5.61;0.05;0.00;0.22
madrona;60;1788940684;12;93.78;0.00;5.96;0.07;0.00;0.20
madrona;60;1788940684;13;94.81;0.00;4.97;0.05;0.00;0.17
madrona;60;1788940684;14;94.96;0.00;4.77;0.05;0.00;0.22
madrona;60;1788940684;15;94.55;0.00;5.19;0.05;0.00;0.22
madrona;60;1788940744;-1;94.56;0.00;5.18;0.06;0.00;0.21
madrona;60;1788940744;0;94.04;0.00;5.67;0.08;0.00;0.20
madrona;60;1788940744;1;94.86;0.00;4.88;0.05;0.00;0.20
madrona;60;1788940744;2;94.95;0.00;4.79;0.07;0.00;0.20
madrona;60;1788940744;3;94.35;0.00;5.37;0.05;0.00;0.23
madrona;60;1788940744;4;94.59;0.00;5.17;0.05;0.00;0.18
madrona;60;1788940744;5;94.43;0.00;5.27;0.05;0.00;0.25
madrona;60;1788940744;6;94.01;0.00;5.69;0.07;0.00;0.23
madrona;60;1788940744;7;95.18;0.00;4.57;0.05;0.00;0.20
madrona;60;1788940744;8;94.45;0.00;5.34;0.03;0.00;0.18
madrona;60;1788940744;9;94.35;0.00;5.42;0.05;0.00;0.18
madrona;60;1788940744;10;94.70;0.00;5.03;0.05;0.00;0.22
madrona;60;1788940744;11;93.95;0.00;5.79;0.07;0.00;0.20
madrona;60;1788940744;12;94.91;0.00;4.87;0.05;0.00;0.17
madrona;60;1788940744;13;95.08;0.00;4.64;0.05;0.00;0.23
madrona;60;1788940744;14;94.41;0.00;5.29;0.05;0.00;0.25
madrona;60;1788940744;15;94.73;0.00;5.04;0.07;0.00;0.17
madrona;60;1788940804;-1;94.54;0.00;5.21;0.06;0.00;0.19
madrona;60;1788940804;0;94.68;0.00;5.09;0.05;0.00;0.18
madrona;60;1788940804;1;94.66;0.00;5.12;0.05;0.00;0.17
madrona;60;1788940804;2;94.31;0.00;5.44;0.07;0.00;0.18
madrona;60;1788940804;3;93.94;0.00;5.77;0.07;0.00;0.22
madrona;60;1788940804;4;94.82;0.00;4.92;0.03;0.02;0.20
madrona;60;1788940804;5;94.69;0.00;5.04;0.07;0.00;0.20
madrona;60;1788940804;6;93.84;0.00;5.89;0.05;0.00;0.22
madrona;60;1788940804;7;95.65;0.00;4.12;0.05;0.00;0.18
madrona;60;1788940804;8;95.21;0.00;4.56;0.05;0.00;0.18
madrona;60;1788940804;9;94.46;0.00;5.27;0.07;0.00;0.20
madrona;60;1788940804;10;94.24;0.00;5.46;0.08;0.00;0.22
madrona;60;1788940804;11;94.73;0.00;5.02;0.05;0.00;0.20
madrona;60;1788940804;12;95.01;0.00;4.72;0.07;0.00;0.20
madrona;60;1788940804;13;94.35;0.00;5.44;0.05;0.00;0.17
madrona;60;1788940804;14;94.15;0.00;5.62;0.05;0.00;0.18
madrona;60;1788940804;15;93.90;0.00;5.87;0.05;0.00;0.18
madrona;60;1788940864;-1;94.55;0.00;5.22;0.05;0.00;0.19
madrona;60;1788940864;0;94.15;0.00;5.65;0.05;0.00;0.15
madrona;60;1788940864;1;94.73;0.00;5.02;0.03;0.00;0.22
madrona;60;1788940864;2;94.46;0.00;5.29;0.05;0.00;0.20
madrona;60;1788940864;3;94.30;0.00;5.47;0.05;0.00;0.18
madrona;60;1788940864;4;94.03;0.00;5.67;0.05;0.00;0.25
madrona;60;1788940864;5;93.76;0.00;6.01;0.05;0.00;0.18
madrona;60;1788940864;6;94.36;0.00;5.41;0.05;0.00;0.18
madrona;60;1788940864;7;95.13;0.00;4.64;0.05;0.00;0.18
madrona;60;1788940864;8;94.58;0.00;5.15;0.05;0.02;0.20
madrona;60;1788940864;9;95.15;0.00;4.59;0.08;0.00;0.18
madrona;60;1788940864;10;94.93;0.00;4.90;0.03;0.00;0.13
madrona;60;1788940864;11;94.45;0.00;5.35;0.05;0.00;0.15
madrona;60;1788940864;12;94.43;0.00;5.24;0.08;0.00;0.25
madrona;60;1788940864;13;94.08;0.00;5.70;0.05;0.00;0.17
madrona;60;1788940864;14;94.78;0.00;5.01;0.05;0.00;0.17
madrona;60;1788940864;15;95.43;0.00;4.35;0.03;0.00;0.18
madrona;60;1788940924;-1;94.54;0.00;5.21;0.05;0.00;0.20
madrona;60;1788940924;0;95.59;0.00;4.16;0.05;0.00;0.20
madrona;60;1788940924;1;93.42;0.00;6.30;0.07;0.00;0.22
madrona;60;1788940924;2;94.74;0.00;5.01;0.05;0.00;0.20
madrona;60;1788940924;3;94.15;0.00;5.64;0.05;0.00;0.17
madrona;60;1788940924;4;94.23;0.00;5.52;0.03;0.00;0.22
madrona;60;1788940924;5;94.75;0.00;5.00;0.03;0.00;0.22
madrona;60;1788940924;6;94.66;0.00;5.14;0.03;0.00;0.17
madrona;60;1788940924;7;94.96;0.00;4.84;0.03;0.00;0.17
madrona;60;1788940924;8;95.33;0.00;4.45;0.05;0.00;0.17
madrona;60;1788940924;9;94.16;0.00;5.57;0.05;0.00;0.22
madrona;60;1788940924;10;94.83;0.00;4.88;0.07;0.00;0.22
madrona;60;1788940924;11;93.93;0.00;5.82;0.05;0.00;0.20
madrona;60;1788940924;12;94.91;0.00;4.81;0.07;0.00;0.22
madrona;60;1788940924;13;93.64;0.00;6.09;0.07;0.00;0.20
madrona;60;1788940924;14;94.68;0.00;5.10;0.03;0.00;0.18
madrona;60;1788940924;15;94.65;0.00;5.10;0.05;0.00;0.20
madrona;60;1788940984;-1;94.53;0.00;5.22;0.06;0.00;0.19
madrona;60;1788940984;0;93.63;0.00;6.14;0.05;0.00;0.18
madrona;60;1788940984;1;93.71;0.00;6.09;0.03;0.00;0.17
madrona;60;1788940984;2;93.54;0.00;6.18;0.05;0.00;0.23
madrona;60;1788940984;3;94.89;0.00;4.87;0.05;0.00;0.18
madrona;60;1788940984;4;95.19;0.00;4.49;0.07;0.00;0.25
madrona;60;1788940984;5;94.20;0.00;5.57;0.05;0.00;0.18
madrona;60;1788940984;6;94.80;0.00;4.92;0.08;0.00;0.20
madrona;60;1788940984;7;94.56;0.00;5.22;0.05;0.00;0.17
madrona;60;1788940984;8;94.01;0.00;5.76;0.05;0.00;0.18
madrona;60;1788940984;9;94.76;0.00;5.00;0.07;0.00;0.17
madrona;60;1788940984;10;93.93;0.00;5.82;0.07;0.00;0.18
madrona;60;1788940984;11;95.41;0.00;4.37;0.05;0.02;0.15
madrona;60;1788940984;12;95.83;0.00;3.92;0.05;0.00;0.20
madrona;60;1788940984;13;93.74;0.00;6.01;0.05;0.00;0.20
madrona;60;1788940984;14;94.79;0.00;4.94;0.07;0.00;0.20
madrona;60;1788940984;15;95.53;0.00;4.24;0.05;0.00;0.18
madrona;60;1788941044;-1;94.61;0.00;5.14;0.06;0.00;0.19
madrona;60;1788941044;0;94.03;0.00;5.70;0.07;0.02;0.18
madrona;60;1788941044;1;94.73;0.00;5.01;0.07;0.00;0.20
madrona;60;1788941044;2;94.40;0.00;5.34;0.05;0.00;0.22
madrona;60;1788941044;3;94.26;0.00;5.47;0.07;0.00;0.20
madrona;60;1788941044;4;94.51;0.00;5.29;0.05;0.00;0.15
madrona;60;1788941044;5;95.12;0.00;4.56;0.07;0.00;0.25
madrona;60;1788941044;6;94.07;0.00;5.66;0.05;0.00;0.22
madrona;60;1788941044;7;95.25;0.00;4.59;0.02;0.00;0.15
madrona;60;1788941044;8;94.43;0.00;5.32;0.07;0.00;0.18
madrona;60;1788941044;9;95.13;0.00;4.60;0.07;0.00;0.20
madrona;60;1788941044;10;94.51;0.00;5.21;0.07;0.00;0.22
madrona;60;1788941044;11;94.98;0.00;4.79;0.05;0.00;0.18
madrona;60;1788941044;12;94.66;0.00;5.14;0.05;0.00;0.15
madrona;60;1788941044;13;94.51;0.00;5.26;0.03;0.00;0.20
madrona;60;1788941044;14;94.38;0.00;5.39;0.05;0.00;0.18
madrona;60;1788941044;15;94.84;0.00;4.92;0.07;0.00;0.17
madrona;60;1788941104;-1;94.60;0.00;5.16;0.05;0.00;0.19
madrona;60;1788941104;0;93.89;0.00;5.88;0.05;0.00;0.18
madrona;60;1788941104;1;95.03;0.00;4.81;0.03;0.00;0.13
madrona;60;1788941104;2;94.54;0.00;5.27;0.05;0.00;0.13
madrona;60;1788941104;3;94.78;0.00;5.02;0.05;0.00;0.15
madrona;60;1788941104;4;94.31;0.00;5.44;0.05;0.00;0.20
madrona;60;1788941104;5;95.23;0.00;4.47;0.07;0.00;0.23
madrona;60;1788941104;6;94.79;0.00;4.96;0.03;0.00;0.22
madrona;60;1788941104;7;94.63;0.00;5.10;0.05;0.00;0.22
madrona;60;1788941104;8;94.00;0.00;5.74;0.07;0.00;0.20
madrona;60;1788941104;9;94.61;0.00;5.16;0.05;0.00;0.18
madrona;60;1788941104;10;93.63;0.00;6.13;0.03;0.00;0.20
madrona;60;1788941104;11;95.26;0.00;4.52;0.05;0.00;0.17
madrona;60;1788941104;12;94.41;0.00;5.30;0.05;0.00;0.23
madrona;60;1788941104;13;95.37;0.00;4.34;0.03;0.00;0.25
madrona;60;1788941104;14;94.81;0.00;4.92;0.07;0.00;0.20
madrona;60;1788941104;15;94.31;0.00;5.44;0.05;0.00;0.20
madrona;60;1788941164;-1;94.61;0.00;5.13;0.05;0.00;0.21
madrona;60;1788941164;0;95.42;0.00;4.34;0.05;0.00;0.18
madrona;60;1788941164;1;94.66;0.00;5.05;0.05;0.00;0.23
madrona;60;1788941164;2;94.38;0.00;5.34;0.05;0.00;0.23
madrona;60;1788941164;3;94.49;0.00;5.26;0.05;0.00;0.20
madrona;60;1788941164;4;94.43;0.00;5.27;0.05;0.00;0.25
madrona;60;1788941164;5;94.89;0.00;4.89;0.05;0.00;0.17
madrona;60;1788941164;6;94.29;0.00;5.41;0.07;0.00;0.23
madrona;60;1788941164;7;94.41;0.00;5.39;0.03;0.00;0.17
madrona;60;1788941164;8;95.15;0.00;4.69;0.03;0.02;0.12
madrona;60;1788941164;9;94.21;0.00;5.47;0.07;0.00;0.25
madrona;60;1788941164;10;94.67;0.00;5.01;0.07;0.00;0.25
madrona;60;1788941164;11;94.53;0.00;5.27;0.03;0.00;0.17
madrona;60;1788941164;12;95.28;0.00;4.45;0.05;0.00;0.22
madrona;60;1788941164;13;94.03;0.00;5.72;0.05;0.00;0.20
madrona;60;1788941164;14;94.53;0.00;5.22;0.05;0.00;0.20
madrona;60;1788941164;15;94.40;0.00;5.34;0.05;0.00;0.22
madrona;60;1788941224;-1;94.50;0.00;5.25;0.05;0.00;0.20
madrona;60;1788941224;0;94.61;0.00;5.15;0.05;0.00;0.18
madrona;60;1788941224;1;94.15;0.00;5.57;0.05;0.00;0.23
madrona;60;1788941224;2;94.55;0.00;5.22;0.05;0.00;0.18
madrona;60;1788941224;3;95.33;0.00;4.46;0.03;0.00;0.18
madrona;60;1788941224;4;94.19;0.00;5.56;0.05;0.00;0.20
madrona;60;1788941224;5;95.03;0.00;4.73;0.03;0.00;0.20
madrona;60;1788941224;6;94.63;0.00;5.09;0.05;0.00;0.23
madrona;60;1788941224;7;94.78;0.00;5.04;0.03;0.00;0.15
madrona;60;1788941224;8;93.78;0.00;5.91;0.05;0.00;0.27
madrona;60;1788941224;9;92.55;0.00;7.15;0.05;0.00;0.25
madrona;60;1788941224;10;94.36;0.00;5.37;0.07;0.00;0.20
madrona;60;1788941224;11;94.81;0.00;4.99;0.05;0.00;0.15
madrona;60;1788941224;12;95.06;0.00;4.72;0.03;0.00;0.18
madrona;60;1788941224;13;94.28;0.00;5.42;0.07;0.00;0.23
madrona;60;1788941224;14;95.03;0.00;4.74;0.03;0.00;0.20
madrona;60;1788941224;15;94.90;0.00;4.84;0.05;0.00;0.22
madrona;60;1788941284;-1;94.56;0.00;5.19;0.05;0.00;0.20
madrona;60;1788941284;0;94.84;0.00;4.89;0.03;0.00;0.23
madrona;60;1788941284;1;93.68;0.00;6.07;0.05;0.00;0.20
madrona;60;1788941284;2;94.60;0.00;5.17;0.05;0.00;0.18
madrona;60;1788941284;3;94.59;0.00;5.17;0.03;0.00;0.20
madrona;60;1788941284;4;94.78;0.00;4.94;0.07;0.00;0.22
madrona;60;1788941284;5;95.43;0.00;4.35;0.05;0.00;0.17
madrona;60;1788941284;6;94.68;0.00;5.07;0.07;0.00;0.18
madrona;60;1788941284;7;94.31;0.00;5.41;0.05;0.00;0.23
madrona;60;1788941284;8;94.41;0.00;5.36;0.03;0.00;0.20
madrona;60;1788941284;9;94.34;0.00;5.39;0.05;0.00;0.22
madrona;60;1788941284;10;93.81;0.00;5.96;0.03;0.00;0.20
madrona;60;1788941284;11;95.13;0.00;4.59;0.05;0.00;0.23
madrona;60;1788941284;12;94.06;0.00;5.69;0.05;0.00;0.20
madrona;60;1788941284;13;95.40;0.00;4.35;0.05;0.00;0.20
madrona;60;1788941284;14;94.63;0.00;5.14;0.05;0.00;0.18
madrona;60;1788941284;15;94.25;0.00;5.45;0.10;0.00;0.20
madrona;60;1788941344;-1;94.50;0.00;5.24;0.05;0.00;0.21
madrona;60;1788941344;0;95.01;0.00;4.68;0.07;0.00;0.25
madrona;60;1788941344;1;94.36;0.00;5.34;0.07;0.00;0.23
madrona;60;1788941344;2;95.42;0.00;4.33;0.05;0.00;0.20
madrona;60;1788941344;3;94.29;0.00;5.44;0.05;0.00;0.22
madrona;60;1788941344;4;94.07;0.00;5.69;0.03;0.00;0.20
madrona;60;1788941344;5;95.40;0.00;4.33;0.07;0.00;0.20
madrona;60;1788941344;6;94.51;0.00;5.21;0.07;0.00;0.22
madrona;60;1788941344;7;94.70;0.00;5.07;0.05;0.00;0.18
madrona;60;1788941344;8;94.93;0.00;4.82;0.05;0.00;0.20
madrona;60;1788941344;9;91.15;0.00;8.59;0.05;0.00;0.20
madrona;60;1788941344;10;95.09;0.00;4.64;0.07;0.00;0.20
madrona;60;1788941344;11;95.18;0.00;4.57;0.07;0.00;0.18
madrona;60;1788941344;12;93.81;0.00;5.96;0.05;0.00;0.18
madrona;60;1788941344;13;94.99;0.00;4.72;0.05;0.00;0.23
madrona;60;1788941344;14;94.86;0.00;4.90;0.03;0.00;0.20
madrona;60;1788941344;15;94.18;0.00;5.51;0.05;0.00;0.27
madrona;60;1788941404;-1;94.49;0.00;5.23;0.06;0.00;0.21
madrona;60;1788941404;0;94.91;0.00;4.89;0.03;0.02;0.15
madrona;60;1788941404;1;94.33;0.00;5.39;0.05;0.00;0.23
madrona;60;1788941404;2;94.70;0.00;5.07;0.05;0.00;0.18
madrona;60;1788941404;3;93.83;0.00;5.91;0.07;0.00;0.20
madrona;60;1788941404;4;94.89;0.00;4.82;0.05;0.00;0.23
madrona;60;1788941404;5;94.98;0.00;4.76;0.05;0.00;0.22
madrona;60;1788941404;6;93.78;0.00;5.92;0.07;0.00;0.23
madrona;60;1788941404;7;94.58;0.00;5.14;0.07;0.00;0.22
madrona;60;1788941404;8;94.81;0.00;4.92;0.05;0.02;0.20
madrona;60;1788941404;9;94.81;0.00;4.97;0.05;0.00;0.17
madrona;60;1788941404;10;94.26;0.00;5.42;0.07;0.00;0.25
madrona;60;1788941404;11;94.50;0.00;5.15;0.05;0.00;0.30
madrona;60;1788941404;12;94.48;0.00;5.29;0.05;0.00;0.18
madrona;60;1788941404;13;95.35;0.00;4.40;0.07;0.00;0.18
madrona;60;1788941404;14;93.41;0.00;6.22;0.07;0.00;0.30
madrona;60;1788941404;15;94.30;0.00;5.45;0.05;0.02;0.18
madrona;60;1788941464;-1;94.58;0.00;5.16;0.05;0.00;0.21
madrona;60;1788941464;0;94.98;0.00;4.72;0.07;0.00;0.23
madrona;60;1788941464;1;94.63;0.00;5.04;0.07;0.00;0.27
madrona;60;1788941464;2;94.34;0.00;5.36;0.07;0.00;0.23
madrona;60;1788941464;3;94.93;0.00;4.84;0.05;0.00;0.18
madrona;60;1788941464;4;94.56;0.00;5.19;0.05;0.00;0.20
madrona;60;1788941464;5;95.16;0.00;4.64;0.03;0.00;0.17
madrona;60;1788941464;6;94.80;0.00;4.92;0.05;0.00;0.23
madrona;60;1788941464;7;94.71;0.00;5.07;0.03;0.00;0.18
madrona;60;1788941464;8;94.15;0.00;5.67;0.03;0.00;0.15
madrona;60;1788941464;9;94.63;0.00;5.09;0.07;0.00;0.22
madrona;60;1788941464;10;94.81;0.00;4.94;0.07;0.00;0.18
madrona;60;1788941464;11;93.88;0.00;5.82;0.07;0.00;0.23
madrona;60;1788941464;12;93.95;0.00;5.77;0.07;0.00;0.22
madrona;60;1788941464;13;94.99;0.00;4.74;0.05;0.00;0.22
madrona;60;1788941464;14;93.44;0.00;6.29;0.03;0.00;0.23
madrona;60;1788941464;15;95.30;0.00;4.44;0.05;0.00;0.22
madrona;60;1788941524;-1;94.56;0.00;5.17;0.05;0.00;0.22
madrona;60;1788941524;0;94.25;0.00;5.49;0.07;0.00;0.20
madrona;60;1788941524;1;93.94;0.00;5.83;0.03;0.00;0.20
madrona;60;1788941524;2;94.14;0.00;5.61;0.05;0.00;0.20
madrona;60;1788941524;3;94.72;0.00;5.01;0.05;0.00;0.22
madrona;60;1788941524;4;94.61;0.00;5.09;0.05;0.00;0.25
madrona;60;1788941524;5;94.94;0.00;4.71;0.07;0.00;0.28
madrona;60;1788941524;6;94.03;0.00;5.72;0.05;0.00;0.20
madrona;60;1788941524;7;95.30;0.00;4.44;0.05;0.00;0.22
madrona;60;1788941524;8;95.21;0.00;4.57;0.03;0.00;0.18
madrona;60;1788941524;9;94.29;0.00;5.44;0.07;0.00;0.20
madrona;60;1788941524;10;94.60;0.00;5.14;0.05;0.00;0.22
madrona;60;1788941524;11;93.94;0.00;5.80;0.05;0.00;0.20
madrona;60;1788941524;12;94.26;0.00;5.49;0.05;0.00;0.20
madrona;60;1788941524;13;95.11;0.00;4.59;0.07;0.00;0.23
madrona;60;1788941524;14;94.55;0.00;5.09;0.07;0.00;0.30
madrona;60;1788941524;15;95.13;0.00;4.64;0.05;0.00;0.18
madrona;60;1788941584;-1;94.42;0.00;5.32;0.05;0.00;0.21
madrona;60;1788941584;0;95.04;0.00;4.69;0.05;0.00;0.22
madrona;60;1788941584;1;94.13;0.00;5.60;0.07;0.00;0.20
madrona;60;1788941584;2;94.63;0.00;5.09;0.07;0.00;0.22
madrona;60;1788941584;3;94.41;0.00;5.32;0.05;0.00;0.22
madrona;60;1788941584;4;94.18;0.00;5.52;0.05;0.00;0.25
madrona;60;1788941584;5;94.83;0.00;4.95;0.05;0.00;0.17
madrona;60;1788941584;6;94.68;0.00;5.02;0.05;0.00;0.25
madrona;60;1788941584;7;94.64;0.00;5.11;0.03;0.00;0.22
madrona;60;1788941584;8;94.43;0.00;5.32;0.05;0.00;0.20
madrona;60;1788941584;9;94.30;0.00;5.45;0.05;0.00;0.20
madrona;60;1788941584;10;93.75;0.00;6.00;0.03;0.00;0.22
madrona;60;1788941584;11;94.63;0.00;5.12;0.03;0.00;0.22
madrona;60;1788941584;12;93.91;0.00;5.84;0.05;0.00;0.20
madrona;60;1788941584;13;94.03;0.00;5.67;0.07;0.00;0.23
madrona;60;1788941584;14;94.88;0.00;4.92;0.05;0.00;0.15
madrona;60;1788941584;15;94.33;0.00;5.42;0.03;0.00;0.22
madrona;60;1788941644;-1;94.50;0.00;5.23;0.05;0.00;0.22
madrona;60;1788941644;0;94.18;0.00;5.51;0.05;0.00;0.27
madrona;60;1788941644;1;94.69;0.00;5.04;0.03;0.00;0.23
madrona;60;1788941644;2;93.88;0.00;5.89;0.05;0.00;0.18
madrona;60;1788941644;3;94.61;0.00;5.12;0.07;0.00;0.20
madrona;60;1788941644;4;94.26;0.00;5.44;0.07;0.00;0.23
madrona;60;1788941644;5;94.76;0.00;4.97;0.05;0.00;0.22
madrona;60;1788941644;6;94.17;0.00;5.49;0.07;0.00;0.27
madrona;60;1788941644;7;94.09;0.00;5.66;0.05;0.00;0.20
madrona;60;1788941644;8;94.24;0.00;5.47;0.07;0.00;0.22
madrona;60;1788941644;9;94.71;0.00;5.02;0.07;0.00;0.20
madrona;60;1788941644;10;94.56;0.00;5.17;0.05;0.00;0.22
madrona;60;1788941644;11;95.20;0.00;4.55;0.05;0.00;0.20
madrona;60;1788941644;12;94.46;0.00;5.25;0.05;0.00;0.23
madrona;60;1788941644;13;95.01;0.00;4.72;0.05;0.00;0.22
madrona;60;1788941644;14;94.27;0.00;5.47;0.05;0.00;0.20
madrona;60;1788941644;15;94.81;0.00;4.94;0.05;0.00;0.20
madrona;60;1788941704;-1;94.55;0.00;5.20;0.05;0.00;0.20
madrona;60;1788941704;0;93.91;0.00;5.91;0.05;0.00;0.13
madrona;60;1788941704;1;94.81;0.00;4.94;0.03;0.00;0.22
madrona;60;1788941704;2;93.93;0.00;5.80;0.05;0.00;0.22
madrona;60;1788941704;3;95.44;0.00;4.29;0.03;0.00;0.23
madrona;60;1788941704;4;94.56;0.00;5.21;0.03;0.00;0.20
madrona;60;1788941704;5;94.48;0.00;5.27;0.05;0.00;0.20
madrona;60;1788941704;6;95.66;0.00;4.11;0.03;0.00;0.20
madrona;60;1788941704;7;94.17;0.00;5.54;0.05;0.00;0.23
madrona;60;1788941704;8;94.39;0.00;5.36;0.03;0.02;0.20
madrona;60;1788941704;9;94.51;0.00;5.27;0.03;0.00;0.18
madrona;60;1788941704;10;93.91;0.00;5.86;0.03;0.00;0.20
madrona;60;1788941704;11;94.90;0.00;4.87;0.05;0.00;0.18
madrona;60;1788941704;12;94.54;0.00;5.14;0.08;0.00;0.23
madrona;60;1788941704;13;94.73;0.00;5.02;0.05;0.00;0.20
madrona;60;1788941704;14;95.75;0.00;4.00;0.05;0.00;0.20
madrona;60;1788941704;15;93.07;0.00;6.64;0.07;0.00;0.22
madrona;60;1788941764;-1;94.51;0.00;5.23;0.05;0.00;0.21
madrona;60;1788941764;0;94.99;0.00;4.71;0.07;0.02;0.22
madrona;60;1788941764;1;94.05;0.00;5.77;0.03;0.00;0.15
madrona;60;1788941764;2;94.51;0.00;5.17;0.05;0.00;0.27
madrona;60;1788941764;3;94.59;0.00;5.12;0.05;0.00;0.23
madrona;60;1788941764;4;94.26;0.00;5.51;0.05;0.00;0.18
madrona;60;1788941764;5;94.44;0.00;5.24;0.07;0.00;0.25
madrona;60;1788941764;6;94.18;0.00;5.58;0.05;0.02;0.17
madrona;60;1788941764;7;93.95;0.00;5.79;0.05;0.00;0.22
madrona;60;1788941764;8;95.21;0.00;4.56;0.05;0.00;0.18
madrona;60;1788941764;9;93.94;0.00;5.81;0.07;0.00;0.18
madrona;60;1788941764;10;94.89;0.00;4.91;0.03;0.00;0.17
madrona;60;1788941764;11;94.34;0.00;5.37;0.07;0.00;0.22
madrona;60;1788941764;12;94.81;0.00;4.94;0.05;0.00;0.20
madrona;60;1788941764;13;94.64;0.00;5.02;0.07;0.00;0.27
madrona;60;1788941764;14;94.84;0.00;4.87;0.07;0.00;0.22
madrona;60;1788941764;15;94.49;0.00;5.27;0.03;0.00;0.20
madrona;60;1788941824;-1;94.56;0.00;5.19;0.05;0.00;0.20
madrona;60;1788941824;0;94.66;0.00;5.05;0.05;0.00;0.23
madrona;60;1788941824;1;95.09;0.00;4.67;0.07;0.00;0.17
madrona;60;1788941824;2;94.26;0.00;5.49;0.05;0.00;0.20
madrona;60;1788941824;3;94.99;0.00;4.74;0.03;0.00;0.23
madrona;60;1788941824;4;94.41;0.00;5.37;0.03;0.00;0.18
madrona;60;1788941824;5;94.91;0.00;4.87;0.03;0.00;0.18
madrona;60;1788941824;6;94.20;0.00;5.54;0.05;0.00;0.22
madrona;60;1788941824;7;94.64;0.00;5.11;0.05;0.00;0.20
madrona;60;1788941824;8;94.15;0.00;5.59;0.05;0.00;0.22
madrona;60;1788941824;9;94.26;0.00;5.47;0.07;0.00;0.20
madrona;60;1788941824;10;94.35;0.00;5.42;0.05;0.00;0.18
madrona;60;1788941824;11;94.70;0.00;5.09;0.05;0.00;0.17
madrona;60;1788941824;12;95.01;0.00;4.72;0.07;0.00;0.20
madrona;60;1788941824;13;94.53;0.00;5.19;0.05;0.00;0.23
madrona;60;1788941824;14;94.43;0.00;5.39;0.05;0.00;0.13
madrona;60;1788941824;15;94.38;0.00;5.35;0.05;0.00;0.22
madrona;60;1788941884;-1;94.57;0.00;5.17;0.05;0.00;0.20
madrona;60;1788941884;0;94.73;0.00;5.02;0.03;0.00;0.22
madrona;60;1788941884;1;94.34;0.00;5.43;0.05;0.00;0.18
madrona;60;1788941884;2;94.34;0.00;5.33;0.07;0.00;0.27
madrona;60;1788941884;3;94.38;0.00;5.40;0.05;0.00;0.17
madrona;60;1788941884;4;94.80;0.00;5.00;0.05;0.00;0.15
madrona;60;1788941884;5;94.54;0.00;5.19;0.05;0.00;0.22
madrona;60;1788941884;6;94.40;0.00;5.37;0.05;0.00;0.18
madrona;60;1788941884;7;94.34;0.00;5.41;0.05;0.00;0.20
madrona;60;1788941884;8;94.40;0.00;5.27;0.08;0.00;0.25
madrona;60;1788941884;9;94.09;0.00;5.66;0.07;0.00;0.18
madrona;60;1788941884;10;94.49;0.00;5.19;0.07;0.00;0.25
madrona;60;1788941884;11;94.29;0.00;5.39;0.03;0.00;0.28
madrona;60;1788941884;12;95.36;0.00;4.44;0.05;0.00;0.15
madrona;60;1788941884;13;95.09;0.00;4.62;0.05;0.00;0.23
madrona;60;1788941884;14;94.43;0.00;5.37;0.05;0.00;0.15
madrona;60;1788941884;15;95.07;0.00;4.70;0.05;0.00;0.18
madrona;60;1788941944;-1;94.60;0.00;5.15;0.05;0.00;0.20
madrona;60;1788941944;0;94.11;0.00;5.62;0.07;0.00;0.20
madrona;60;1788941944;1;94.49;0.00;5.31;0.03;0.00;0.17
madrona;60;1788941944;2;94.53;0.00;5.17;0.05;0.02;0.23
madrona;60;1788941944;3;94.61;0.00;5.15;0.03;0.00;0.20
madrona;60;1788941944;4;94.28;0.00;5.47;0.05;0.00;0.20
madrona;60;1788941944;5;94.64;0.00;5.12;0.03;0.00;0.20
madrona;60;1788941944;6;94.68;0.00;5.06;0.03;0.00;0.23
madrona;60;1788941944;7;94.74;0.00;5.04;0.03;0.00;0.18
madrona;60;1788941944;8;94.49;0.00;5.21;0.07;0.00;0.23
madrona;60;1788941944;9;94.08;0.00;5.62;0.05;0.00;0.25
madrona;60;1788941944;10;95.33;0.00;4.46;0.05;0.00;0.17
madrona;60;1788941944;11;94.83;0.00;4.94;0.03;0.00;0.20
madrona;60;1788941944;12;94.88;0.00;4.84;0.05;0.00;0.23
madrona;60;1788941944;13;94.88;0.00;4.82;0.08;0.00;0.22
madrona;60;1788941944;14;94.23;0.00;5.54;0.05;0.00;0.18
madrona;60;1788941944;15;94.71;0.00;5.07;0.05;0.00;0.17
madrona;60;1788942004;-1;94.51;0.00;5.23;0.05;0.00;0.21
madrona;60;1788942004;0;95.04;0.00;4.71;0.07;0.00;0.18
madrona;60;1788942004;1;93.81;0.00;5.94;0.03;0.00;0.22
madrona;60;1788942004;2;94.97;0.00;4.73;0.05;0.00;0.25
madrona;60;1788942004;3;94.69;0.00;5.04;0.07;0.00;0.20
madrona;60;1788942004;4;94.36;0.00;5.44;0.03;0.00;0.17
madrona;60;1788942004;5;94.78;0.00;4.94;0.07;0.00;0.22
madrona;60;1788942004;6;94.80;0.00;5.00;0.03;0.00;0.17
madrona;60;1788942004;7;93.81;0.00;5.89;0.07;0.00;0.23
madrona;60;1788942004;8;94.84;0.00;4.92;0.03;0.02;0.18
madrona;60;1788942004;9;93.98;0.00;5.79;0.05;0.00;0.18
madrona;60;1788942004;10;94.56;0.00;5.19;0.05;0.00;0.20
madrona;60;1788942004;11;94.42;0.00;5.24;0.08;0.00;0.25
madrona;60;1788942004;12;94.89;0.00;4.90;0.03;0.00;0.17
madrona;60;1788942004;13;94.81;0.00;4.94;0.05;0.00;0.20
madrona;60;1788942004;14;94.76;0.00;4.97;0.07;0.00;0.20
madrona;60;1788942004;15;93.66;0.00;6.02;0.05;0.00;0.27
