# hostname;interval;timestamp;kbmemfree;kbavail;kbmemused;%memused;kbbuffers;kbcached;kbcommit;%commit;kbactive;kbinact;kbdirty
madrona;60;1789237388;1457696;89078112;3959844;3.04;13580;123393380;38267464;29.35;14069532;110883380;192896
madrona;60;1789237448;1080504;89513804;4296052;3.29;9732;123438344;38427840;29.47;79667272;45416996;145020
madrona;60;1789237508;1305316;89373712;4415684;3.39;7356;123096752;38448440;29.48;7173284;117602956;205524
madrona;60;1789237568;1831372;89280416;4505992;3.46;5960;122479852;38458780;29.49;23135600;101015008;126516
madrona;60;1789237628;1845292;89181508;4626556;3.55;6244;122345208;38465812;29.50;23142568;100875476;195080
madrona;60;1789237688;1523340;88136244;4730520;3.63;5776;122564228;38459768;29.49;87854792;36386132;201228
madrona;60;1789237748;1085592;88074688;4791932;3.67;5748;122939076;38465640;29.50;30263852;94354752;178692
madrona;60;1789237808;1420124;87885536;4981448;3.82;6028;122415352;38689308;29.67;13949844;110204076;190648
madrona;60;1789237868;1456840;87971192;4896644;3.75;6276;122464556;38473196;29.50;13892376;110249360;139060
madrona;60;1789237928;873344;88874840;4932280;3.78;5648;123011616;38462504;29.49;6761140;117918820;195924
madrona;60;1789237988;881544;88886640;4922628;3.77;5736;123014596;38461716;29.49;71041568;53637988;201784
madrona;60;1789238048;965284;88826260;4983048;3.82;5840;122870836;38472204;29.50;72210800;52337680;251724
madrona;60;1789238108;964480;88823724;4985720;3.82;5944;122868544;38467488;29.50;23265108;101276848;237184
madrona;60;1789238168;909552;88801328;5006552;3.84;5752;122903180;38468984;29.50;30205004;94365824;228108
madrona;60;1789238228;821584;88590988;5013068;3.84;6488;122983768;38467116;29.50;95293516;29362704;177940
madrona;60;1789238288;1242436;88718772;5057664;3.88;6576;122518192;38457344;29.49;13829668;110349988;207228
madrona;60;1789238348;947116;88753340;5056424;3.88;6676;122815100;38466092;29.50;14591780;109894808;195604
madrona;60;1789238408;1677824;88736868;5072112;3.89;6768;122067920;38461496;29.49;6687296;117047728;173268
madrona;60;1789238468;897576;88719740;5088404;3.90;7556;122830948;38465456;29.50;70532840;53966056;177552
madrona;60;1789238528;758712;88722684;5086064;3.90;6172;122973664;38465576;29.50;23355076;101283928;161388
madrona;60;1789238588;1029288;88694160;5114832;3.92;6160;122674472;38467612;29.50;23363196;100983160;169120
madrona;60;1789238648;895780;88684328;5124036;3.93;4500;122799864;38468388;29.50;30258256;94212688;176892
madrona;60;1789238708;725272;88703040;5106032;3.92;4604;122988576;38458328;29.49;13952536;110696512;249556
madrona;60;1789238768;900724;88688880;5119760;3.93;4712;122799332;38473516;29.50;13970484;110501912;235164
madrona;60;1789238828;1042964;88689876;5119048;3.93;4836;122658200;38457152;29.49;78170032;46150144;237892
madrona;60;1789238888;718244;88671932;5137552;3.94;5112;122963976;38462924;29.49;6766984;117863236;244396
madrona;60;1789238948;840132;88687344;5122288;3.93;5088;122857588;38461868;29.49;23184044;101340752;196304
madrona;60;1789239008;724972;88660756;5148012;3.95;5892;122946204;38463424;29.50;23194116;101417304;204924
madrona;60;1789239068;885432;88642964;5165140;3.96;5296;122768988;38471480;29.50;88716524;35727864;229960
madrona;60;1789239128;1127776;88655500;5149664;3.95;5028;122542368;38467100;29.50;30289268;93925544;166648
madrona;60;1789239188;827192;88586372;5181912;3.97;4748;122810776;38469684;29.50;13709760;110768848;153264
madrona;60;1789239248;974688;88665060;5144600;3.95;12512;122686428;38463280;29.50;71569252;52794460;262032
madrona;60;1789239308;1019560;88628644;5180500;3.97;11448;122608564;38464424;29.50;76884420;47422504;247868
madrona;60;1789239368;810632;88642540;5167268;3.96;6816;122837108;38462392;29.49;6851244;117662732;367768
madrona;60;1789239428;831568;88643636;5165792;3.96;4424;122822296;38464352;29.50;23237460;101254336;276608
madrona;60;1789239488;846512;88590616;5218508;4.00;5440;122754276;38464688;29.50;23261516;101166576;244732
madrona;60;1789239548;882852;88635388;5174052;3.97;5140;122761976;38466196;29.50;30355668;94079040;218080
madrona;60;1789239608;1136180;88635144;5161892;3.96;5332;122520812;38465700;29.50;94630896;29564344;176784
madrona;60;1789239668;989344;88648888;5159896;3.96;5608;122669620;38469312;29.50;95509020;28838876;192392
madrona;60;1789239728;959644;88652996;5157368;3.95;5036;122702448;38458840;29.49;13696808;110674116;167520
madrona;60;1789239788;1552120;88513148;5173524;3.97;4700;122094544;38460528;29.49;6664932;117095792;210340
madrona;60;1789239848;1192496;88657780;5151068;3.95;5508;122475920;38459788;29.49;71111332;53032848;110700
madrona;60;1789239908;979668;88642992;5166720;3.96;4996;122673364;38464412;29.50;72032900;52311452;171448
madrona;60;1789239968;956056;88631024;5178544;3.97;5016;122685036;38461008;29.49;23357512;100998568;163356
madrona;60;1789240028;710368;88636072;5173116;3.97;5624;122935572;38463876;29.50;30309420;94298296;282024
madrona;60;1789240088;758216;88665408;5137396;3.94;6332;122920792;38460676;29.49;89693620;34891708;221864
madrona;60;1789240148;824792;88636208;5172476;3.97;5636;122821600;38459024;29.49;13924164;110562768;232144
madrona;60;1789240208;1000704;88639016;5170976;3.97;5720;122646684;38470848;29.50;78278700;46046708;208016
madrona;60;1789240268;964676;88627012;5182632;3.97;5696;122671692;38463452;29.50;6611576;117729480;236052
madrona;60;1789240328;888376;88581976;5226836;4.01;5796;122703564;38465316;29.50;6706776;117665116;200760
madrona;60;1789240388;1041980;88649320;5159520;3.96;4776;122618384;38464736;29.50;23297316;100987444;192804
madrona;60;1789240448;743884;88639084;5170032;3.96;5004;122905872;38460728;29.49;30317348;94251352;178596
madrona;60;1789240508;762640;88592148;5217700;4.00;5648;122838596;38465968;29.50;30362784;94149040;172660
madrona;60;1789240568;985500;88630500;5178388;3.97;5484;122655092;38459308;29.49;13618596;110705132;137628
madrona;60;1789240628;953652;88635836;5172980;3.97;5280;122692968;38475452;29.50;13667664;110706228;145848
madrona;60;1789240688;960588;88626008;5183684;3.98;5384;122675032;38467540;29.50;6631848;117717788;112328
madrona;60;1789240748;898984;88652176;5156540;3.95;5048;122763964;38465540;29.50;70752420;53684952;214504
madrona;60;1789240808;1003072;88640064;5168984;3.96;5788;122646744;38470920;29.50;71579780;52745936;242152
madrona;60;1789240868;767092;88625512;5182804;3.97;4792;122869484;38465996;29.50;23357320;101184516;252688
madrona;60;1789240928;802692;88638484;5169900;3.96;4556;122847096;38476420;29.51;30320352;94197940;229568
madrona;60;1789240988;1004688;87835532;5114940;3.92;5576;122699692;38457080;29.49;65493388;58870180;210652
