ctime,name,blks_zeroed,blks_hit,blks_read,blks_written,blks_exists,flushes,truncates,stats_reset
1788893090.681074,commit_timestamp,0,0,0,0,0,587,0,2026-08-11 21:33:18.47452+00
1788893090.681074,multixact_member,16808,36031288,136,16462,0,741,0,2026-08-11 21:33:18.47452+00
1788893090.681074,multixact_offset,6218,36014914,278,6418,154,741,1,2026-08-11 21:33:18.47452+00
1788893090.681074,notify,0,0,0,0,0,0,0,2026-08-11 21:33:18.47452+00
1788893090.681074,serializable,0,0,0,0,0,0,0,2026-08-11 21:33:18.47452+00
1788893090.681074,subtransaction,97428,2783997,0,80229,0,587,586,2026-08-11 21:33:18.47452+00
1788893090.681074,transaction,6081,1157670617,2001947,5591,0,587,1,2026-08-11 21:33:18.47452+00
1788893090.681074,other,0,0,0,0,0,0,0,2026-08-11 21:33:18.47452+00
1788893150.770782,commit_timestamp,0,0,0,0,0,587,0,2026-08-11 21:33:18.47452+00
1788893150.770782,multixact_member,16811,36035315,136,16462,0,741,0,2026-08-11 21:33:18.47452+00
1788893150.770782,multixact_offset,6219,36018942,278,6418,154,741,1,2026-08-11 21:33:18.47452+00
1788893150.770782,notify,0,0,0,0,0,0,0,2026-08-11 21:33:18.47452+00
1788893150.770782,serializable,0,0,0,0,0,0,0,2026-08-11 21:33:18.47452+00
1788893150.770782,subtransaction,97439,2784048,0,80229,0,587,586,2026-08-11 21:33:18.47452+00
1788893150.770782,transaction,6081,1157801893,2001947,5591,0,587,1,2026-08-11 21:33:18.47452+00
1788893150.770782,other,0,0,0,0,0,0,0,2026-08-11 21:33:18.47452+00
1788893210.876293,commit_timestamp,0,0,0,0,0,587,0,2026-08-11 21:33:18.47452+00
1788893210.876293,multixact_member,16826,36058023,136,16476,0,741,0,2026-08-11 21:33:18.47452+00
1788893210.876293,multixact_offset,6225,36041642,278,6419,154,741,1,2026-08-11 21:33:18.47452+00
1788893210.876293,notify,0,0,0,0,0,0,0,2026-08-11 21:33:18.47452+00
1788893210.876293,serializable,0,0,0,0,0,0,0,2026-08-11 21:33:18.47452+00
1788893210.876293,subtransaction,97462,2784280,0,80229,0,587,586,2026-08-11 21:33:18.47452+00
1788893210.876293,transaction,6083,1158076046,2001947,5591,0,587,1,2026-08-11 21:33:18.47452+00
1788893210.876293,other,0,0,0,0,0,0,0,2026-08-11 21:33:18.47452+00
1788893270.937109,commit_timestamp,0,0,0,0,0,587,0,2026-08-11 21:33:18.47452+00
1788893270.937109,multixact_member,16842,36082574,136,16492,0,741,0,2026-08-11 21:33:18.47452+00
1788893270.937109,multixact_offset,6230,36066186,278,6424,154,741,1,2026-08-11 21:33:18.47452+00
1788893270.937109,notify,0,0,0,0,0,0,0,2026-08-11 21:33:18.47452+00
1788893270.937109,serializable,0,0,0,0,0,0,0,2026-08-11 21:33:18.47452+00
1788893270.937109,subtransaction,97486,2784578,0,80229,0,587,586,2026-08-11 21:33:18.47452+00
1788893270.937109,transaction,6084,1158351920,2001947,5591,0,587,1,2026-08-11 21:33:18.47452+00
1788893270.937109,other,0,0,0,0,0,0,0,2026-08-11 21:33:18.47452+00
1788893331.064262,commit_timestamp,0,0,0,0,0,587,0,2026-08-11 21:33:18.47452+00
1788893331.064262,multixact_member,16858,36107153,136,16508,0,741,0,2026-08-11 21:33:18.47452+00
1788893331.064262,multixact_offset,6236,36090762,278,6430,154,741,1,2026-08-11 21:33:18.47452+00
1788893331.064262,notify,0,0,0,0,0,0,0,2026-08-11 21:33:18.47452+00
1788893331.064262,serializable,0,0,0,0,0,0,0,2026-08-11 21:33:18.47452+00
1788893331.064262,subtransaction,97510,2784871,0,80229,0,587,586,2026-08-11 21:33:18.47452+00
1788893331.064262,transaction,6086,1158627077,2001947,5591,0,587,1,2026-08-11 21:33:18.47452+00
1788893331.064262,other,0,0,0,0,0,0,0,2026-08-11 21:33:18.47452+00
1788893390.172171,commit_timestamp,0,0,0,0,0,587,0,2026-08-11 21:33:18.47452+00
1788893390.172171,multixact_member,16875,36132958,136,16525,0,741,0,2026-08-11 21:33:18.47452+00
1788893390.172171,multixact_offset,6242,36116558,278,6436,154,741,1,2026-08-11 21:33:18.47452+00
1788893390.172171,notify,0,0,0,0,0,0,0,2026-08-11 21:33:18.47452+00
1788893390.172171,serializable,0,0,0,0,0,0,0,2026-08-11 21:33:18.47452+00
1788893390.172171,subtransaction,97534,2785164,0,80229,0,587,586,2026-08-11 21:33:18.47452+00
1788893390.172171,transaction,6087,1158904694,2001947,5591,0,587,1,2026-08-11 21:33:18.47452+00
1788893390.172171,other,0,0,0,0,0,0,0,2026-08-11 21:33:18.47452+00
1788893450.273991,commit_timestamp,0,0,0,0,0,587,0,2026-08-11 21:33:18.47452+00
1788893450.273991,multixact_member,16892,36159033,136,16542,0,741,0,2026-08-11 21:33:18.47452+00
1788893450.273991,multixact_offset,6248,36142625,278,6442,154,741,1,2026-08-11 21:33:18.47452+00
1788893450.273991,notify,0,0,0,0,0,0,0,2026-08-11 21:33:18.47452+00
1788893450.273991,serializable,0,0,0,0,0,0,0,2026-08-11 21:33:18.47452+00
1788893450.273991,subtransaction,97558,2785474,0,80229,0,587,586,2026-08-11 21:33:18.47452+00
1788893450.273991,transaction,6089,1159186585,2001947,5591,0,587,1,2026-08-11 21:33:18.47452+00
1788893450.273991,other,0,0,0,0,0,0,0,2026-08-11 21:33:18.47452+00
1788893510.375651,commit_timestamp,0,0,0,0,0,587,0,2026-08-11 21:33:18.47452+00
1788893510.375651,multixact_member,16910,36185307,136,16560,0,741,0,2026-08-11 21:33:18.47452+00
1788893510.375651,multixact_offset,6254,36168879,278,6448,154,741,1,2026-08-11 21:33:18.47452+00
1788893510.375651,notify,0,0,0,0,0,0,0,2026-08-11 21:33:18.47452+00
1788893510.375651,serializable,0,0,0,0,0,0,0,2026-08-11 21:33:18.47452+00
1788893510.375651,subtransaction,97583,2785791,0,80229,0,587,586,2026-08-11 21:33:18.47452+00
1788893510.375651,transaction,6090,1159466124,2001947,5591,0,587,1,2026-08-11 21:33:18.47452+00
1788893510.375651,other,0,0,0,0,0,0,0,2026-08-11 21:33:18.47452+00
1788893570.483794,commit_timestamp,0,0,0,0,0,587,0,2026-08-11 21:33:18.47452+00
1788893570.483794,multixact_member,16929,36214424,136,16579,0,741,0,2026-08-11 21:33:18.47452+00
1788893570.483794,multixact_offset,6260,36197991,278,6454,154,741,1,2026-08-11 21:33:18.47452+00
1788893570.483794,notify,0,0,0,0,0,0,0,2026-08-11 21:33:18.47452+00
1788893570.483794,serializable,0,0,0,0,0,0,0,2026-08-11 21:33:18.47452+00
1788893570.483794,subtransaction,97607,2786117,0,80229,0,587,586,2026-08-11 21:33:18.47452+00
1788893570.483794,transaction,6092,1159754268,2001947,5591,0,587,1,2026-08-11 21:33:18.47452+00
1788893570.483794,other,0,0,0,0,0,0,0,2026-08-11 21:33:18.47452+00
1788893630.597166,commit_timestamp,0,0,0,0,0,587,0,2026-08-11 21:33:18.47452+00
1788893630.597166,multixact_member,16947,36242276,136,16597,0,741,0,2026-08-11 21:33:18.47452+00
1788893630.597166,multixact_offset,6267,36225831,278,6461,154,741,1,2026-08-11 21:33:18.47452+00
1788893630.597166,notify,0,0,0,0,0,0,0,2026-08-11 21:33:18.47452+00
1788893630.597166,serializable,0,0,0,0,0,0,0,2026-08-11 21:33:18.47452+00
1788893630.597166,subtransaction,97633,2786457,0,80229,0,587,586,2026-08-11 21:33:18.47452+00
1788893630.597166,transaction,6094,1160042141,2001947,5591,0,587,1,2026-08-11 21:33:18.47452+00
1788893630.597166,other,0,0,0,0,0,0,0,2026-08-11 21:33:18.47452+00
1788893690.716236,commit_timestamp,0,0,0,0,0,587,0,2026-08-11 21:33:18.47452+00
1788893690.716236,multixact_member,16966,36270880,136,16616,0,741,0,2026-08-11 21:33:18.47452+00
1788893690.716236,multixact_offset,6273,36254424,278,6467,154,741,1,2026-08-11 21:33:18.47452+00
1788893690.716236,notify,0,0,0,0,0,0,0,2026-08-11 21:33:18.47452+00
1788893690.716236,serializable,0,0,0,0,0,0,0,2026-08-11 21:33:18.47452+00
1788893690.716236,subtransaction,97659,2786854,0,80229,0,587,586,2026-08-11 21:33:18.47452+00
1788893690.716236,transaction,6095,1160334213,2001947,5591,0,587,1,2026-08-11 21:33:18.47452+00
1788893690.716236,other,0,0,0,0,0,0,0,2026-08-11 21:33:18.47452+00
1788893750.817983,commit_timestamp,0,0,0,0,0,587,0,2026-08-11 21:33:18.47452+00
1788893750.817983,multixact_member,16986,36300403,136,16636,0,741,0,2026-08-11 21:33:18.47452+00
1788893750.817983,multixact_offset,6280,36283934,278,6474,154,741,1,2026-08-11 21:33:18.47452+00
1788893750.817983,notify,0,0,0,0,0,0,0,2026-08-11 21:33:18.47452+00
1788893750.817983,serializable,0,0,0,0,0,0,0,2026-08-11 21:33:18.47452+00
1788893750.817983,subtransaction,97684,2787186,0,80229,0,587,586,2026-08-11 21:33:18.47452+00
1788893750.817983,transaction,6097,1160625037,2001947,5591,0,587,1,2026-08-11 21:33:18.47452+00
1788893750.817983,other,0,0,0,0,0,0,0,2026-08-11 21:33:18.47452+00
1788893810.938278,commit_timestamp,0,0,0,0,0,587,0,2026-08-11 21:33:18.47452+00
1788893810.938278,multixact_member,17005,36329731,136,16655,0,741,0,2026-08-11 21:33:18.47452+00
1788893810.938278,multixact_offset,6286,36313248,278,6480,154,741,1,2026-08-11 21:33:18.47452+00
1788893810.938278,notify,0,0,0,0,0,0,0,2026-08-11 21:33:18.47452+00
1788893810.938278,serializable,0,0,0,0,0,0,0,2026-08-11 21:33:18.47452+00
1788893810.938278,subtransaction,97710,2787543,0,80229,0,587,586,2026-08-11 21:33:18.47452+00
1788893810.938278,transaction,6098,1160916603,2001947,5591,0,587,1,2026-08-11 21:33:18.47452+00
1788893810.938278,other,0,0,0,0,0,0,0,2026-08-11 21:33:18.47452+00
1788893871.035077,commit_timestamp,0,0,0,0,0,587,0,2026-08-11 21:33:18.47452+00
1788893871.035077,multixact_member,17024,36359399,136,16674,0,741,0,2026-08-11 21:33:18.47452+00
1788893871.035077,multixact_offset,6293,36342904,278,6487,154,741,1,2026-08-11 21:33:18.47452+00
1788893871.035077,notify,0,0,0,0,0,0,0,2026-08-11 21:33:18.47452+00
1788893871.035077,serializable,0,0,0,0,0,0,0,2026-08-11 21:33:18.47452+00
1788893871.035077,subtransaction,97736,2787950,0,80229,0,587,586,2026-08-11 21:33:18.47452+00
1788893871.035077,transaction,6100,1161208316,2001947,5591,0,587,1,2026-08-11 21:33:18.47452+00
1788893871.035077,other,0,0,0,0,0,0,0,2026-08-11 21:33:18.47452+00
1788893930.158252,commit_timestamp,0,0,0,0,0,587,0,2026-08-11 21:33:18.47452+00
1788893930.158252,multixact_member,17044,36390640,136,16694,0,741,0,2026-08-11 21:33:18.47452+00
1788893930.158252,multixact_offset,6300,36374140,278,6494,154,741,1,2026-08-11 21:33:18.47452+00
1788893930.158252,notify,0,0,0,0,0,0,0,2026-08-11 21:33:18.47452+00
1788893930.158252,serializable,0,0,0,0,0,0,0,2026-08-11 21:33:18.47452+00
1788893930.158252,subtransaction,97761,2788295,0,80229,0,587,586,2026-08-11 21:33:18.47452+00
1788893930.158252,transaction,6102,1161603678,2001947,5591,0,587,1,2026-08-11 21:33:18.47452+00
1788893930.158252,other,0,0,0,0,0,0,0,2026-08-11 21:33:18.47452+00
1788893990.260594,commit_timestamp,0,0,0,0,0,587,0,2026-08-11 21:33:18.47452+00
1788893990.260594,multixact_member,17064,36423474,136,16714,0,741,0,2026-08-11 21:33:18.47452+00
1788893990.260594,multixact_offset,6306,36406955,278,6500,154,741,1,2026-08-11 21:33:18.47452+00
1788893990.260594,notify,0,0,0,0,0,0,0,2026-08-11 21:33:18.47452+00
1788893990.260594,serializable,0,0,0,0,0,0,0,2026-08-11 21:33:18.47452+00
1788893990.260594,subtransaction,97786,2788669,0,80229,0,587,586,2026-08-11 21:33:18.47452+00
1788893990.260594,transaction,6103,1161900557,2001947,5591,0,587,1,2026-08-11 21:33:18.47452+00
1788893990.260594,other,0,0,0,0,0,0,0,2026-08-11 21:33:18.47452+00
1788894050.360511,commit_timestamp,0,0,0,0,0,587,0,2026-08-11 21:33:18.47452+00
1788894050.360511,multixact_member,17083,36455862,136,16733,0,741,0,2026-08-11 21:33:18.47452+00
1788894050.360511,multixact_offset,6313,36439339,278,6507,154,741,1,2026-08-11 21:33:18.47452+00
1788894050.360511,notify,0,0,0,0,0,0,0,2026-08-11 21:33:18.47452+00
1788894050.360511,serializable,0,0,0,0,0,0,0,2026-08-11 21:33:18.47452+00
1788894050.360511,subtransaction,97812,2789080,0,80229,0,587,586,2026-08-11 21:33:18.47452+00
1788894050.360511,transaction,6105,1162194559,2001947,5591,0,587,1,2026-08-11 21:33:18.47452+00
1788894050.360511,other,0,0,0,0,0,0,0,2026-08-11 21:33:18.47452+00
1788894110.507058,commit_timestamp,0,0,0,0,0,587,0,2026-08-11 21:33:18.47452+00
1788894110.507058,multixact_member,17103,36488321,136,16753,0,741,0,2026-08-11 21:33:18.47452+00
1788894110.507058,multixact_offset,6320,36471781,278,6514,154,741,1,2026-08-11 21:33:18.47452+00
1788894110.507058,notify,0,0,0,0,0,0,0,2026-08-11 21:33:18.47452+00
1788894110.507058,serializable,0,0,0,0,0,0,0,2026-08-11 21:33:18.47452+00
1788894110.507058,subtransaction,97838,2789440,0,80229,0,587,586,2026-08-11 21:33:18.47452+00
1788894110.507058,transaction,6106,1162488460,2001947,5591,0,587,1,2026-08-11 21:33:18.47452+00
1788894110.507058,other,0,0,0,0,0,0,0,2026-08-11 21:33:18.47452+00
1788894170.601433,commit_timestamp,0,0,0,0,0,587,0,2026-08-11 21:33:18.47452+00
1788894170.601433,multixact_member,17122,36518977,136,16772,0,741,0,2026-08-11 21:33:18.47452+00
1788894170.601433,multixact_offset,6326,36502430,278,6520,154,741,1,2026-08-11 21:33:18.47452+00
1788894170.601433,notify,0,0,0,0,0,0,0,2026-08-11 21:33:18.47452+00
1788894170.601433,serializable,0,0,0,0,0,0,0,2026-08-11 21:33:18.47452+00
1788894170.601433,subtransaction,97864,2789808,0,80229,0,587,586,2026-08-11 21:33:18.47452+00
1788894170.601433,transaction,6108,1162780873,2001947,5591,0,587,1,2026-08-11 21:33:18.47452+00
1788894170.601433,other,0,0,0,0,0,0,0,2026-08-11 21:33:18.47452+00
1788894230.707920,commit_timestamp,0,0,0,0,0,587,0,2026-08-11 21:33:18.47452+00
1788894230.707920,multixact_member,17142,36549507,136,16792,0,741,0,2026-08-11 21:33:18.47452+00
1788894230.707920,multixact_offset,6333,36532944,278,6527,154,741,1,2026-08-11 21:33:18.47452+00
1788894230.707920,notify,0,0,0,0,0,0,0,2026-08-11 21:33:18.47452+00
1788894230.707920,serializable,0,0,0,0,0,0,0,2026-08-11 21:33:18.47452+00
1788894230.707920,subtransaction,97889,2790225,0,80229,0,587,586,2026-08-11 21:33:18.47452+00
1788894230.707920,transaction,6110,1163074872,2001947,5591,0,587,1,2026-08-11 21:33:18.47452+00
1788894230.707920,other,0,0,0,0,0,0,0,2026-08-11 21:33:18.47452+00
1788894290.839649,commit_timestamp,0,0,0,0,0,587,0,2026-08-11 21:33:18.47452+00
1788894290.839649,multixact_member,17161,36581785,136,16811,0,741,0,2026-08-11 21:33:18.47452+00
1788894290.839649,multixact_offset,6340,36565204,278,6534,154,741,1,2026-08-11 21:33:18.47452+00
1788894290.839649,notify,0,0,0,0,0,0,0,2026-08-11 21:33:18.47452+00
1788894290.839649,serializable,0,0,0,0,0,0,0,2026-08-11 21:33:18.47452+00
1788894290.839649,subtransaction,97915,2790567,0,80229,0,587,586,2026-08-11 21:33:18.47452+00
1788894290.839649,transaction,6111,1163369658,2001947,5591,0,587,1,2026-08-11 21:33:18.47452+00
1788894290.839649,other,0,0,0,0,0,0,0,2026-08-11 21:33:18.47452+00
1788894350.952609,commit_timestamp,0,0,0,0,0,587,0,2026-08-11 21:33:18.47452+00
1788894350.952609,multixact_member,17180,36613985,136,16830,0,741,0,2026-08-11 21:33:18.47452+00
1788894350.952609,multixact_offset,6346,36597384,278,6540,154,741,1,2026-08-11 21:33:18.47452+00
1788894350.952609,notify,0,0,0,0,0,0,0,2026-08-11 21:33:18.47452+00
1788894350.952609,serializable,0,0,0,0,0,0,0,2026-08-11 21:33:18.47452+00
1788894350.952609,subtransaction,97941,2790917,0,80229,0,587,586,2026-08-11 21:33:18.47452+00
1788894350.952609,transaction,6113,1163666163,2001947,5591,0,587,1,2026-08-11 21:33:18.47452+00
1788894350.952609,other,0,0,0,0,0,0,0,2026-08-11 21:33:18.47452+00
1788894411.050864,commit_timestamp,0,0,0,0,0,587,0,2026-08-11 21:33:18.47452+00
1788894411.050864,multixact_member,17200,36644789,136,16850,0,741,0,2026-08-11 21:33:18.47452+00
1788894411.050864,multixact_offset,6353,36628172,278,6547,154,741,1,2026-08-11 21:33:18.47452+00
1788894411.050864,notify,0,0,0,0,0,0,0,2026-08-11 21:33:18.47452+00
1788894411.050864,serializable,0,0,0,0,0,0,0,2026-08-11 21:33:18.47452+00
1788894411.050864,subtransaction,97967,2791298,0,80229,0,587,586,2026-08-11 21:33:18.47452+00
1788894411.050864,transaction,6114,1163961093,2001947,5591,0,587,1,2026-08-11 21:33:18.47452+00
1788894411.050864,other,0,0,0,0,0,0,0,2026-08-11 21:33:18.47452+00
1788894470.138554,commit_timestamp,0,0,0,0,0,587,0,2026-08-11 21:33:18.47452+00
1788894470.138554,multixact_member,17219,36677560,136,16869,0,741,0,2026-08-11 21:33:18.47452+00
1788894470.138554,multixact_offset,6359,36660910,278,6553,154,741,1,2026-08-11 21:33:18.47452+00
1788894470.138554,notify,0,0,0,0,0,0,0,2026-08-11 21:33:18.47452+00
1788894470.138554,serializable,0,0,0,0,0,0,0,2026-08-11 21:33:18.47452+00
1788894470.138554,subtransaction,97992,2791662,0,80229,0,587,586,2026-08-11 21:33:18.47452+00
1788894470.138554,transaction,6116,1164252642,2001947,5591,0,587,1,2026-08-11 21:33:18.47452+00
1788894470.138554,other,0,0,0,0,0,0,0,2026-08-11 21:33:18.47452+00
1788894530.248497,commit_timestamp,0,0,0,0,0,587,0,2026-08-11 21:33:18.47452+00
1788894530.248497,multixact_member,17239,36709822,136,16889,0,741,0,2026-08-11 21:33:18.47452+00
1788894530.248497,multixact_offset,6366,36693156,278,6560,154,741,1,2026-08-11 21:33:18.47452+00
1788894530.248497,notify,0,0,0,0,0,0,0,2026-08-11 21:33:18.47452+00
1788894530.248497,serializable,0,0,0,0,0,0,0,2026-08-11 21:33:18.47452+00
1788894530.248497,subtransaction,98018,2791970,0,80229,0,587,586,2026-08-11 21:33:18.47452+00
1788894530.248497,transaction,6118,1164549634,2001947,5591,0,587,1,2026-08-11 21:33:18.47452+00
1788894530.248497,other,0,0,0,0,0,0,0,2026-08-11 21:33:18.47452+00
1788894590.351726,commit_timestamp,0,0,0,0,0,587,0,2026-08-11 21:33:18.47452+00
1788894590.351726,multixact_member,17257,36740995,136,16907,0,741,0,2026-08-11 21:33:18.47452+00
1788894590.351726,multixact_offset,6373,36724319,278,6567,154,741,1,2026-08-11 21:33:18.47452+00
1788894590.351726,notify,0,0,0,0,0,0,0,2026-08-11 21:33:18.47452+00
1788894590.351726,serializable,0,0,0,0,0,0,0,2026-08-11 21:33:18.47452+00
1788894590.351726,subtransaction,98044,2792354,0,80229,0,587,586,2026-08-11 21:33:18.47452+00
1788894590.351726,transaction,6119,1164839517,2001947,5591,0,587,1,2026-08-11 21:33:18.47452+00
1788894590.351726,other,0,0,0,0,0,0,0,2026-08-11 21:33:18.47452+00
1788894650.487784,commit_timestamp,0,0,0,0,0,587,0,2026-08-11 21:33:18.47452+00
1788894650.487784,multixact_member,17277,36774154,136,16927,0,741,0,2026-08-11 21:33:18.47452+00
1788894650.487784,multixact_offset,6379,36757462,278,6573,154,741,1,2026-08-11 21:33:18.47452+00
1788894650.487784,notify,0,0,0,0,0,0,0,2026-08-11 21:33:18.47452+00
1788894650.487784,serializable,0,0,0,0,0,0,0,2026-08-11 21:33:18.47452+00
1788894650.487784,subtransaction,98069,2792725,0,80229,0,587,586,2026-08-11 21:33:18.47452+00
1788894650.487784,transaction,6121,1165287708,2001950,5591,0,587,1,2026-08-11 21:33:18.47452+00
1788894650.487784,other,0,0,0,0,0,0,0,2026-08-11 21:33:18.47452+00
1788894710.592949,commit_timestamp,0,0,0,0,0,587,0,2026-08-11 21:33:18.47452+00
1788894710.592949,multixact_member,17296,36806405,136,16946,0,741,0,2026-08-11 21:33:18.47452+00
1788894710.592949,multixact_offset,6386,36789691,278,6580,154,741,1,2026-08-11 21:33:18.47452+00
1788894710.592949,notify,0,0,0,0,0,0,0,2026-08-11 21:33:18.47452+00
1788894710.592949,serializable,0,0,0,0,0,0,0,2026-08-11 21:33:18.47452+00
1788894710.592949,subtransaction,98095,2793080,0,80229,0,587,586,2026-08-11 21:33:18.47452+00
1788894710.592949,transaction,6122,1165631356,2001950,5591,0,587,1,2026-08-11 21:33:18.47452+00
1788894710.592949,other,0,0,0,0,0,0,0,2026-08-11 21:33:18.47452+00
1788894770.674826,commit_timestamp,0,0,0,0,0,587,0,2026-08-11 21:33:18.47452+00
1788894770.674826,multixact_member,17320,36845096,136,16946,0,741,0,2026-08-11 21:33:18.47452+00
1788894770.674826,multixact_offset,6394,36828365,278,6580,154,741,1,2026-08-11 21:33:18.47452+00
1788894770.674826,notify,0,0,0,0,0,0,0,2026-08-11 21:33:18.47452+00
1788894770.674826,serializable,0,0,0,0,0,0,0,2026-08-11 21:33:18.47452+00
1788894770.674826,subtransaction,98120,2793583,0,80229,0,587,586,2026-08-11 21:33:18.47452+00
1788894770.674826,transaction,6124,1165922495,2001950,5591,0,587,1,2026-08-11 21:33:18.47452+00
1788894770.674826,other,0,0,0,0,0,0,0,2026-08-11 21:33:18.47452+00
1788894830.770066,commit_timestamp,0,0,0,0,0,587,0,2026-08-11 21:33:18.47452+00
1788894830.770066,multixact_member,17342,36880234,136,16961,0,741,0,2026-08-11 21:33:18.47452+00
1788894830.770066,multixact_offset,6401,36863492,278,6580,154,741,1,2026-08-11 21:33:18.47452+00
1788894830.770066,notify,0,0,0,0,0,0,0,2026-08-11 21:33:18.47452+00
1788894830.770066,serializable,0,0,0,0,0,0,0,2026-08-11 21:33:18.47452+00
1788894830.770066,subtransaction,98146,2793934,0,80229,0,587,586,2026-08-11 21:33:18.47452+00
1788894830.770066,transaction,6126,1166213757,2001952,5591,0,587,1,2026-08-11 21:33:18.47452+00
1788894830.770066,other,0,0,0,0,0,0,0,2026-08-11 21:33:18.47452+00
1788894890.911907,commit_timestamp,0,0,0,0,0,587,0,2026-08-11 21:33:18.47452+00
1788894890.911907,multixact_member,17363,36913724,136,16982,0,741,0,2026-08-11 21:33:18.47452+00
1788894890.911907,multixact_offset,6408,36896968,278,6587,154,741,1,2026-08-11 21:33:18.47452+00
1788894890.911907,notify,0,0,0,0,0,0,0,2026-08-11 21:33:18.47452+00
1788894890.911907,serializable,0,0,0,0,0,0,0,2026-08-11 21:33:18.47452+00
1788894890.911907,subtransaction,98172,2794316,0,80229,0,587,586,2026-08-11 21:33:18.47452+00
1788894890.911907,transaction,6127,1166506228,2001952,5591,0,587,1,2026-08-11 21:33:18.47452+00
1788894890.911907,other,0,0,0,0,0,0,0,2026-08-11 21:33:18.47452+00
1788894951.011810,commit_timestamp,0,0,0,0,0,587,0,2026-08-11 21:33:18.47452+00
1788894951.011810,multixact_member,17383,36946908,136,17002,0,741,0,2026-08-11 21:33:18.47452+00
1788894951.011810,multixact_offset,6415,36930143,278,6594,154,741,1,2026-08-11 21:33:18.47452+00
1788894951.011810,notify,0,0,0,0,0,0,0,2026-08-11 21:33:18.47452+00
1788894951.011810,serializable,0,0,0,0,0,0,0,2026-08-11 21:33:18.47452+00
1788894951.011810,subtransaction,98198,2794661,0,80229,0,587,586,2026-08-11 21:33:18.47452+00
1788894951.011810,transaction,6129,1166797499,2001952,5591,0,587,1,2026-08-11 21:33:18.47452+00
1788894951.011810,other,0,0,0,0,0,0,0,2026-08-11 21:33:18.47452+00
1788895010.154503,commit_timestamp,0,0,0,0,0,587,0,2026-08-11 21:33:18.47452+00
1788895010.154503,multixact_member,17403,36978401,136,17022,0,741,0,2026-08-11 21:33:18.47452+00
1788895010.154503,multixact_offset,6422,36961627,278,6601,154,741,1,2026-08-11 21:33:18.47452+00
1788895010.154503,notify,0,0,0,0,0,0,0,2026-08-11 21:33:18.47452+00
1788895010.154503,serializable,0,0,0,0,0,0,0,2026-08-11 21:33:18.47452+00
1788895010.154503,subtransaction,98222,2795084,0,80229,0,587,586,2026-08-11 21:33:18.47452+00
1788895010.154503,transaction,6130,1167084121,2001953,5591,0,587,1,2026-08-11 21:33:18.47452+00
1788895010.154503,other,0,0,0,0,0,0,0,2026-08-11 21:33:18.47452+00
1788895070.243009,commit_timestamp,0,0,0,0,0,587,0,2026-08-11 21:33:18.47452+00
1788895070.243009,multixact_member,17423,37010675,136,17042,0,741,0,2026-08-11 21:33:18.47452+00
1788895070.243009,multixact_offset,6429,36993893,278,6608,154,741,1,2026-08-11 21:33:18.47452+00
1788895070.243009,notify,0,0,0,0,0,0,0,2026-08-11 21:33:18.47452+00
1788895070.243009,serializable,0,0,0,0,0,0,0,2026-08-11 21:33:18.47452+00
1788895070.243009,subtransaction,98248,2795491,0,80229,0,587,586,2026-08-11 21:33:18.47452+00
1788895070.243009,transaction,6132,1167374771,2001953,5591,0,587,1,2026-08-11 21:33:18.47452+00
1788895070.243009,other,0,0,0,0,0,0,0,2026-08-11 21:33:18.47452+00
1788895130.359910,commit_timestamp,0,0,0,0,0,587,0,2026-08-11 21:33:18.47452+00
1788895130.359910,multixact_member,17443,37043819,136,17062,0,741,0,2026-08-11 21:33:18.47452+00
1788895130.359910,multixact_offset,6435,37027016,278,6614,154,741,1,2026-08-11 21:33:18.47452+00
1788895130.359910,notify,0,0,0,0,0,0,0,2026-08-11 21:33:18.47452+00
1788895130.359910,serializable,0,0,0,0,0,0,0,2026-08-11 21:33:18.47452+00
1788895130.359910,subtransaction,98274,2795877,0,80229,0,587,586,2026-08-11 21:33:18.47452+00
1788895130.359910,transaction,6134,1167665531,2001955,5591,0,587,1,2026-08-11 21:33:18.47452+00
1788895130.359910,other,0,0,0,0,0,0,0,2026-08-11 21:33:18.47452+00
1788895190.426105,commit_timestamp,0,0,0,0,0,587,0,2026-08-11 21:33:18.47452+00
1788895190.426105,multixact_member,17463,37076356,136,17082,0,741,0,2026-08-11 21:33:18.47452+00
1788895190.426105,multixact_offset,6442,37059532,278,6621,154,741,1,2026-08-11 21:33:18.47452+00
1788895190.426105,notify,0,0,0,0,0,0,0,2026-08-11 21:33:18.47452+00
1788895190.426105,serializable,0,0,0,0,0,0,0,2026-08-11 21:33:18.47452+00
1788895190.426105,subtransaction,98300,2796219,0,80229,0,587,586,2026-08-11 21:33:18.47452+00
1788895190.426105,transaction,6135,1167957848,2001955,5591,0,587,1,2026-08-11 21:33:18.47452+00
1788895190.426105,other,0,0,0,0,0,0,0,2026-08-11 21:33:18.47452+00
1788895250.558959,commit_timestamp,0,0,0,0,0,587,0,2026-08-11 21:33:18.47452+00
1788895250.558959,multixact_member,17482,37108444,136,17101,0,741,0,2026-08-11 21:33:18.47452+00
1788895250.558959,multixact_offset,6449,37091614,278,6628,154,741,1,2026-08-11 21:33:18.47452+00
1788895250.558959,notify,0,0,0,0,0,0,0,2026-08-11 21:33:18.47452+00
1788895250.558959,serializable,0,0,0,0,0,0,0,2026-08-11 21:33:18.47452+00
1788895250.558959,subtransaction,98326,2796612,0,80229,0,587,586,2026-08-11 21:33:18.47452+00
1788895250.558959,transaction,6137,1168253001,2001961,5591,0,587,1,2026-08-11 21:33:18.47452+00
1788895250.558959,other,0,0,0,0,0,0,0,2026-08-11 21:33:18.47452+00
1788895310.684168,commit_timestamp,0,0,0,0,0,587,0,2026-08-11 21:33:18.47452+00
1788895310.684168,multixact_member,17503,37141955,136,17122,0,741,0,2026-08-11 21:33:18.47452+00
1788895310.684168,multixact_offset,6456,37125105,278,6635,154,741,1,2026-08-11 21:33:18.47452+00
1788895310.684168,notify,0,0,0,0,0,0,0,2026-08-11 21:33:18.47452+00
1788895310.684168,serializable,0,0,0,0,0,0,0,2026-08-11 21:33:18.47452+00
1788895310.684168,subtransaction,98351,2796974,0,80229,0,587,586,2026-08-11 21:33:18.47452+00
1788895310.684168,transaction,6138,1168545604,2001962,5591,0,587,1,2026-08-11 21:33:18.47452+00
1788895310.684168,other,0,0,0,0,0,0,0,2026-08-11 21:33:18.47452+00
1788895370.769090,commit_timestamp,0,0,0,0,0,587,0,2026-08-11 21:33:18.47452+00
1788895370.769090,multixact_member,17523,37173430,136,17142,0,741,0,2026-08-11 21:33:18.47452+00
1788895370.769090,multixact_offset,6463,37156558,278,6642,154,741,1,2026-08-11 21:33:18.47452+00
1788895370.769090,notify,0,0,0,0,0,0,0,2026-08-11 21:33:18.47452+00
1788895370.769090,serializable,0,0,0,0,0,0,0,2026-08-11 21:33:18.47452+00
1788895370.769090,subtransaction,98377,2797365,0,80229,0,587,586,2026-08-11 21:33:18.47452+00
1788895370.769090,transaction,6140,1168838170,2001967,5591,0,587,1,2026-08-11 21:33:18.47452+00
1788895370.769090,other,0,0,0,0,0,0,0,2026-08-11 21:33:18.47452+00
1788895430.888707,commit_timestamp,0,0,0,0,0,587,0,2026-08-11 21:33:18.47452+00
1788895430.888707,multixact_member,17543,37206348,136,17162,0,741,0,2026-08-11 21:33:18.47452+00
1788895430.888707,multixact_offset,6469,37189469,278,6648,154,741,1,2026-08-11 21:33:18.47452+00
1788895430.888707,notify,0,0,0,0,0,0,0,2026-08-11 21:33:18.47452+00
1788895430.888707,serializable,0,0,0,0,0,0,0,2026-08-11 21:33:18.47452+00
1788895430.888707,subtransaction,98403,2797746,0,80229,0,587,586,2026-08-11 21:33:18.47452+00
1788895430.888707,transaction,6142,1169133366,2001971,5591,0,587,1,2026-08-11 21:33:18.47452+00
1788895430.888707,other,0,0,0,0,0,0,0,2026-08-11 21:33:18.47452+00
1788895490.997084,commit_timestamp,0,0,0,0,0,587,0,2026-08-11 21:33:18.47452+00
1788895490.997084,multixact_member,17562,37237755,136,17181,0,741,0,2026-08-11 21:33:18.47452+00
1788895490.997084,multixact_offset,6476,37220860,278,6655,154,741,1,2026-08-11 21:33:18.47452+00
1788895490.997084,notify,0,0,0,0,0,0,0,2026-08-11 21:33:18.47452+00
1788895490.997084,serializable,0,0,0,0,0,0,0,2026-08-11 21:33:18.47452+00
1788895490.997084,subtransaction,98428,2798154,0,80229,0,587,586,2026-08-11 21:33:18.47452+00
1788895490.997084,transaction,6143,1169424112,2001976,5591,0,587,1,2026-08-11 21:33:18.47452+00
1788895490.997084,other,0,0,0,0,0,0,0,2026-08-11 21:33:18.47452+00
1788895550.103802,commit_timestamp,0,0,0,0,0,587,0,2026-08-11 21:33:18.47452+00
1788895550.103802,multixact_member,17582,37268652,136,17201,0,741,0,2026-08-11 21:33:18.47452+00
1788895550.103802,multixact_offset,6483,37251736,278,6662,154,741,1,2026-08-11 21:33:18.47452+00
1788895550.103802,notify,0,0,0,0,0,0,0,2026-08-11 21:33:18.47452+00
1788895550.103802,serializable,0,0,0,0,0,0,0,2026-08-11 21:33:18.47452+00
1788895550.103802,subtransaction,98453,2798503,0,80229,0,587,586,2026-08-11 21:33:18.47452+00
1788895550.103802,transaction,6145,1169712274,2001981,5591,0,587,1,2026-08-11 21:33:18.47452+00
1788895550.103802,other,0,0,0,0,0,0,0,2026-08-11 21:33:18.47452+00
1788895610.186352,commit_timestamp,0,0,0,0,0,587,0,2026-08-11 21:33:18.47452+00
1788895610.186352,multixact_member,17601,37300726,136,17220,0,741,0,2026-08-11 21:33:18.47452+00
1788895610.186352,multixact_offset,6489,37283792,278,6668,154,741,1,2026-08-11 21:33:18.47452+00
1788895610.186352,notify,0,0,0,0,0,0,0,2026-08-11 21:33:18.47452+00
1788895610.186352,serializable,0,0,0,0,0,0,0,2026-08-11 21:33:18.47452+00
1788895610.186352,subtransaction,98479,2798866,0,80229,0,587,586,2026-08-11 21:33:18.47452+00
1788895610.186352,transaction,6146,1170005078,2001983,5591,0,587,1,2026-08-11 21:33:18.47452+00
1788895610.186352,other,0,0,0,0,0,0,0,2026-08-11 21:33:18.47452+00
1788895670.348646,commit_timestamp,0,0,0,0,0,587,0,2026-08-11 21:33:18.47452+00
1788895670.348646,multixact_member,17620,37333934,136,17239,0,741,0,2026-08-11 21:33:18.47452+00
1788895670.348646,multixact_offset,6496,37316984,278,6675,154,741,1,2026-08-11 21:33:18.47452+00
1788895670.348646,notify,0,0,0,0,0,0,0,2026-08-11 21:33:18.47452+00
1788895670.348646,serializable,0,0,0,0,0,0,0,2026-08-11 21:33:18.47452+00
1788895670.348646,subtransaction,98505,2799213,0,80229,0,587,586,2026-08-11 21:33:18.47452+00
1788895670.348646,transaction,6148,1170299150,2001990,5591,0,587,1,2026-08-11 21:33:18.47452+00
1788895670.348646,other,0,0,0,0,0,0,0,2026-08-11 21:33:18.47452+00
1788895730.428982,commit_timestamp,0,0,0,0,0,587,0,2026-08-11 21:33:18.47452+00
1788895730.428982,multixact_member,17639,37364851,136,17258,0,741,0,2026-08-11 21:33:18.47452+00
1788895730.428982,multixact_offset,6502,37347889,278,6681,154,741,1,2026-08-11 21:33:18.47452+00
1788895730.428982,notify,0,0,0,0,0,0,0,2026-08-11 21:33:18.47452+00
1788895730.428982,serializable,0,0,0,0,0,0,0,2026-08-11 21:33:18.47452+00
1788895730.428982,subtransaction,98530,2799603,0,80229,0,587,586,2026-08-11 21:33:18.47452+00
1788895730.428982,transaction,6150,1170591336,2001996,5591,0,587,1,2026-08-11 21:33:18.47452+00
1788895730.428982,other,0,0,0,0,0,0,0,2026-08-11 21:33:18.47452+00
1788895790.543793,commit_timestamp,0,0,0,0,0,587,0,2026-08-11 21:33:18.47452+00
1788895790.543793,multixact_member,17658,37396237,136,17277,0,741,0,2026-08-11 21:33:18.47452+00
1788895790.543793,multixact_offset,6509,37379266,278,6688,154,741,1,2026-08-11 21:33:18.47452+00
1788895790.543793,notify,0,0,0,0,0,0,0,2026-08-11 21:33:18.47452+00
1788895790.543793,serializable,0,0,0,0,0,0,0,2026-08-11 21:33:18.47452+00
1788895790.543793,subtransaction,98556,2799953,0,80229,0,587,586,2026-08-11 21:33:18.47452+00
1788895790.543793,transaction,6151,1170883300,2002001,5591,0,587,1,2026-08-11 21:33:18.47452+00
1788895790.543793,other,0,0,0,0,0,0,0,2026-08-11 21:33:18.47452+00
1788895850.683655,commit_timestamp,0,0,0,0,0,587,0,2026-08-11 21:33:18.47452+00
1788895850.683655,multixact_member,17678,37428013,136,17297,0,741,0,2026-08-11 21:33:18.47452+00
1788895850.683655,multixact_offset,6516,37411022,278,6695,154,741,1,2026-08-11 21:33:18.47452+00
1788895850.683655,notify,0,0,0,0,0,0,0,2026-08-11 21:33:18.47452+00
1788895850.683655,serializable,0,0,0,0,0,0,0,2026-08-11 21:33:18.47452+00
1788895850.683655,subtransaction,98582,2800306,0,80229,0,587,586,2026-08-11 21:33:18.47452+00
1788895850.683655,transaction,6153,1171175647,2002012,5591,0,587,1,2026-08-11 21:33:18.47452+00
1788895850.683655,other,0,0,0,0,0,0,0,2026-08-11 21:33:18.47452+00
1788895910.786537,commit_timestamp,0,0,0,0,0,587,0,2026-08-11 21:33:18.47452+00
1788895910.786537,multixact_member,17697,37459040,136,17316,0,741,0,2026-08-11 21:33:18.47452+00
1788895910.786537,multixact_offset,6522,37442015,278,6701,154,741,1,2026-08-11 21:33:18.47452+00
1788895910.786537,notify,0,0,0,0,0,0,0,2026-08-11 21:33:18.47452+00
1788895910.786537,serializable,0,0,0,0,0,0,0,2026-08-11 21:33:18.47452+00
1788895910.786537,subtransaction,98608,2800675,0,80229,0,587,586,2026-08-11 21:33:18.47452+00
1788895910.786537,transaction,6155,1171469551,2002014,5591,0,587,1,2026-08-11 21:33:18.47452+00
1788895910.786537,other,0,0,0,0,0,0,0,2026-08-11 21:33:18.47452+00
1788895970.877324,commit_timestamp,0,0,0,0,0,587,0,2026-08-11 21:33:18.47452+00
1788895970.877324,multixact_member,17716,37491018,136,17335,0,741,0,2026-08-11 21:33:18.47452+00
1788895970.877324,multixact_offset,6529,37473984,278,6708,154,741,1,2026-08-11 21:33:18.47452+00
1788895970.877324,notify,0,0,0,0,0,0,0,2026-08-11 21:33:18.47452+00
1788895970.877324,serializable,0,0,0,0,0,0,0,2026-08-11 21:33:18.47452+00
1788895970.877324,subtransaction,98633,2801027,0,80229,0,587,586,2026-08-11 21:33:18.47452+00
1788895970.877324,transaction,6156,1171761911,2002019,5591,0,587,1,2026-08-11 21:33:18.47452+00
1788895970.877324,other,0,0,0,0,0,0,0,2026-08-11 21:33:18.47452+00
1788896030.983801,commit_timestamp,0,0,0,0,0,587,0,2026-08-11 21:33:18.47452+00
1788896030.983801,multixact_member,17736,37523800,136,17355,0,741,0,2026-08-11 21:33:18.47452+00
1788896030.983801,multixact_offset,6535,37506746,278,6714,154,741,1,2026-08-11 21:33:18.47452+00
1788896030.983801,notify,0,0,0,0,0,0,0,2026-08-11 21:33:18.47452+00
1788896030.983801,serializable,0,0,0,0,0,0,0,2026-08-11 21:33:18.47452+00
1788896030.983801,subtransaction,98659,2801449,0,80229,0,587,586,2026-08-11 21:33:18.47452+00
1788896030.983801,transaction,6158,1172057107,2002025,5591,0,587,1,2026-08-11 21:33:18.47452+00
1788896030.983801,other,0,0,0,0,0,0,0,2026-08-11 21:33:18.47452+00
1788896090.083948,commit_timestamp,0,0,0,0,0,587,0,2026-08-11 21:33:18.47452+00
1788896090.083948,multixact_member,17754,37554701,136,17373,0,741,0,2026-08-11 21:33:18.47452+00
1788896090.083948,multixact_offset,6542,37537629,278,6721,154,741,1,2026-08-11 21:33:18.47452+00
1788896090.083948,notify,0,0,0,0,0,0,0,2026-08-11 21:33:18.47452+00
1788896090.083948,serializable,0,0,0,0,0,0,0,2026-08-11 21:33:18.47452+00
1788896090.083948,subtransaction,98684,2801782,0,80229,0,587,586,2026-08-11 21:33:18.47452+00
1788896090.083948,transaction,6159,1172345950,2002038,5591,0,587,1,2026-08-11 21:33:18.47452+00
1788896090.083948,other,0,0,0,0,0,0,0,2026-08-11 21:33:18.47452+00
1788896150.187809,commit_timestamp,0,0,0,0,0,587,0,2026-08-11 21:33:18.47452+00
1788896150.187809,multixact_member,17775,37587071,136,17394,0,741,0,2026-08-11 21:33:18.47452+00
1788896150.187809,multixact_offset,6549,37569934,278,6728,154,741,1,2026-08-11 21:33:18.47452+00
1788896150.187809,notify,0,0,0,0,0,0,0,2026-08-11 21:33:18.47452+00
1788896150.187809,serializable,0,0,0,0,0,0,0,2026-08-11 21:33:18.47452+00
1788896150.187809,subtransaction,98710,2802195,0,80229,0,587,586,2026-08-11 21:33:18.47452+00
1788896150.187809,transaction,6161,1172641577,2002044,5591,0,587,1,2026-08-11 21:33:18.47452+00
1788896150.187809,other,0,0,0,0,0,0,0,2026-08-11 21:33:18.47452+00
1788896210.279073,commit_timestamp,0,0,0,0,0,587,0,2026-08-11 21:33:18.47452+00
1788896210.279073,multixact_member,17794,37618176,136,17413,0,741,0,2026-08-11 21:33:18.47452+00
1788896210.279073,multixact_offset,6555,37601026,278,6734,154,741,1,2026-08-11 21:33:18.47452+00
1788896210.279073,notify,0,0,0,0,0,0,0,2026-08-11 21:33:18.47452+00
1788896210.279073,serializable,0,0,0,0,0,0,0,2026-08-11 21:33:18.47452+00
1788896210.279073,subtransaction,98736,2802537,0,80229,0,587,586,2026-08-11 21:33:18.47452+00
1788896210.279073,transaction,6163,1172933184,2002048,5591,0,587,1,2026-08-11 21:33:18.47452+00
1788896210.279073,other,0,0,0,0,0,0,0,2026-08-11 21:33:18.47452+00
1788896270.407511,commit_timestamp,0,0,0,0,0,587,0,2026-08-11 21:33:18.47452+00
1788896270.407511,multixact_member,17813,37649555,136,17432,0,741,0,2026-08-11 21:33:18.47452+00
1788896270.407511,multixact_offset,6562,37632383,278,6741,154,741,1,2026-08-11 21:33:18.47452+00
1788896270.407511,notify,0,0,0,0,0,0,0,2026-08-11 21:33:18.47452+00
1788896270.407511,serializable,0,0,0,0,0,0,0,2026-08-11 21:33:18.47452+00
1788896270.407511,subtransaction,98761,2802886,0,80229,0,587,586,2026-08-11 21:33:18.47452+00
1788896270.407511,transaction,6164,1173229159,2002053,5591,0,587,1,2026-08-11 21:33:18.47452+00
1788896270.407511,other,0,0,0,0,0,0,0,2026-08-11 21:33:18.47452+00
1788896330.512348,commit_timestamp,0,0,0,0,0,587,0,2026-08-11 21:33:18.47452+00
1788896330.512348,multixact_member,17832,37680574,136,17451,0,741,0,2026-08-11 21:33:18.47452+00
1788896330.512348,multixact_offset,6569,37663387,278,6748,154,741,1,2026-08-11 21:33:18.47452+00
1788896330.512348,notify,0,0,0,0,0,0,0,2026-08-11 21:33:18.47452+00
1788896330.512348,serializable,0,0,0,0,0,0,0,2026-08-11 21:33:18.47452+00
1788896330.512348,subtransaction,98787,2803248,0,80229,0,587,586,2026-08-11 21:33:18.47452+00
1788896330.512348,transaction,6166,1173525789,2002061,5591,0,587,1,2026-08-11 21:33:18.47452+00
1788896330.512348,other,0,0,0,0,0,0,0,2026-08-11 21:33:18.47452+00
1788896390.615770,commit_timestamp,0,0,0,0,0,587,0,2026-08-11 21:33:18.47452+00
1788896390.615770,multixact_member,17852,37712037,136,17471,0,741,0,2026-08-11 21:33:18.47452+00
1788896390.615770,multixact_offset,6575,37694818,278,6754,154,741,1,2026-08-11 21:33:18.47452+00
1788896390.615770,notify,0,0,0,0,0,0,0,2026-08-11 21:33:18.47452+00
1788896390.615770,serializable,0,0,0,0,0,0,0,2026-08-11 21:33:18.47452+00
1788896390.615770,subtransaction,98813,2803589,0,80229,0,587,586,2026-08-11 21:33:18.47452+00
1788896390.615770,transaction,6167,1173822567,2002079,5591,0,587,1,2026-08-11 21:33:18.47452+00
1788896390.615770,other,0,0,0,0,0,0,0,2026-08-11 21:33:18.47452+00
1788896450.727654,commit_timestamp,0,0,0,0,0,587,0,2026-08-11 21:33:18.47452+00
1788896450.727654,multixact_member,17871,37743397,136,17490,0,741,0,2026-08-11 21:33:18.47452+00
1788896450.727654,multixact_offset,6582,37726159,278,6761,154,741,1,2026-08-11 21:33:18.47452+00
1788896450.727654,notify,0,0,0,0,0,0,0,2026-08-11 21:33:18.47452+00
1788896450.727654,serializable,0,0,0,0,0,0,0,2026-08-11 21:33:18.47452+00
1788896450.727654,subtransaction,98839,2803971,0,80229,0,587,586,2026-08-11 21:33:18.47452+00
1788896450.727654,transaction,6169,1174118187,2002082,5591,0,587,1,2026-08-11 21:33:18.47452+00
1788896450.727654,other,0,0,0,0,0,0,0,2026-08-11 21:33:18.47452+00
1788896510.822193,commit_timestamp,0,0,0,0,0,587,0,2026-08-11 21:33:18.47452+00
1788896510.822193,multixact_member,17890,37773962,136,17508,0,741,0,2026-08-11 21:33:18.47452+00
1788896510.822193,multixact_offset,6588,37756704,278,6767,154,741,1,2026-08-11 21:33:18.47452+00
1788896510.822193,notify,0,0,0,0,0,0,0,2026-08-11 21:33:18.47452+00
1788896510.822193,serializable,0,0,0,0,0,0,0,2026-08-11 21:33:18.47452+00
1788896510.822193,subtransaction,98864,2804315,0,80229,0,587,586,2026-08-11 21:33:18.47452+00
1788896510.822193,transaction,6171,1174456432,2002093,5591,0,587,1,2026-08-11 21:33:18.47452+00
1788896510.822193,other,0,0,0,0,0,0,0,2026-08-11 21:33:18.47452+00
1788896570.951901,commit_timestamp,0,0,0,0,0,587,0,2026-08-11 21:33:18.47452+00
1788896570.951901,multixact_member,17912,37810815,136,17508,0,741,0,2026-08-11 21:33:18.47452+00
1788896570.951901,multixact_offset,6595,37793517,278,6767,154,741,1,2026-08-11 21:33:18.47452+00
1788896570.951901,notify,0,0,0,0,0,0,0,2026-08-11 21:33:18.47452+00
1788896570.951901,serializable,0,0,0,0,0,0,0,2026-08-11 21:33:18.47452+00
1788896570.951901,subtransaction,98890,2804757,0,80229,0,587,586,2026-08-11 21:33:18.47452+00
1788896570.951901,transaction,6172,1174748275,2002101,5591,0,587,1,2026-08-11 21:33:18.47452+00
1788896570.951901,other,0,0,0,0,0,0,0,2026-08-11 21:33:18.47452+00
1788896630.074162,commit_timestamp,0,0,0,0,0,587,0,2026-08-11 21:33:18.47452+00
1788896630.074162,multixact_member,17933,37844577,136,17521,0,741,0,2026-08-11 21:33:18.47452+00
1788896630.074162,multixact_offset,6603,37827250,278,6767,154,741,1,2026-08-11 21:33:18.47452+00
1788896630.074162,notify,0,0,0,0,0,0,0,2026-08-11 21:33:18.47452+00
1788896630.074162,serializable,0,0,0,0,0,0,0,2026-08-11 21:33:18.47452+00
1788896630.074162,subtransaction,98915,2805152,0,80229,0,587,586,2026-08-11 21:33:18.47452+00
1788896630.074162,transaction,6174,1175036026,2002109,5591,0,587,1,2026-08-11 21:33:18.47452+00
1788896630.074162,other,0,0,0,0,0,0,0,2026-08-11 21:33:18.47452+00
1788896690.180791,commit_timestamp,0,0,0,0,0,587,0,2026-08-11 21:33:18.47452+00
1788896690.180791,multixact_member,17954,37878113,136,17542,0,741,0,2026-08-11 21:33:18.47452+00
1788896690.180791,multixact_offset,6610,37860775,278,6774,154,741,1,2026-08-11 21:33:18.47452+00
1788896690.180791,notify,0,0,0,0,0,0,0,2026-08-11 21:33:18.47452+00
1788896690.180791,serializable,0,0,0,0,0,0,0,2026-08-11 21:33:18.47452+00
1788896690.180791,subtransaction,98941,2805561,0,80229,0,587,586,2026-08-11 21:33:18.47452+00
1788896690.180791,transaction,6175,1175329322,2002118,5591,0,587,1,2026-08-11 21:33:18.47452+00
1788896690.180791,other,0,0,0,0,0,0,0,2026-08-11 21:33:18.47452+00
1788896750.270928,commit_timestamp,0,0,0,0,0,587,0,2026-08-11 21:33:18.47452+00
1788896750.270928,multixact_member,17974,37911291,136,17562,0,741,0,2026-08-11 21:33:18.47452+00
1788896750.270928,multixact_offset,6617,37893937,278,6781,154,741,1,2026-08-11 21:33:18.47452+00
1788896750.270928,notify,0,0,0,0,0,0,0,2026-08-11 21:33:18.47452+00
1788896750.270928,serializable,0,0,0,0,0,0,0,2026-08-11 21:33:18.47452+00
1788896750.270928,subtransaction,98967,2805900,0,80229,0,587,586,2026-08-11 21:33:18.47452+00
1788896750.270928,transaction,6177,1175624272,2002132,5591,0,587,1,2026-08-11 21:33:18.47452+00
1788896750.270928,other,0,0,0,0,0,0,0,2026-08-11 21:33:18.47452+00
