ctime,pid,ssl,version,cipher,bits,client_dn,client_serial,issuer_dn
1788840531.658668,3680769,f,,,,,,
1788840531.658668,3680766,f,,,,,,
1788840531.658668,3680772,f,,,,,,
1788840531.658668,3680759,f,,,,,,
1788840531.658668,3680765,f,,,,,,
1788840531.658668,3680774,f,,,,,,
1788840531.658668,3680753,f,,,,,,
1788840531.658668,3680767,f,,,,,,
1788840531.658668,3680770,f,,,,,,
1788840531.658668,3680762,f,,,,,,
1788840531.658668,3680773,f,,,,,,
1788840531.658668,3680758,f,,,,,,
1788840531.658668,3680761,f,,,,,,
1788840531.658668,3680775,f,,,,,,
1788840531.658668,3680768,f,,,,,,
1788840531.658668,3680763,f,,,,,,
1788840531.658668,3680764,f,,,,,,
1788840591.712273,3680800,f,,,,,,
1788840591.712273,3680801,f,,,,,,
1788840591.712273,3680802,f,,,,,,
1788840591.712273,3680803,f,,,,,,
1788840591.712273,3680806,f,,,,,,
1788840591.712273,3680811,f,,,,,,
1788840591.712273,3681402,f,,,,,,
1788840591.712273,3682518,f,,,,,,
1788840591.712273,3682524,f,,,,,,
1788840591.712273,3682525,f,,,,,,
1788840591.712273,3682531,f,,,,,,
1788840591.712273,3680812,f,,,,,,
1788840591.712273,3682523,f,,,,,,
1788840591.712273,3682527,f,,,,,,
1788840591.712273,3682529,f,,,,,,
1788840591.712273,3680813,f,,,,,,
1788840591.712273,3682530,f,,,,,,
1788840591.712273,3680810,f,,,,,,
1788840591.712273,3682526,f,,,,,,
1788840591.712273,3682522,f,,,,,,
1788840591.712273,3680807,f,,,,,,
1788840591.712273,3680814,f,,,,,,
1788840591.712273,3682528,f,,,,,,
1788840591.712273,3680809,f,,,,,,
1788840591.712273,3680836,f,,,,,,
1788840591.712273,3680805,f,,,,,,
1788840591.712273,3682520,f,,,,,,
1788840591.712273,3682521,f,,,,,,
1788840591.712273,3680808,f,,,,,,
1788840591.712273,3680804,f,,,,,,
1788840591.712273,3680795,f,,,,,,
1788840591.712273,3680799,f,,,,,,
1788840651.758884,3680800,f,,,,,,
1788840651.758884,3680801,f,,,,,,
1788840651.758884,3680802,f,,,,,,
1788840651.758884,3680803,f,,,,,,
1788840651.758884,3680806,f,,,,,,
1788840651.758884,3680811,f,,,,,,
1788840651.758884,3681402,f,,,,,,
1788840651.758884,3685103,f,,,,,,
1788840651.758884,3685105,f,,,,,,
1788840651.758884,3685087,f,,,,,,
1788840651.758884,3685086,f,,,,,,
1788840651.758884,3685102,f,,,,,,
1788840651.758884,3685099,f,,,,,,
1788840651.758884,3685097,f,,,,,,
1788840651.758884,3685101,f,,,,,,
1788840651.758884,3685079,f,,,,,,
1788840651.758884,3685104,f,,,,,,
1788840651.758884,3685095,f,,,,,,
1788840651.758884,3680812,f,,,,,,
1788840651.758884,3680813,f,,,,,,
1788840651.758884,3680810,f,,,,,,
1788840651.758884,3680807,f,,,,,,
1788840651.758884,3680814,f,,,,,,
1788840651.758884,3680809,f,,,,,,
1788840651.758884,3680836,f,,,,,,
1788840651.758884,3680805,f,,,,,,
1788840651.758884,3680808,f,,,,,,
1788840651.758884,3680804,f,,,,,,
1788840651.758884,3680795,f,,,,,,
1788840651.758884,3680799,f,,,,,,
1788840711.814203,3680800,f,,,,,,
1788840711.814203,3680801,f,,,,,,
1788840711.814203,3680802,f,,,,,,
1788840711.814203,3680803,f,,,,,,
1788840711.814203,3680806,f,,,,,,
1788840711.814203,3680811,f,,,,,,
1788840711.814203,3681402,f,,,,,,
1788840711.814203,3687627,f,,,,,,
1788840711.814203,3687629,f,,,,,,
1788840711.814203,3680812,f,,,,,,
1788840711.814203,3680813,f,,,,,,
1788840711.814203,3680810,f,,,,,,
1788840711.814203,3680807,f,,,,,,
1788840711.814203,3680814,f,,,,,,
1788840711.814203,3680809,f,,,,,,
1788840711.814203,3680836,f,,,,,,
1788840711.814203,3680805,f,,,,,,
1788840711.814203,3680808,f,,,,,,
1788840711.814203,3687633,f,,,,,,
1788840711.814203,3687632,f,,,,,,
1788840711.814203,3687622,f,,,,,,
1788840711.814203,3687625,f,,,,,,
1788840711.814203,3687628,f,,,,,,
1788840711.814203,3687630,f,,,,,,
1788840711.814203,3687615,f,,,,,,
1788840711.814203,3687623,f,,,,,,
1788840711.814203,3680804,f,,,,,,
1788840711.814203,3680795,f,,,,,,
1788840711.814203,3680799,f,,,,,,
1788840771.870956,3680800,f,,,,,,
1788840771.870956,3680801,f,,,,,,
1788840771.870956,3680802,f,,,,,,
1788840771.870956,3680803,f,,,,,,
1788840771.870956,3680806,f,,,,,,
1788840771.870956,3680811,f,,,,,,
1788840771.870956,3681402,f,,,,,,
1788840771.870956,3690133,f,,,,,,
1788840771.870956,3690136,f,,,,,,
1788840771.870956,3690140,f,,,,,,
1788840771.870956,3690135,f,,,,,,
1788840771.870956,3690138,f,,,,,,
1788840771.870956,3690134,f,,,,,,
1788840771.870956,3690137,f,,,,,,
1788840771.870956,3690141,f,,,,,,
1788840771.870956,3680812,f,,,,,,
1788840771.870956,3680813,f,,,,,,
1788840771.870956,3680810,f,,,,,,
1788840771.870956,3680807,f,,,,,,
1788840771.870956,3680814,f,,,,,,
1788840771.870956,3680809,f,,,,,,
1788840771.870956,3680836,f,,,,,,
1788840771.870956,3680805,f,,,,,,
1788840771.870956,3680808,f,,,,,,
1788840771.870956,3690131,f,,,,,,
1788840771.870956,3680804,f,,,,,,
1788840771.870956,3680795,f,,,,,,
1788840771.870956,3680799,f,,,,,,
1788840831.910293,3680800,f,,,,,,
1788840831.910293,3680801,f,,,,,,
1788840831.910293,3680802,f,,,,,,
1788840831.910293,3680803,f,,,,,,
1788840831.910293,3680806,f,,,,,,
1788840831.910293,3680811,f,,,,,,
1788840831.910293,3681402,f,,,,,,
1788840831.910293,3692732,f,,,,,,
1788840831.910293,3692735,f,,,,,,
1788840831.910293,3692733,f,,,,,,
1788840831.910293,3692731,f,,,,,,
1788840831.910293,3692715,f,,,,,,
1788840831.910293,3692720,f,,,,,,
1788840831.910293,3692726,f,,,,,,
1788840831.910293,3692734,f,,,,,,
1788840831.910293,3692725,f,,,,,,
1788840831.910293,3680812,f,,,,,,
1788840831.910293,3680813,f,,,,,,
1788840831.910293,3680810,f,,,,,,
1788840831.910293,3680807,f,,,,,,
1788840831.910293,3680814,f,,,,,,
1788840831.910293,3680809,f,,,,,,
1788840831.910293,3680836,f,,,,,,
1788840831.910293,3680805,f,,,,,,
1788840831.910293,3680808,f,,,,,,
1788840831.910293,3680804,f,,,,,,
1788840831.910293,3680795,f,,,,,,
1788840831.910293,3680799,f,,,,,,
1788840891.978277,3680800,f,,,,,,
1788840891.978277,3680801,f,,,,,,
1788840891.978277,3680802,f,,,,,,
1788840891.978277,3680803,f,,,,,,
1788840891.978277,3680806,f,,,,,,
1788840891.978277,3680811,f,,,,,,
1788840891.978277,3681402,f,,,,,,
1788840891.978277,3695480,f,,,,,,
1788840891.978277,3695482,f,,,,,,
1788840891.978277,3695481,f,,,,,,
1788840891.978277,3695473,f,,,,,,
1788840891.978277,3695486,f,,,,,,
1788840891.978277,3695475,f,,,,,,
1788840891.978277,3695477,f,,,,,,
1788840891.978277,3695485,f,,,,,,
1788840891.978277,3695472,f,,,,,,
1788840891.978277,3695489,f,,,,,,
1788840891.978277,3695484,f,,,,,,
1788840891.978277,3695488,f,,,,,,
1788840891.978277,3695487,f,,,,,,
1788840891.978277,3680812,f,,,,,,
1788840891.978277,3680813,f,,,,,,
1788840891.978277,3680810,f,,,,,,
1788840891.978277,3680807,f,,,,,,
1788840891.978277,3680814,f,,,,,,
1788840891.978277,3680809,f,,,,,,
1788840891.978277,3680836,f,,,,,,
1788840891.978277,3680805,f,,,,,,
1788840891.978277,3680808,f,,,,,,
1788840891.978277,3680804,f,,,,,,
1788840891.978277,3680795,f,,,,,,
1788840891.978277,3680799,f,,,,,,
1788840952.024653,3680800,f,,,,,,
1788840952.024653,3680801,f,,,,,,
1788840952.024653,3680802,f,,,,,,
1788840952.024653,3680803,f,,,,,,
1788840952.024653,3680806,f,,,,,,
1788840952.024653,3680811,f,,,,,,
1788840952.024653,3681402,f,,,,,,
1788840952.024653,3698232,f,,,,,,
1788840952.024653,3698239,f,,,,,,
1788840952.024653,3698238,f,,,,,,
1788840952.024653,3698236,f,,,,,,
1788840952.024653,3698227,f,,,,,,
1788840952.024653,3698219,f,,,,,,
1788840952.024653,3698220,f,,,,,,
1788840952.024653,3698233,f,,,,,,
1788840952.024653,3698221,f,,,,,,
1788840952.024653,3698229,f,,,,,,
1788840952.024653,3698235,f,,,,,,
1788840952.024653,3698237,f,,,,,,
1788840952.024653,3680812,f,,,,,,
1788840952.024653,3680813,f,,,,,,
1788840952.024653,3680810,f,,,,,,
1788840952.024653,3680807,f,,,,,,
1788840952.024653,3680814,f,,,,,,
1788840952.024653,3680809,f,,,,,,
1788840952.024653,3680836,f,,,,,,
1788840952.024653,3680805,f,,,,,,
1788840952.024653,3680808,f,,,,,,
1788840952.024653,3680804,f,,,,,,
1788840952.024653,3680795,f,,,,,,
1788840952.024653,3680799,f,,,,,,
1788841011.094307,3680800,f,,,,,,
1788841011.094307,3680801,f,,,,,,
1788841011.094307,3680802,f,,,,,,
1788841011.094307,3680803,f,,,,,,
1788841011.094307,3680806,f,,,,,,
1788841011.094307,3680811,f,,,,,,
1788841011.094307,3681402,f,,,,,,
1788841011.094307,3700976,f,,,,,,
1788841011.094307,3700974,f,,,,,,
1788841011.094307,3700971,f,,,,,,
1788841011.094307,3700977,f,,,,,,
1788841011.094307,3700975,f,,,,,,
1788841011.094307,3680812,f,,,,,,
1788841011.094307,3680813,f,,,,,,
1788841011.094307,3680810,f,,,,,,
1788841011.094307,3680807,f,,,,,,
1788841011.094307,3680814,f,,,,,,
1788841011.094307,3680809,f,,,,,,
1788841011.094307,3680836,f,,,,,,
1788841011.094307,3680805,f,,,,,,
1788841011.094307,3680808,f,,,,,,
1788841011.094307,3680804,f,,,,,,
1788841011.094307,3680795,f,,,,,,
1788841011.094307,3680799,f,,,,,,
1788841071.147649,3680800,f,,,,,,
1788841071.147649,3680801,f,,,,,,
1788841071.147649,3680802,f,,,,,,
1788841071.147649,3680803,f,,,,,,
1788841071.147649,3680806,f,,,,,,
1788841071.147649,3680811,f,,,,,,
1788841071.147649,3681402,f,,,,,,
1788841071.147649,3703799,f,,,,,,
1788841071.147649,3703804,f,,,,,,
1788841071.147649,3703803,f,,,,,,
1788841071.147649,3703801,f,,,,,,
1788841071.147649,3703805,f,,,,,,
1788841071.147649,3703808,f,,,,,,
1788841071.147649,3703797,f,,,,,,
1788841071.147649,3703810,f,,,,,,
1788841071.147649,3680812,f,,,,,,
1788841071.147649,3680813,f,,,,,,
1788841071.147649,3680810,f,,,,,,
1788841071.147649,3680807,f,,,,,,
1788841071.147649,3680814,f,,,,,,
1788841071.147649,3680809,f,,,,,,
1788841071.147649,3680836,f,,,,,,
1788841071.147649,3680805,f,,,,,,
1788841071.147649,3680808,f,,,,,,
1788841071.147649,3680804,f,,,,,,
1788841071.147649,3680795,f,,,,,,
1788841071.147649,3680799,f,,,,,,
1788841131.184930,3680800,f,,,,,,
1788841131.184930,3680801,f,,,,,,
1788841131.184930,3680802,f,,,,,,
1788841131.184930,3680803,f,,,,,,
1788841131.184930,3680806,f,,,,,,
1788841131.184930,3680811,f,,,,,,
1788841131.184930,3681402,f,,,,,,
1788841131.184930,3706610,f,,,,,,
1788841131.184930,3706632,f,,,,,,
1788841131.184930,3706628,f,,,,,,
1788841131.184930,3706625,f,,,,,,
1788841131.184930,3706630,f,,,,,,
1788841131.184930,3706623,f,,,,,,
1788841131.184930,3706611,f,,,,,,
1788841131.184930,3706607,f,,,,,,
1788841131.184930,3706631,f,,,,,,
1788841131.184930,3706627,f,,,,,,
1788841131.184930,3706633,f,,,,,,
1788841131.184930,3706634,f,,,,,,
1788841131.184930,3706629,f,,,,,,
1788841131.184930,3680812,f,,,,,,
1788841131.184930,3680813,f,,,,,,
1788841131.184930,3680810,f,,,,,,
1788841131.184930,3680807,f,,,,,,
1788841131.184930,3680814,f,,,,,,
1788841131.184930,3680809,f,,,,,,
1788841131.184930,3680836,f,,,,,,
1788841131.184930,3680805,f,,,,,,
1788841131.184930,3680808,f,,,,,,
1788841131.184930,3680804,f,,,,,,
1788841131.184930,3680795,f,,,,,,
1788841131.184930,3680799,f,,,,,,
1788841191.247078,3680800,f,,,,,,
1788841191.247078,3680801,f,,,,,,
1788841191.247078,3680802,f,,,,,,
1788841191.247078,3680803,f,,,,,,
1788841191.247078,3680806,f,,,,,,
1788841191.247078,3680811,f,,,,,,
1788841191.247078,3681402,f,,,,,,
1788841191.247078,3709511,f,,,,,,
1788841191.247078,3709518,f,,,,,,
1788841191.247078,3709501,f,,,,,,
1788841191.247078,3709510,f,,,,,,
1788841191.247078,3709517,f,,,,,,
1788841191.247078,3709515,f,,,,,,
1788841191.247078,3709523,f,,,,,,
1788841191.247078,3709522,f,,,,,,
1788841191.247078,3709512,f,,,,,,
1788841191.247078,3709521,f,,,,,,
1788841191.247078,3709516,f,,,,,,
1788841191.247078,3680812,f,,,,,,
1788841191.247078,3680813,f,,,,,,
1788841191.247078,3680810,f,,,,,,
1788841191.247078,3680807,f,,,,,,
1788841191.247078,3680814,f,,,,,,
1788841191.247078,3680809,f,,,,,,
1788841191.247078,3680836,f,,,,,,
1788841191.247078,3680805,f,,,,,,
1788841191.247078,3680808,f,,,,,,
1788841191.247078,3680804,f,,,,,,
1788841191.247078,3680795,f,,,,,,
1788841191.247078,3680799,f,,,,,,
1788841251.293570,3680800,f,,,,,,
1788841251.293570,3680801,f,,,,,,
1788841251.293570,3680802,f,,,,,,
1788841251.293570,3680803,f,,,,,,
1788841251.293570,3680806,f,,,,,,
1788841251.293570,3680811,f,,,,,,
1788841251.293570,3681402,f,,,,,,
1788841251.293570,3712444,f,,,,,,
1788841251.293570,3712437,f,,,,,,
1788841251.293570,3712433,f,,,,,,
1788841251.293570,3712434,f,,,,,,
1788841251.293570,3712442,f,,,,,,
1788841251.293570,3712441,f,,,,,,
1788841251.293570,3712449,f,,,,,,
1788841251.293570,3712447,f,,,,,,
1788841251.293570,3680812,f,,,,,,
1788841251.293570,3680813,f,,,,,,
1788841251.293570,3680810,f,,,,,,
1788841251.293570,3680807,f,,,,,,
1788841251.293570,3680814,f,,,,,,
1788841251.293570,3680809,f,,,,,,
1788841251.293570,3680836,f,,,,,,
1788841251.293570,3680805,f,,,,,,
1788841251.293570,3680808,f,,,,,,
1788841251.293570,3680804,f,,,,,,
1788841251.293570,3680795,f,,,,,,
1788841251.293570,3680799,f,,,,,,
1788841311.359154,3680800,f,,,,,,
1788841311.359154,3680801,f,,,,,,
1788841311.359154,3680802,f,,,,,,
1788841311.359154,3680803,f,,,,,,
1788841311.359154,3680806,f,,,,,,
1788841311.359154,3680811,f,,,,,,
1788841311.359154,3681402,f,,,,,,
1788841311.359154,3715334,f,,,,,,
1788841311.359154,3715332,f,,,,,,
1788841311.359154,3715343,f,,,,,,
1788841311.359154,3715341,f,,,,,,
1788841311.359154,3715335,f,,,,,,
1788841311.359154,3715338,f,,,,,,
1788841311.359154,3715333,f,,,,,,
1788841311.359154,3715336,f,,,,,,
1788841311.359154,3680812,f,,,,,,
1788841311.359154,3680813,f,,,,,,
1788841311.359154,3680810,f,,,,,,
1788841311.359154,3680807,f,,,,,,
1788841311.359154,3680814,f,,,,,,
1788841311.359154,3680809,f,,,,,,
1788841311.359154,3680836,f,,,,,,
1788841311.359154,3680805,f,,,,,,
1788841311.359154,3680808,f,,,,,,
1788841311.359154,3715344,f,,,,,,
1788841311.359154,3680804,f,,,,,,
1788841311.359154,3680795,f,,,,,,
1788841311.359154,3680799,f,,,,,,
1788841371.406356,3680800,f,,,,,,
1788841371.406356,3680801,f,,,,,,
1788841371.406356,3680802,f,,,,,,
1788841371.406356,3680803,f,,,,,,
1788841371.406356,3680806,f,,,,,,
1788841371.406356,3680811,f,,,,,,
1788841371.406356,3681402,f,,,,,,
1788841371.406356,3718329,f,,,,,,
1788841371.406356,3718338,f,,,,,,
1788841371.406356,3718339,f,,,,,,
1788841371.406356,3718343,f,,,,,,
1788841371.406356,3718341,f,,,,,,
1788841371.406356,3680812,f,,,,,,
1788841371.406356,3718344,f,,,,,,
1788841371.406356,3718340,f,,,,,,
1788841371.406356,3680813,f,,,,,,
1788841371.406356,3680810,f,,,,,,
1788841371.406356,3680807,f,,,,,,
1788841371.406356,3680814,f,,,,,,
1788841371.406356,3680809,f,,,,,,
1788841371.406356,3680836,f,,,,,,
1788841371.406356,3680805,f,,,,,,
1788841371.406356,3680808,f,,,,,,
1788841371.406356,3680804,f,,,,,,
1788841371.406356,3680795,f,,,,,,
1788841371.406356,3680799,f,,,,,,
1788841431.447270,3680800,f,,,,,,
1788841431.447270,3680801,f,,,,,,
1788841431.447270,3680802,f,,,,,,
1788841431.447270,3680803,f,,,,,,
1788841431.447270,3680806,f,,,,,,
1788841431.447270,3680811,f,,,,,,
1788841431.447270,3681402,f,,,,,,
1788841431.447270,3721257,f,,,,,,
1788841431.447270,3721255,f,,,,,,
1788841431.447270,3680812,f,,,,,,
1788841431.447270,3721259,f,,,,,,
1788841431.447270,3721261,f,,,,,,
1788841431.447270,3721258,f,,,,,,
1788841431.447270,3721264,f,,,,,,
1788841431.447270,3721262,f,,,,,,
1788841431.447270,3680813,f,,,,,,
1788841431.447270,3680810,f,,,,,,
1788841431.447270,3680807,f,,,,,,
1788841431.447270,3680814,f,,,,,,
1788841431.447270,3721260,f,,,,,,
1788841431.447270,3721254,f,,,,,,
1788841431.447270,3721263,f,,,,,,
1788841431.447270,3680809,f,,,,,,
1788841431.447270,3680836,f,,,,,,
1788841431.447270,3680805,f,,,,,,
1788841431.447270,3680808,f,,,,,,
1788841431.447270,3680804,f,,,,,,
1788841431.447270,3680795,f,,,,,,
1788841431.447270,3680799,f,,,,,,
1788841491.491446,3680800,f,,,,,,
1788841491.491446,3680801,f,,,,,,
1788841491.491446,3680802,f,,,,,,
1788841491.491446,3680803,f,,,,,,
1788841491.491446,3680806,f,,,,,,
1788841491.491446,3680811,f,,,,,,
1788841491.491446,3681402,f,,,,,,
1788841491.491446,3680812,f,,,,,,
1788841491.491446,3680813,f,,,,,,
1788841491.491446,3680810,f,,,,,,
1788841491.491446,3680807,f,,,,,,
1788841491.491446,3724285,f,,,,,,
1788841491.491446,3680814,f,,,,,,
1788841491.491446,3724280,f,,,,,,
1788841491.491446,3680809,f,,,,,,
1788841491.491446,3680836,f,,,,,,
1788841491.491446,3680805,f,,,,,,
1788841491.491446,3680808,f,,,,,,
1788841491.491446,3724284,f,,,,,,
1788841491.491446,3724283,f,,,,,,
1788841491.491446,3724279,f,,,,,,
1788841491.491446,3680804,f,,,,,,
1788841491.491446,3680795,f,,,,,,
1788841491.491446,3680799,f,,,,,,
1788841551.546746,3680800,f,,,,,,
1788841551.546746,3680801,f,,,,,,
1788841551.546746,3680802,f,,,,,,
1788841551.546746,3680803,f,,,,,,
1788841551.546746,3680806,f,,,,,,
1788841551.546746,3680811,f,,,,,,
1788841551.546746,3681402,f,,,,,,
1788841551.546746,3727225,f,,,,,,
1788841551.546746,3727233,f,,,,,,
1788841551.546746,3727226,f,,,,,,
1788841551.546746,3727230,f,,,,,,
1788841551.546746,3727223,f,,,,,,
1788841551.546746,3727224,f,,,,,,
1788841551.546746,3727231,f,,,,,,
1788841551.546746,3727232,f,,,,,,
1788841551.546746,3727229,f,,,,,,
1788841551.546746,3727227,f,,,,,,
1788841551.546746,3727228,f,,,,,,
1788841551.546746,3680812,f,,,,,,
1788841551.546746,3680813,f,,,,,,
1788841551.546746,3680810,f,,,,,,
1788841551.546746,3680807,f,,,,,,
1788841551.546746,3680814,f,,,,,,
1788841551.546746,3680809,f,,,,,,
1788841551.546746,3680836,f,,,,,,
1788841551.546746,3680805,f,,,,,,
1788841551.546746,3680808,f,,,,,,
1788841551.546746,3680804,f,,,,,,
1788841551.546746,3680795,f,,,,,,
1788841551.546746,3680799,f,,,,,,
1788841611.612236,3680800,f,,,,,,
1788841611.612236,3680801,f,,,,,,
1788841611.612236,3680802,f,,,,,,
1788841611.612236,3680803,f,,,,,,
1788841611.612236,3680806,f,,,,,,
1788841611.612236,3680811,f,,,,,,
1788841611.612236,3681402,f,,,,,,
1788841611.612236,3730159,f,,,,,,
1788841611.612236,3730157,f,,,,,,
1788841611.612236,3730158,f,,,,,,
1788841611.612236,3730142,f,,,,,,
1788841611.612236,3730160,f,,,,,,
1788841611.612236,3730146,f,,,,,,
1788841611.612236,3730155,f,,,,,,
1788841611.612236,3680812,f,,,,,,
1788841611.612236,3680813,f,,,,,,
1788841611.612236,3680810,f,,,,,,
1788841611.612236,3680807,f,,,,,,
1788841611.612236,3680814,f,,,,,,
1788841611.612236,3680809,f,,,,,,
1788841611.612236,3680836,f,,,,,,
1788841611.612236,3680805,f,,,,,,
1788841611.612236,3680808,f,,,,,,
1788841611.612236,3730162,f,,,,,,
1788841611.612236,3730161,f,,,,,,
1788841611.612236,3680804,f,,,,,,
1788841611.612236,3680795,f,,,,,,
1788841611.612236,3680799,f,,,,,,
1788841671.662159,3680800,f,,,,,,
1788841671.662159,3680801,f,,,,,,
1788841671.662159,3680802,f,,,,,,
1788841671.662159,3680803,f,,,,,,
1788841671.662159,3680806,f,,,,,,
1788841671.662159,3680811,f,,,,,,
1788841671.662159,3681402,f,,,,,,
1788841671.662159,3733145,f,,,,,,
1788841671.662159,3733146,f,,,,,,
1788841671.662159,3680812,f,,,,,,
1788841671.662159,3680813,f,,,,,,
1788841671.662159,3680810,f,,,,,,
1788841671.662159,3680807,f,,,,,,
1788841671.662159,3680814,f,,,,,,
1788841671.662159,3680809,f,,,,,,
1788841671.662159,3680836,f,,,,,,
1788841671.662159,3680805,f,,,,,,
1788841671.662159,3680808,f,,,,,,
1788841671.662159,3733142,f,,,,,,
1788841671.662159,3733150,f,,,,,,
1788841671.662159,3733149,f,,,,,,
1788841671.662159,3733151,f,,,,,,
1788841671.662159,3733152,f,,,,,,
1788841671.662159,3733148,f,,,,,,
1788841671.662159,3680804,f,,,,,,
1788841671.662159,3680795,f,,,,,,
1788841671.662159,3680799,f,,,,,,
1788841731.720214,3680800,f,,,,,,
1788841731.720214,3680801,f,,,,,,
1788841731.720214,3680802,f,,,,,,
1788841731.720214,3680803,f,,,,,,
1788841731.720214,3680806,f,,,,,,
1788841731.720214,3680811,f,,,,,,
1788841731.720214,3681402,f,,,,,,
1788841731.720214,3680812,f,,,,,,
1788841731.720214,3680813,f,,,,,,
1788841731.720214,3680810,f,,,,,,
1788841731.720214,3680807,f,,,,,,
1788841731.720214,3680814,f,,,,,,
1788841731.720214,3680809,f,,,,,,
1788841731.720214,3680836,f,,,,,,
1788841731.720214,3680805,f,,,,,,
1788841731.720214,3680808,f,,,,,,
1788841731.720214,3736100,f,,,,,,
1788841731.720214,3736097,f,,,,,,
1788841731.720214,3736106,f,,,,,,
1788841731.720214,3736101,f,,,,,,
1788841731.720214,3736107,f,,,,,,
1788841731.720214,3736108,f,,,,,,
1788841731.720214,3736102,f,,,,,,
1788841731.720214,3736104,f,,,,,,
1788841731.720214,3736105,f,,,,,,
1788841731.720214,3680804,f,,,,,,
1788841731.720214,3680795,f,,,,,,
1788841731.720214,3680799,f,,,,,,
1788841791.773159,3680800,f,,,,,,
1788841791.773159,3680801,f,,,,,,
1788841791.773159,3680802,f,,,,,,
1788841791.773159,3680803,f,,,,,,
1788841791.773159,3680806,f,,,,,,
1788841791.773159,3680811,f,,,,,,
1788841791.773159,3681402,f,,,,,,
1788841791.773159,3680812,f,,,,,,
1788841791.773159,3680813,f,,,,,,
1788841791.773159,3680810,f,,,,,,
1788841791.773159,3680807,f,,,,,,
1788841791.773159,3680814,f,,,,,,
1788841791.773159,3680809,f,,,,,,
1788841791.773159,3680836,f,,,,,,
1788841791.773159,3680805,f,,,,,,
1788841791.773159,3680808,f,,,,,,
1788841791.773159,3739096,f,,,,,,
1788841791.773159,3739103,f,,,,,,
1788841791.773159,3739104,f,,,,,,
1788841791.773159,3739099,f,,,,,,
1788841791.773159,3739100,f,,,,,,
1788841791.773159,3739102,f,,,,,,
1788841791.773159,3739089,f,,,,,,
1788841791.773159,3739097,f,,,,,,
1788841791.773159,3739106,f,,,,,,
1788841791.773159,3739101,f,,,,,,
1788841791.773159,3680804,f,,,,,,
1788841791.773159,3680795,f,,,,,,
1788841791.773159,3680799,f,,,,,,
1788841851.817341,3680800,f,,,,,,
1788841851.817341,3680801,f,,,,,,
1788841851.817341,3680802,f,,,,,,
1788841851.817341,3680803,f,,,,,,
1788841851.817341,3680806,f,,,,,,
1788841851.817341,3680811,f,,,,,,
1788841851.817341,3681402,f,,,,,,
1788841851.817341,3680812,f,,,,,,
1788841851.817341,3680813,f,,,,,,
1788841851.817341,3680810,f,,,,,,
1788841851.817341,3680807,f,,,,,,
1788841851.817341,3680814,f,,,,,,
1788841851.817341,3680809,f,,,,,,
1788841851.817341,3680836,f,,,,,,
1788841851.817341,3680805,f,,,,,,
1788841851.817341,3680808,f,,,,,,
1788841851.817341,3742060,f,,,,,,
1788841851.817341,3742061,f,,,,,,
1788841851.817341,3742067,f,,,,,,
1788841851.817341,3742056,f,,,,,,
1788841851.817341,3742058,f,,,,,,
1788841851.817341,3742063,f,,,,,,
1788841851.817341,3742062,f,,,,,,
1788841851.817341,3742065,f,,,,,,
1788841851.817341,3742071,f,,,,,,
1788841851.817341,3742064,f,,,,,,
1788841851.817341,3742069,f,,,,,,
1788841851.817341,3680804,f,,,,,,
1788841851.817341,3680795,f,,,,,,
1788841851.817341,3680799,f,,,,,,
1788841911.879520,3680800,f,,,,,,
1788841911.879520,3680801,f,,,,,,
1788841911.879520,3680802,f,,,,,,
1788841911.879520,3680803,f,,,,,,
1788841911.879520,3680806,f,,,,,,
1788841911.879520,3680811,f,,,,,,
1788841911.879520,3681402,f,,,,,,
1788841911.879520,3745000,f,,,,,,
1788841911.879520,3744997,f,,,,,,
1788841911.879520,3745002,f,,,,,,
1788841911.879520,3745004,f,,,,,,
1788841911.879520,3744993,f,,,,,,
1788841911.879520,3744995,f,,,,,,
1788841911.879520,3745005,f,,,,,,
1788841911.879520,3745003,f,,,,,,
1788841911.879520,3744999,f,,,,,,
1788841911.879520,3745006,f,,,,,,
1788841911.879520,3744992,f,,,,,,
1788841911.879520,3680812,f,,,,,,
1788841911.879520,3680813,f,,,,,,
1788841911.879520,3680810,f,,,,,,
1788841911.879520,3680807,f,,,,,,
1788841911.879520,3680814,f,,,,,,
1788841911.879520,3680809,f,,,,,,
1788841911.879520,3680836,f,,,,,,
1788841911.879520,3680805,f,,,,,,
1788841911.879520,3680808,f,,,,,,
1788841911.879520,3745001,f,,,,,,
1788841911.879520,3680804,f,,,,,,
1788841911.879520,3680795,f,,,,,,
1788841911.879520,3680799,f,,,,,,
1788841971.924746,3680800,f,,,,,,
1788841971.924746,3680801,f,,,,,,
1788841971.924746,3680802,f,,,,,,
1788841971.924746,3680803,f,,,,,,
1788841971.924746,3680806,f,,,,,,
1788841971.924746,3680811,f,,,,,,
1788841971.924746,3681402,f,,,,,,
1788841971.924746,3747944,f,,,,,,
1788841971.924746,3747942,f,,,,,,
1788841971.924746,3680812,f,,,,,,
1788841971.924746,3680813,f,,,,,,
1788841971.924746,3680810,f,,,,,,
1788841971.924746,3680807,f,,,,,,
1788841971.924746,3680814,f,,,,,,
1788841971.924746,3680809,f,,,,,,
1788841971.924746,3680836,f,,,,,,
1788841971.924746,3680805,f,,,,,,
1788841971.924746,3680808,f,,,,,,
1788841971.924746,3747936,f,,,,,,
1788841971.924746,3747945,f,,,,,,
1788841971.924746,3747951,f,,,,,,
1788841971.924746,3747943,f,,,,,,
1788841971.924746,3747940,f,,,,,,
1788841971.924746,3747952,f,,,,,,
1788841971.924746,3747954,f,,,,,,
1788841971.924746,3747946,f,,,,,,
1788841971.924746,3747950,f,,,,,,
1788841971.924746,3747949,f,,,,,,
1788841971.924746,3747938,f,,,,,,
1788841971.924746,3680804,f,,,,,,
1788841971.924746,3680795,f,,,,,,
1788841971.924746,3680799,f,,,,,,
1788842031.996230,3680800,f,,,,,,
1788842031.996230,3680801,f,,,,,,
1788842031.996230,3680802,f,,,,,,
1788842031.996230,3680803,f,,,,,,
1788842031.996230,3680806,f,,,,,,
1788842031.996230,3680811,f,,,,,,
1788842031.996230,3681402,f,,,,,,
1788842031.996230,3680812,f,,,,,,
1788842031.996230,3680813,f,,,,,,
1788842031.996230,3680810,f,,,,,,
1788842031.996230,3680807,f,,,,,,
1788842031.996230,3680814,f,,,,,,
1788842031.996230,3680809,f,,,,,,
1788842031.996230,3680836,f,,,,,,
1788842031.996230,3680805,f,,,,,,
1788842031.996230,3680808,f,,,,,,
1788842031.996230,3750868,f,,,,,,
1788842031.996230,3750855,f,,,,,,
1788842031.996230,3750872,f,,,,,,
1788842031.996230,3750863,f,,,,,,
1788842031.996230,3750871,f,,,,,,
1788842031.996230,3750869,f,,,,,,
1788842031.996230,3750876,f,,,,,,
1788842031.996230,3750867,f,,,,,,
1788842031.996230,3750878,f,,,,,,
1788842031.996230,3750874,f,,,,,,
1788842031.996230,3750862,f,,,,,,
1788842031.996230,3750861,f,,,,,,
1788842031.996230,3680804,f,,,,,,
1788842031.996230,3680795,f,,,,,,
1788842031.996230,3680799,f,,,,,,
1788842091.042372,3680800,f,,,,,,
1788842091.042372,3753859,f,,,,,,
1788842091.042372,3680801,f,,,,,,
1788842091.042372,3680802,f,,,,,,
1788842091.042372,3680803,f,,,,,,
1788842091.042372,3680806,f,,,,,,
1788842091.042372,3680811,f,,,,,,
1788842091.042372,3681402,f,,,,,,
1788842091.042372,3680812,f,,,,,,
1788842091.042372,3680813,f,,,,,,
1788842091.042372,3680810,f,,,,,,
1788842091.042372,3680807,f,,,,,,
1788842091.042372,3680814,f,,,,,,
1788842091.042372,3680809,f,,,,,,
1788842091.042372,3680836,f,,,,,,
1788842091.042372,3680805,f,,,,,,
1788842091.042372,3680808,f,,,,,,
1788842091.042372,3753869,f,,,,,,
1788842091.042372,3753871,f,,,,,,
1788842091.042372,3753870,f,,,,,,
1788842091.042372,3753861,f,,,,,,
1788842091.042372,3753874,f,,,,,,
1788842091.042372,3753876,f,,,,,,
1788842091.042372,3753878,f,,,,,,
1788842091.042372,3753875,f,,,,,,
1788842091.042372,3753864,f,,,,,,
1788842091.042372,3753877,f,,,,,,
1788842091.042372,3753863,f,,,,,,
1788842091.042372,3753868,f,,,,,,
1788842091.042372,3753872,f,,,,,,
1788842091.042372,3753849,f,,,,,,
1788842091.042372,3753860,f,,,,,,
1788842091.042372,3680804,f,,,,,,
1788842091.042372,3680795,f,,,,,,
1788842091.042372,3680799,f,,,,,,
1788842151.090941,3680800,f,,,,,,
1788842151.090941,3680801,f,,,,,,
1788842151.090941,3756840,f,,,,,,
1788842151.090941,3680802,f,,,,,,
1788842151.090941,3680803,f,,,,,,
1788842151.090941,3756846,f,,,,,,
1788842151.090941,3680806,f,,,,,,
1788842151.090941,3680811,f,,,,,,
1788842151.090941,3756827,f,,,,,,
1788842151.090941,3681402,f,,,,,,
1788842151.090941,3756845,f,,,,,,
1788842151.090941,3680812,f,,,,,,
1788842151.090941,3680813,f,,,,,,
1788842151.090941,3680810,f,,,,,,
1788842151.090941,3680807,f,,,,,,
1788842151.090941,3680814,f,,,,,,
1788842151.090941,3680809,f,,,,,,
1788842151.090941,3680836,f,,,,,,
1788842151.090941,3680805,f,,,,,,
1788842151.090941,3680808,f,,,,,,
1788842151.090941,3756847,f,,,,,,
1788842151.090941,3756843,f,,,,,,
1788842151.090941,3680804,f,,,,,,
1788842151.090941,3756851,f,,,,,,
1788842151.090941,3756849,f,,,,,,
1788842151.090941,3680795,f,,,,,,
1788842151.090941,3680799,f,,,,,,
1788842211.153050,3680800,f,,,,,,
1788842211.153050,3680801,f,,,,,,
1788842211.153050,3680802,f,,,,,,
1788842211.153050,3680803,f,,,,,,
1788842211.153050,3680806,f,,,,,,
1788842211.153050,3680811,f,,,,,,
1788842211.153050,3681402,f,,,,,,
1788842211.153050,3759753,f,,,,,,
1788842211.153050,3759739,f,,,,,,
1788842211.153050,3759751,f,,,,,,
1788842211.153050,3680812,f,,,,,,
1788842211.153050,3759750,f,,,,,,
1788842211.153050,3680813,f,,,,,,
1788842211.153050,3680810,f,,,,,,
1788842211.153050,3759755,f,,,,,,
1788842211.153050,3680807,f,,,,,,
1788842211.153050,3680814,f,,,,,,
1788842211.153050,3680809,f,,,,,,
1788842211.153050,3680836,f,,,,,,
1788842211.153050,3680805,f,,,,,,
1788842211.153050,3759752,f,,,,,,
1788842211.153050,3680808,f,,,,,,
1788842211.153050,3680804,f,,,,,,
1788842211.153050,3680795,f,,,,,,
1788842211.153050,3680799,f,,,,,,
1788842271.195306,3680800,f,,,,,,
1788842271.195306,3680801,f,,,,,,
1788842271.195306,3680802,f,,,,,,
1788842271.195306,3680803,f,,,,,,
1788842271.195306,3680806,f,,,,,,
1788842271.195306,3680811,f,,,,,,
1788842271.195306,3681402,f,,,,,,
1788842271.195306,3762713,f,,,,,,
1788842271.195306,3762719,f,,,,,,
1788842271.195306,3762699,f,,,,,,
1788842271.195306,3762697,f,,,,,,
1788842271.195306,3762706,f,,,,,,
1788842271.195306,3762709,f,,,,,,
1788842271.195306,3762717,f,,,,,,
1788842271.195306,3762716,f,,,,,,
1788842271.195306,3762715,f,,,,,,
1788842271.195306,3762714,f,,,,,,
1788842271.195306,3762712,f,,,,,,
1788842271.195306,3762720,f,,,,,,
1788842271.195306,3762718,f,,,,,,
1788842271.195306,3762723,f,,,,,,
1788842271.195306,3762694,f,,,,,,
1788842271.195306,3762722,f,,,,,,
1788842271.195306,3680812,f,,,,,,
1788842271.195306,3680813,f,,,,,,
1788842271.195306,3680810,f,,,,,,
1788842271.195306,3762721,f,,,,,,
1788842271.195306,3680807,f,,,,,,
1788842271.195306,3680814,f,,,,,,
1788842271.195306,3680809,f,,,,,,
1788842271.195306,3680836,f,,,,,,
1788842271.195306,3680805,f,,,,,,
1788842271.195306,3762711,f,,,,,,
1788842271.195306,3680808,f,,,,,,
1788842271.195306,3680804,f,,,,,,
1788842271.195306,3680795,f,,,,,,
1788842271.195306,3680799,f,,,,,,
1788842331.270969,3680800,f,,,,,,
1788842331.270969,3680801,f,,,,,,
1788842331.270969,3680802,f,,,,,,
1788842331.270969,3680803,f,,,,,,
1788842331.270969,3680806,f,,,,,,
1788842331.270969,3680811,f,,,,,,
1788842331.270969,3681402,f,,,,,,
1788842331.270969,3680812,f,,,,,,
1788842331.270969,3680813,f,,,,,,
1788842331.270969,3680810,f,,,,,,
1788842331.270969,3680807,f,,,,,,
1788842331.270969,3680814,f,,,,,,
1788842331.270969,3680809,f,,,,,,
1788842331.270969,3680836,f,,,,,,
1788842331.270969,3680805,f,,,,,,
1788842331.270969,3680808,f,,,,,,
1788842331.270969,3765693,f,,,,,,
1788842331.270969,3765691,f,,,,,,
1788842331.270969,3765694,f,,,,,,
1788842331.270969,3765692,f,,,,,,
1788842331.270969,3680804,f,,,,,,
1788842331.270969,3680795,f,,,,,,
1788842331.270969,3680799,f,,,,,,
1788842391.313954,3680800,f,,,,,,
1788842391.313954,3680801,f,,,,,,
1788842391.313954,3680802,f,,,,,,
1788842391.313954,3680803,f,,,,,,
1788842391.313954,3680806,f,,,,,,
1788842391.313954,3680811,f,,,,,,
1788842391.313954,3681402,f,,,,,,
1788842391.313954,3768595,f,,,,,,
1788842391.313954,3768592,f,,,,,,
1788842391.313954,3768590,f,,,,,,
1788842391.313954,3768584,f,,,,,,
1788842391.313954,3680812,f,,,,,,
1788842391.313954,3680813,f,,,,,,
1788842391.313954,3680810,f,,,,,,
1788842391.313954,3680807,f,,,,,,
1788842391.313954,3680814,f,,,,,,
1788842391.313954,3680809,f,,,,,,
1788842391.313954,3680836,f,,,,,,
1788842391.313954,3680805,f,,,,,,
1788842391.313954,3680808,f,,,,,,
1788842391.313954,3768594,f,,,,,,
1788842391.313954,3768583,f,,,,,,
1788842391.313954,3768581,f,,,,,,
1788842391.313954,3768586,f,,,,,,
1788842391.313954,3768591,f,,,,,,
1788842391.313954,3768593,f,,,,,,
1788842391.313954,3680804,f,,,,,,
1788842391.313954,3680795,f,,,,,,
1788842391.313954,3680799,f,,,,,,
1788842451.370648,3680800,f,,,,,,
1788842451.370648,3680801,f,,,,,,
1788842451.370648,3680802,f,,,,,,
1788842451.370648,3680803,f,,,,,,
1788842451.370648,3680806,f,,,,,,
1788842451.370648,3680811,f,,,,,,
1788842451.370648,3681402,f,,,,,,
1788842451.370648,3771621,f,,,,,,
1788842451.370648,3771624,f,,,,,,
1788842451.370648,3771630,f,,,,,,
1788842451.370648,3771625,f,,,,,,
1788842451.370648,3771619,f,,,,,,
1788842451.370648,3771620,f,,,,,,
1788842451.370648,3771628,f,,,,,,
1788842451.370648,3771615,f,,,,,,
1788842451.370648,3771627,f,,,,,,
1788842451.370648,3771626,f,,,,,,
1788842451.370648,3771629,f,,,,,,
1788842451.370648,3771622,f,,,,,,
1788842451.370648,3771623,f,,,,,,
1788842451.370648,3680812,f,,,,,,
1788842451.370648,3680813,f,,,,,,
1788842451.370648,3680810,f,,,,,,
1788842451.370648,3680807,f,,,,,,
1788842451.370648,3680814,f,,,,,,
1788842451.370648,3680809,f,,,,,,
1788842451.370648,3680836,f,,,,,,
1788842451.370648,3680805,f,,,,,,
1788842451.370648,3680808,f,,,,,,
1788842451.370648,3680804,f,,,,,,
1788842451.370648,3680795,f,,,,,,
1788842451.370648,3680799,f,,,,,,
1788842511.415703,3680800,f,,,,,,
1788842511.415703,3680801,f,,,,,,
1788842511.415703,3680802,f,,,,,,
1788842511.415703,3680803,f,,,,,,
1788842511.415703,3680806,f,,,,,,
1788842511.415703,3680811,f,,,,,,
1788842511.415703,3681402,f,,,,,,
1788842511.415703,3774588,f,,,,,,
1788842511.415703,3774590,f,,,,,,
1788842511.415703,3774585,f,,,,,,
1788842511.415703,3774586,f,,,,,,
1788842511.415703,3774581,f,,,,,,
1788842511.415703,3774584,f,,,,,,
1788842511.415703,3774587,f,,,,,,
1788842511.415703,3774580,f,,,,,,
1788842511.415703,3680812,f,,,,,,
1788842511.415703,3680813,f,,,,,,
1788842511.415703,3680810,f,,,,,,
1788842511.415703,3680807,f,,,,,,
1788842511.415703,3680814,f,,,,,,
1788842511.415703,3680809,f,,,,,,
1788842511.415703,3680836,f,,,,,,
1788842511.415703,3680805,f,,,,,,
1788842511.415703,3680808,f,,,,,,
1788842511.415703,3680804,f,,,,,,
1788842511.415703,3680795,f,,,,,,
1788842511.415703,3680799,f,,,,,,
1788842571.475011,3680800,f,,,,,,
1788842571.475011,3680801,f,,,,,,
1788842571.475011,3680802,f,,,,,,
1788842571.475011,3680803,f,,,,,,
1788842571.475011,3680806,f,,,,,,
1788842571.475011,3680811,f,,,,,,
1788842571.475011,3681402,f,,,,,,
1788842571.475011,3777542,f,,,,,,
1788842571.475011,3777545,f,,,,,,
1788842571.475011,3777536,f,,,,,,
1788842571.475011,3777543,f,,,,,,
1788842571.475011,3777538,f,,,,,,
1788842571.475011,3777544,f,,,,,,
1788842571.475011,3777537,f,,,,,,
1788842571.475011,3777533,f,,,,,,
1788842571.475011,3777539,f,,,,,,
1788842571.475011,3777535,f,,,,,,
1788842571.475011,3680812,f,,,,,,
1788842571.475011,3680813,f,,,,,,
1788842571.475011,3680810,f,,,,,,
1788842571.475011,3680807,f,,,,,,
1788842571.475011,3680814,f,,,,,,
1788842571.475011,3680809,f,,,,,,
1788842571.475011,3680836,f,,,,,,
1788842571.475011,3680805,f,,,,,,
1788842571.475011,3680808,f,,,,,,
1788842571.475011,3680804,f,,,,,,
1788842571.475011,3680795,f,,,,,,
1788842571.475011,3680799,f,,,,,,
1788842631.523733,3680800,f,,,,,,
1788842631.523733,3680801,f,,,,,,
1788842631.523733,3680802,f,,,,,,
1788842631.523733,3680803,f,,,,,,
1788842631.523733,3680806,f,,,,,,
1788842631.523733,3680811,f,,,,,,
1788842631.523733,3681402,f,,,,,,
1788842631.523733,3780475,f,,,,,,
1788842631.523733,3780482,f,,,,,,
1788842631.523733,3780486,f,,,,,,
1788842631.523733,3780481,f,,,,,,
1788842631.523733,3780485,f,,,,,,
1788842631.523733,3780483,f,,,,,,
1788842631.523733,3780473,f,,,,,,
1788842631.523733,3780480,f,,,,,,
1788842631.523733,3780484,f,,,,,,
1788842631.523733,3780488,f,,,,,,
1788842631.523733,3780476,f,,,,,,
1788842631.523733,3780487,f,,,,,,
1788842631.523733,3680812,f,,,,,,
1788842631.523733,3680813,f,,,,,,
1788842631.523733,3680810,f,,,,,,
1788842631.523733,3680807,f,,,,,,
1788842631.523733,3680814,f,,,,,,
1788842631.523733,3680809,f,,,,,,
1788842631.523733,3680836,f,,,,,,
1788842631.523733,3680805,f,,,,,,
1788842631.523733,3680808,f,,,,,,
1788842631.523733,3680804,f,,,,,,
1788842631.523733,3680795,f,,,,,,
1788842631.523733,3680799,f,,,,,,
1788842691.577835,3680800,f,,,,,,
1788842691.577835,3680801,f,,,,,,
1788842691.577835,3680802,f,,,,,,
1788842691.577835,3680803,f,,,,,,
1788842691.577835,3680806,f,,,,,,
1788842691.577835,3680811,f,,,,,,
1788842691.577835,3681402,f,,,,,,
1788842691.577835,3783504,f,,,,,,
1788842691.577835,3783472,f,,,,,,
1788842691.577835,3783503,f,,,,,,
1788842691.577835,3783494,f,,,,,,
1788842691.577835,3783507,f,,,,,,
1788842691.577835,3783505,f,,,,,,
1788842691.577835,3783496,f,,,,,,
1788842691.577835,3783500,f,,,,,,
1788842691.577835,3783499,f,,,,,,
1788842691.577835,3783506,f,,,,,,
1788842691.577835,3783498,f,,,,,,
1788842691.577835,3783508,f,,,,,,
1788842691.577835,3783484,f,,,,,,
1788842691.577835,3783509,f,,,,,,
1788842691.577835,3783510,f,,,,,,
1788842691.577835,3783513,f,,,,,,
1788842691.577835,3680812,f,,,,,,
1788842691.577835,3680813,f,,,,,,
1788842691.577835,3680810,f,,,,,,
1788842691.577835,3680807,f,,,,,,
1788842691.577835,3680814,f,,,,,,
1788842691.577835,3680809,f,,,,,,
1788842691.577835,3680836,f,,,,,,
1788842691.577835,3680805,f,,,,,,
1788842691.577835,3680808,f,,,,,,
1788842691.577835,3680804,f,,,,,,
1788842691.577835,3680795,f,,,,,,
1788842691.577835,3680799,f,,,,,,
1788842751.630410,3680800,f,,,,,,
1788842751.630410,3680801,f,,,,,,
1788842751.630410,3680802,f,,,,,,
1788842751.630410,3680803,f,,,,,,
1788842751.630410,3680806,f,,,,,,
1788842751.630410,3680811,f,,,,,,
1788842751.630410,3681402,f,,,,,,
1788842751.630410,3786448,f,,,,,,
1788842751.630410,3786476,f,,,,,,
1788842751.630410,3786473,f,,,,,,
1788842751.630410,3786470,f,,,,,,
1788842751.630410,3786474,f,,,,,,
1788842751.630410,3786471,f,,,,,,
1788842751.630410,3786460,f,,,,,,
1788842751.630410,3786468,f,,,,,,
1788842751.630410,3786469,f,,,,,,
1788842751.630410,3786475,f,,,,,,
1788842751.630410,3786467,f,,,,,,
1788842751.630410,3786472,f,,,,,,
1788842751.630410,3680812,f,,,,,,
1788842751.630410,3680813,f,,,,,,
1788842751.630410,3680810,f,,,,,,
1788842751.630410,3680807,f,,,,,,
1788842751.630410,3680814,f,,,,,,
1788842751.630410,3680809,f,,,,,,
1788842751.630410,3680836,f,,,,,,
1788842751.630410,3680805,f,,,,,,
1788842751.630410,3680808,f,,,,,,
1788842751.630410,3680804,f,,,,,,
1788842751.630410,3680795,f,,,,,,
1788842751.630410,3680799,f,,,,,,
1788842811.691366,3680800,f,,,,,,
1788842811.691366,3680801,f,,,,,,
1788842811.691366,3680802,f,,,,,,
1788842811.691366,3680803,f,,,,,,
1788842811.691366,3680806,f,,,,,,
1788842811.691366,3680811,f,,,,,,
1788842811.691366,3681402,f,,,,,,
1788842811.691366,3789352,f,,,,,,
1788842811.691366,3789357,f,,,,,,
1788842811.691366,3789356,f,,,,,,
1788842811.691366,3789364,f,,,,,,
1788842811.691366,3789355,f,,,,,,
1788842811.691366,3789363,f,,,,,,
1788842811.691366,3789365,f,,,,,,
1788842811.691366,3789360,f,,,,,,
1788842811.691366,3680812,f,,,,,,
1788842811.691366,3680813,f,,,,,,
1788842811.691366,3680810,f,,,,,,
1788842811.691366,3680807,f,,,,,,
1788842811.691366,3680814,f,,,,,,
1788842811.691366,3680809,f,,,,,,
1788842811.691366,3680836,f,,,,,,
1788842811.691366,3680805,f,,,,,,
1788842811.691366,3680808,f,,,,,,
1788842811.691366,3680804,f,,,,,,
1788842811.691366,3680795,f,,,,,,
1788842811.691366,3680799,f,,,,,,
1788842871.733611,3680800,f,,,,,,
1788842871.733611,3680801,f,,,,,,
1788842871.733611,3680802,f,,,,,,
1788842871.733611,3680803,f,,,,,,
1788842871.733611,3680806,f,,,,,,
1788842871.733611,3680811,f,,,,,,
1788842871.733611,3681402,f,,,,,,
1788842871.733611,3792344,f,,,,,,
1788842871.733611,3792342,f,,,,,,
1788842871.733611,3792340,f,,,,,,
1788842871.733611,3792339,f,,,,,,
1788842871.733611,3792347,f,,,,,,
1788842871.733611,3792345,f,,,,,,
1788842871.733611,3792343,f,,,,,,
1788842871.733611,3792329,f,,,,,,
1788842871.733611,3792341,f,,,,,,
1788842871.733611,3792348,f,,,,,,
1788842871.733611,3680812,f,,,,,,
1788842871.733611,3680813,f,,,,,,
1788842871.733611,3680810,f,,,,,,
1788842871.733611,3680807,f,,,,,,
1788842871.733611,3680814,f,,,,,,
1788842871.733611,3680809,f,,,,,,
1788842871.733611,3680836,f,,,,,,
1788842871.733611,3680805,f,,,,,,
1788842871.733611,3680808,f,,,,,,
1788842871.733611,3680804,f,,,,,,
1788842871.733611,3680795,f,,,,,,
1788842871.733611,3680799,f,,,,,,
1788842931.784984,3680800,f,,,,,,
1788842931.784984,3680801,f,,,,,,
1788842931.784984,3680802,f,,,,,,
1788842931.784984,3680803,f,,,,,,
1788842931.784984,3680806,f,,,,,,
1788842931.784984,3680811,f,,,,,,
1788842931.784984,3681402,f,,,,,,
1788842931.784984,3795320,f,,,,,,
1788842931.784984,3795337,f,,,,,,
1788842931.784984,3795340,f,,,,,,
1788842931.784984,3795345,f,,,,,,
1788842931.784984,3795344,f,,,,,,
1788842931.784984,3795339,f,,,,,,
1788842931.784984,3795342,f,,,,,,
1788842931.784984,3795341,f,,,,,,
1788842931.784984,3795348,f,,,,,,
1788842931.784984,3680812,f,,,,,,
1788842931.784984,3680813,f,,,,,,
1788842931.784984,3680810,f,,,,,,
1788842931.784984,3680807,f,,,,,,
1788842931.784984,3680814,f,,,,,,
1788842931.784984,3680809,f,,,,,,
1788842931.784984,3680836,f,,,,,,
1788842931.784984,3680805,f,,,,,,
1788842931.784984,3680808,f,,,,,,
1788842931.784984,3795338,f,,,,,,
1788842931.784984,3680804,f,,,,,,
1788842931.784984,3680795,f,,,,,,
1788842931.784984,3680799,f,,,,,,
1788842991.849237,3680800,f,,,,,,
1788842991.849237,3680801,f,,,,,,
1788842991.849237,3680802,f,,,,,,
1788842991.849237,3680803,f,,,,,,
1788842991.849237,3680806,f,,,,,,
1788842991.849237,3680811,f,,,,,,
1788842991.849237,3681402,f,,,,,,
1788842991.849237,3798379,f,,,,,,
1788842991.849237,3798374,f,,,,,,
1788842991.849237,3798376,f,,,,,,
1788842991.849237,3798378,f,,,,,,
1788842991.849237,3798373,f,,,,,,
1788842991.849237,3680812,f,,,,,,
1788842991.849237,3680813,f,,,,,,
1788842991.849237,3680810,f,,,,,,
1788842991.849237,3680807,f,,,,,,
1788842991.849237,3680814,f,,,,,,
1788842991.849237,3680809,f,,,,,,
1788842991.849237,3680836,f,,,,,,
1788842991.849237,3680805,f,,,,,,
1788842991.849237,3680808,f,,,,,,
1788842991.849237,3798380,f,,,,,,
1788842991.849237,3798370,f,,,,,,
1788842991.849237,3798371,f,,,,,,
1788842991.849237,3798369,f,,,,,,
1788842991.849237,3680804,f,,,,,,
1788842991.849237,3680795,f,,,,,,
1788842991.849237,3680799,f,,,,,,
1788843051.904057,3680800,f,,,,,,
1788843051.904057,3680801,f,,,,,,
1788843051.904057,3680802,f,,,,,,
1788843051.904057,3680803,f,,,,,,
1788843051.904057,3680806,f,,,,,,
1788843051.904057,3680811,f,,,,,,
1788843051.904057,3681402,f,,,,,,
1788843051.904057,3801290,f,,,,,,
1788843051.904057,3801299,f,,,,,,
1788843051.904057,3801296,f,,,,,,
1788843051.904057,3801293,f,,,,,,
1788843051.904057,3680812,f,,,,,,
1788843051.904057,3801297,f,,,,,,
1788843051.904057,3801298,f,,,,,,
1788843051.904057,3680813,f,,,,,,
1788843051.904057,3680810,f,,,,,,
1788843051.904057,3680807,f,,,,,,
1788843051.904057,3801288,f,,,,,,
1788843051.904057,3680814,f,,,,,,
1788843051.904057,3801289,f,,,,,,
1788843051.904057,3801294,f,,,,,,
1788843051.904057,3801295,f,,,,,,
1788843051.904057,3680809,f,,,,,,
1788843051.904057,3680836,f,,,,,,
1788843051.904057,3680805,f,,,,,,
1788843051.904057,3680808,f,,,,,,
1788843051.904057,3680804,f,,,,,,
1788843051.904057,3680795,f,,,,,,
1788843051.904057,3680799,f,,,,,,
1788843111.963477,3680800,f,,,,,,
1788843111.963477,3680801,f,,,,,,
1788843111.963477,3680802,f,,,,,,
1788843111.963477,3680803,f,,,,,,
1788843111.963477,3680806,f,,,,,,
1788843111.963477,3680811,f,,,,,,
1788843111.963477,3681402,f,,,,,,
1788843111.963477,3680812,f,,,,,,
1788843111.963477,3680813,f,,,,,,
1788843111.963477,3680810,f,,,,,,
1788843111.963477,3680807,f,,,,,,
1788843111.963477,3804224,f,,,,,,
1788843111.963477,3804213,f,,,,,,
1788843111.963477,3804221,f,,,,,,
1788843111.963477,3680814,f,,,,,,
1788843111.963477,3804208,f,,,,,,
1788843111.963477,3804226,f,,,,,,
1788843111.963477,3804219,f,,,,,,
1788843111.963477,3804206,f,,,,,,
1788843111.963477,3804207,f,,,,,,
1788843111.963477,3804215,f,,,,,,
1788843111.963477,3804204,f,,,,,,
1788843111.963477,3804209,f,,,,,,
1788843111.963477,3804223,f,,,,,,
1788843111.963477,3804220,f,,,,,,
1788843111.963477,3680809,f,,,,,,
1788843111.963477,3680836,f,,,,,,
1788843111.963477,3680805,f,,,,,,
1788843111.963477,3680808,f,,,,,,
1788843111.963477,3804218,f,,,,,,
1788843111.963477,3804227,f,,,,,,
1788843111.963477,3804212,f,,,,,,
1788843111.963477,3804205,f,,,,,,
1788843111.963477,3804225,f,,,,,,
1788843111.963477,3680804,f,,,,,,
1788843111.963477,3680795,f,,,,,,
1788843111.963477,3680799,f,,,,,,
1788843172.011259,3680800,f,,,,,,
1788843172.011259,3680801,f,,,,,,
1788843172.011259,3680802,f,,,,,,
1788843172.011259,3680803,f,,,,,,
1788843172.011259,3680806,f,,,,,,
1788843172.011259,3680811,f,,,,,,
1788843172.011259,3681402,f,,,,,,
1788843172.011259,3807176,f,,,,,,
1788843172.011259,3807181,f,,,,,,
1788843172.011259,3807174,f,,,,,,
1788843172.011259,3807177,f,,,,,,
1788843172.011259,3807184,f,,,,,,
1788843172.011259,3807180,f,,,,,,
1788843172.011259,3807179,f,,,,,,
1788843172.011259,3807183,f,,,,,,
1788843172.011259,3807182,f,,,,,,
1788843172.011259,3807175,f,,,,,,
1788843172.011259,3807185,f,,,,,,
1788843172.011259,3680812,f,,,,,,
1788843172.011259,3680813,f,,,,,,
1788843172.011259,3680810,f,,,,,,
1788843172.011259,3680807,f,,,,,,
1788843172.011259,3680814,f,,,,,,
1788843172.011259,3680809,f,,,,,,
1788843172.011259,3680836,f,,,,,,
1788843172.011259,3680805,f,,,,,,
1788843172.011259,3680808,f,,,,,,
1788843172.011259,3680804,f,,,,,,
1788843172.011259,3680795,f,,,,,,
1788843172.011259,3680799,f,,,,,,
1788843231.061170,3680800,f,,,,,,
1788843231.061170,3680801,f,,,,,,
1788843231.061170,3680802,f,,,,,,
1788843231.061170,3680803,f,,,,,,
1788843231.061170,3680806,f,,,,,,
1788843231.061170,3680811,f,,,,,,
1788843231.061170,3681402,f,,,,,,
1788843231.061170,3810101,f,,,,,,
1788843231.061170,3810100,f,,,,,,
1788843231.061170,3810099,f,,,,,,
1788843231.061170,3810102,f,,,,,,
1788843231.061170,3810104,f,,,,,,
1788843231.061170,3810103,f,,,,,,
1788843231.061170,3810095,f,,,,,,
1788843231.061170,3810098,f,,,,,,
1788843231.061170,3680812,f,,,,,,
1788843231.061170,3680813,f,,,,,,
1788843231.061170,3680810,f,,,,,,
1788843231.061170,3680807,f,,,,,,
1788843231.061170,3680814,f,,,,,,
1788843231.061170,3680809,f,,,,,,
1788843231.061170,3680836,f,,,,,,
1788843231.061170,3680805,f,,,,,,
1788843231.061170,3680808,f,,,,,,
1788843231.061170,3680804,f,,,,,,
1788843231.061170,3680795,f,,,,,,
1788843231.061170,3680799,f,,,,,,
1788843291.108836,3680800,f,,,,,,
1788843291.108836,3680801,f,,,,,,
1788843291.108836,3680802,f,,,,,,
1788843291.108836,3680803,f,,,,,,
1788843291.108836,3680806,f,,,,,,
1788843291.108836,3680811,f,,,,,,
1788843291.108836,3681402,f,,,,,,
1788843291.108836,3813083,f,,,,,,
1788843291.108836,3813063,f,,,,,,
1788843291.108836,3813071,f,,,,,,
1788843291.108836,3813068,f,,,,,,
1788843291.108836,3813061,f,,,,,,
1788843291.108836,3813074,f,,,,,,
1788843291.108836,3813085,f,,,,,,
1788843291.108836,3813084,f,,,,,,
1788843291.108836,3813073,f,,,,,,
1788843291.108836,3813070,f,,,,,,
1788843291.108836,3813072,f,,,,,,
1788843291.108836,3813075,f,,,,,,
1788843291.108836,3680812,f,,,,,,
1788843291.108836,3680813,f,,,,,,
1788843291.108836,3680810,f,,,,,,
1788843291.108836,3680807,f,,,,,,
1788843291.108836,3680814,f,,,,,,
1788843291.108836,3680809,f,,,,,,
1788843291.108836,3680836,f,,,,,,
1788843291.108836,3680805,f,,,,,,
1788843291.108836,3680808,f,,,,,,
1788843291.108836,3813067,f,,,,,,
1788843291.108836,3813078,f,,,,,,
1788843291.108836,3813080,f,,,,,,
1788843291.108836,3813086,f,,,,,,
1788843291.108836,3813076,f,,,,,,
1788843291.108836,3680804,f,,,,,,
1788843291.108836,3680795,f,,,,,,
1788843291.108836,3680799,f,,,,,,
1788843351.161783,3680800,f,,,,,,
1788843351.161783,3680801,f,,,,,,
1788843351.161783,3680802,f,,,,,,
1788843351.161783,3680803,f,,,,,,
1788843351.161783,3680806,f,,,,,,
1788843351.161783,3680811,f,,,,,,
1788843351.161783,3681402,f,,,,,,
1788843351.161783,3680812,f,,,,,,
1788843351.161783,3680813,f,,,,,,
1788843351.161783,3680810,f,,,,,,
1788843351.161783,3680807,f,,,,,,
1788843351.161783,3680814,f,,,,,,
1788843351.161783,3680809,f,,,,,,
1788843351.161783,3680836,f,,,,,,
1788843351.161783,3680805,f,,,,,,
1788843351.161783,3680808,f,,,,,,
1788843351.161783,3816023,f,,,,,,
1788843351.161783,3816018,f,,,,,,
1788843351.161783,3816022,f,,,,,,
1788843351.161783,3816021,f,,,,,,
1788843351.161783,3680804,f,,,,,,
1788843351.161783,3680795,f,,,,,,
1788843351.161783,3680799,f,,,,,,
1788843411.223064,3680800,f,,,,,,
1788843411.223064,3680801,f,,,,,,
1788843411.223064,3680802,f,,,,,,
1788843411.223064,3680803,f,,,,,,
1788843411.223064,3680806,f,,,,,,
1788843411.223064,3680811,f,,,,,,
1788843411.223064,3681402,f,,,,,,
1788843411.223064,3680812,f,,,,,,
1788843411.223064,3680813,f,,,,,,
1788843411.223064,3680810,f,,,,,,
1788843411.223064,3680807,f,,,,,,
1788843411.223064,3680814,f,,,,,,
1788843411.223064,3680809,f,,,,,,
1788843411.223064,3680836,f,,,,,,
1788843411.223064,3680805,f,,,,,,
1788843411.223064,3680808,f,,,,,,
1788843411.223064,3818929,f,,,,,,
1788843411.223064,3818927,f,,,,,,
1788843411.223064,3818924,f,,,,,,
1788843411.223064,3818918,f,,,,,,
1788843411.223064,3818928,f,,,,,,
1788843411.223064,3818926,f,,,,,,
1788843411.223064,3818922,f,,,,,,
1788843411.223064,3818925,f,,,,,,
1788843411.223064,3818921,f,,,,,,
1788843411.223064,3680804,f,,,,,,
1788843411.223064,3680795,f,,,,,,
1788843411.223064,3680799,f,,,,,,
1788843471.294024,3680800,f,,,,,,
1788843471.294024,3680801,f,,,,,,
1788843471.294024,3680802,f,,,,,,
1788843471.294024,3680803,f,,,,,,
1788843471.294024,3680806,f,,,,,,
1788843471.294024,3680811,f,,,,,,
1788843471.294024,3681402,f,,,,,,
1788843471.294024,3680812,f,,,,,,
1788843471.294024,3680813,f,,,,,,
1788843471.294024,3680810,f,,,,,,
1788843471.294024,3680807,f,,,,,,
1788843471.294024,3680814,f,,,,,,
1788843471.294024,3680809,f,,,,,,
1788843471.294024,3680836,f,,,,,,
1788843471.294024,3680805,f,,,,,,
1788843471.294024,3680808,f,,,,,,
1788843471.294024,3821952,f,,,,,,
1788843471.294024,3821966,f,,,,,,
1788843471.294024,3821970,f,,,,,,
1788843471.294024,3821963,f,,,,,,
1788843471.294024,3821964,f,,,,,,
1788843471.294024,3821958,f,,,,,,
1788843471.294024,3821962,f,,,,,,
1788843471.294024,3821969,f,,,,,,
1788843471.294024,3821965,f,,,,,,
1788843471.294024,3821967,f,,,,,,
1788843471.294024,3821968,f,,,,,,
1788843471.294024,3821960,f,,,,,,
1788843471.294024,3680804,f,,,,,,
1788843471.294024,3680795,f,,,,,,
1788843471.294024,3680799,f,,,,,,
1788843531.344956,3680800,f,,,,,,
1788843531.344956,3680801,f,,,,,,
1788843531.344956,3680802,f,,,,,,
1788843531.344956,3680803,f,,,,,,
1788843531.344956,3680806,f,,,,,,
1788843531.344956,3680811,f,,,,,,
1788843531.344956,3681402,f,,,,,,
1788843531.344956,3824934,f,,,,,,
1788843531.344956,3824932,f,,,,,,
1788843531.344956,3824931,f,,,,,,
1788843531.344956,3824933,f,,,,,,
1788843531.344956,3824928,f,,,,,,
1788843531.344956,3680812,f,,,,,,
1788843531.344956,3680813,f,,,,,,
1788843531.344956,3680810,f,,,,,,
1788843531.344956,3680807,f,,,,,,
1788843531.344956,3680814,f,,,,,,
1788843531.344956,3680809,f,,,,,,
1788843531.344956,3680836,f,,,,,,
1788843531.344956,3680805,f,,,,,,
1788843531.344956,3680808,f,,,,,,
1788843531.344956,3824929,f,,,,,,
1788843531.344956,3824926,f,,,,,,
1788843531.344956,3824930,f,,,,,,
1788843531.344956,3824924,f,,,,,,
1788843531.344956,3824927,f,,,,,,
1788843531.344956,3680804,f,,,,,,
1788843531.344956,3680795,f,,,,,,
1788843531.344956,3680799,f,,,,,,
1788843591.410670,3680800,f,,,,,,
1788843591.410670,3680801,f,,,,,,
1788843591.410670,3680802,f,,,,,,
1788843591.410670,3680803,f,,,,,,
1788843591.410670,3680806,f,,,,,,
1788843591.410670,3680811,f,,,,,,
1788843591.410670,3681402,f,,,,,,
1788843591.410670,3827911,f,,,,,,
1788843591.410670,3680812,f,,,,,,
1788843591.410670,3680813,f,,,,,,
1788843591.410670,3680810,f,,,,,,
1788843591.410670,3680807,f,,,,,,
1788843591.410670,3680814,f,,,,,,
1788843591.410670,3680809,f,,,,,,
1788843591.410670,3680836,f,,,,,,
1788843591.410670,3680805,f,,,,,,
1788843591.410670,3680808,f,,,,,,
1788843591.410670,3827900,f,,,,,,
1788843591.410670,3827917,f,,,,,,
1788843591.410670,3827906,f,,,,,,
1788843591.410670,3827913,f,,,,,,
1788843591.410670,3827915,f,,,,,,
1788843591.410670,3827903,f,,,,,,
1788843591.410670,3827918,f,,,,,,
1788843591.410670,3827916,f,,,,,,
1788843591.410670,3827907,f,,,,,,
1788843591.410670,3827904,f,,,,,,
1788843591.410670,3827914,f,,,,,,
1788843591.410670,3827901,f,,,,,,
1788843591.410670,3680804,f,,,,,,
1788843591.410670,3680795,f,,,,,,
1788843591.410670,3680799,f,,,,,,
1788843651.462339,3680800,f,,,,,,
1788843651.462339,3680801,f,,,,,,
1788843651.462339,3680802,f,,,,,,
1788843651.462339,3680803,f,,,,,,
1788843651.462339,3680806,f,,,,,,
1788843651.462339,3680811,f,,,,,,
1788843651.462339,3681402,f,,,,,,
1788843651.462339,3680812,f,,,,,,
1788843651.462339,3680813,f,,,,,,
1788843651.462339,3680810,f,,,,,,
1788843651.462339,3680807,f,,,,,,
1788843651.462339,3680814,f,,,,,,
1788843651.462339,3680809,f,,,,,,
1788843651.462339,3680836,f,,,,,,
1788843651.462339,3680805,f,,,,,,
1788843651.462339,3680808,f,,,,,,
1788843651.462339,3830845,f,,,,,,
1788843651.462339,3830840,f,,,,,,
1788843651.462339,3830847,f,,,,,,
1788843651.462339,3830843,f,,,,,,
1788843651.462339,3830837,f,,,,,,
1788843651.462339,3830835,f,,,,,,
1788843651.462339,3830841,f,,,,,,
1788843651.462339,3830846,f,,,,,,
1788843651.462339,3830838,f,,,,,,
1788843651.462339,3830836,f,,,,,,
1788843651.462339,3680804,f,,,,,,
1788843651.462339,3680795,f,,,,,,
1788843651.462339,3680799,f,,,,,,
1788843711.500028,3680800,f,,,,,,
1788843711.500028,3680801,f,,,,,,
1788843711.500028,3680802,f,,,,,,
1788843711.500028,3680803,f,,,,,,
1788843711.500028,3680806,f,,,,,,
1788843711.500028,3680811,f,,,,,,
1788843711.500028,3681402,f,,,,,,
1788843711.500028,3680812,f,,,,,,
1788843711.500028,3680813,f,,,,,,
1788843711.500028,3680810,f,,,,,,
1788843711.500028,3680807,f,,,,,,
1788843711.500028,3680814,f,,,,,,
1788843711.500028,3680809,f,,,,,,
1788843711.500028,3680836,f,,,,,,
1788843711.500028,3680805,f,,,,,,
1788843711.500028,3680808,f,,,,,,
1788843711.500028,3833742,f,,,,,,
1788843711.500028,3833728,f,,,,,,
1788843711.500028,3833749,f,,,,,,
1788843711.500028,3833738,f,,,,,,
1788843711.500028,3833733,f,,,,,,
1788843711.500028,3833743,f,,,,,,
1788843711.500028,3833750,f,,,,,,
1788843711.500028,3833734,f,,,,,,
1788843711.500028,3833745,f,,,,,,
1788843711.500028,3833744,f,,,,,,
1788843711.500028,3833739,f,,,,,,
1788843711.500028,3833746,f,,,,,,
1788843711.500028,3833748,f,,,,,,
1788843711.500028,3833751,f,,,,,,
1788843711.500028,3680804,f,,,,,,
1788843711.500028,3833747,f,,,,,,
1788843711.500028,3680795,f,,,,,,
1788843711.500028,3680799,f,,,,,,
1788843771.564120,3680800,f,,,,,,
1788843771.564120,3836664,f,,,,,,
1788843771.564120,3836667,f,,,,,,
1788843771.564120,3836665,f,,,,,,
1788843771.564120,3836666,f,,,,,,
1788843771.564120,3680801,f,,,,,,
1788843771.564120,3680802,f,,,,,,
1788843771.564120,3680803,f,,,,,,
1788843771.564120,3680806,f,,,,,,
1788843771.564120,3836669,f,,,,,,
1788843771.564120,3836672,f,,,,,,
1788843771.564120,3680811,f,,,,,,
1788843771.564120,3836671,f,,,,,,
1788843771.564120,3836670,f,,,,,,
1788843771.564120,3681402,f,,,,,,
1788843771.564120,3680812,f,,,,,,
1788843771.564120,3680813,f,,,,,,
1788843771.564120,3680810,f,,,,,,
1788843771.564120,3680807,f,,,,,,
1788843771.564120,3680814,f,,,,,,
1788843771.564120,3680809,f,,,,,,
1788843771.564120,3680836,f,,,,,,
1788843771.564120,3680805,f,,,,,,
1788843771.564120,3680808,f,,,,,,
1788843771.564120,3836668,f,,,,,,
1788843771.564120,3836662,f,,,,,,
1788843771.564120,3680804,f,,,,,,
1788843771.564120,3680795,f,,,,,,
1788843771.564120,3680799,f,,,,,,
1788843831.626626,3680800,f,,,,,,
1788843831.626626,3680801,f,,,,,,
1788843831.626626,3680802,f,,,,,,
1788843831.626626,3680803,f,,,,,,
1788843831.626626,3680806,f,,,,,,
1788843831.626626,3680811,f,,,,,,
1788843831.626626,3839630,f,,,,,,
1788843831.626626,3681402,f,,,,,,
1788843831.626626,3839612,f,,,,,,
1788843831.626626,3839619,f,,,,,,
1788843831.626626,3839628,f,,,,,,
1788843831.626626,3839614,f,,,,,,
1788843831.626626,3680812,f,,,,,,
1788843831.626626,3839627,f,,,,,,
1788843831.626626,3680813,f,,,,,,
1788843831.626626,3839625,f,,,,,,
1788843831.626626,3839626,f,,,,,,
1788843831.626626,3680810,f,,,,,,
1788843831.626626,3680807,f,,,,,,
1788843831.626626,3680814,f,,,,,,
1788843831.626626,3680809,f,,,,,,
1788843831.626626,3680836,f,,,,,,
1788843831.626626,3839618,f,,,,,,
1788843831.626626,3680805,f,,,,,,
1788843831.626626,3839613,f,,,,,,
1788843831.626626,3680808,f,,,,,,
1788843831.626626,3839615,f,,,,,,
1788843831.626626,3680804,f,,,,,,
1788843831.626626,3680795,f,,,,,,
1788843831.626626,3680799,f,,,,,,
1788843891.680767,3680800,f,,,,,,
1788843891.680767,3680801,f,,,,,,
1788843891.680767,3680802,f,,,,,,
1788843891.680767,3680803,f,,,,,,
1788843891.680767,3680806,f,,,,,,
1788843891.680767,3680811,f,,,,,,
1788843891.680767,3681402,f,,,,,,
1788843891.680767,3842559,f,,,,,,
1788843891.680767,3842563,f,,,,,,
1788843891.680767,3842572,f,,,,,,
1788843891.680767,3842574,f,,,,,,
1788843891.680767,3842568,f,,,,,,
1788843891.680767,3842573,f,,,,,,
1788843891.680767,3842566,f,,,,,,
1788843891.680767,3842578,f,,,,,,
1788843891.680767,3842560,f,,,,,,
1788843891.680767,3842575,f,,,,,,
1788843891.680767,3842576,f,,,,,,
1788843891.680767,3842570,f,,,,,,
1788843891.680767,3842565,f,,,,,,
1788843891.680767,3842579,f,,,,,,
1788843891.680767,3842567,f,,,,,,
1788843891.680767,3842569,f,,,,,,
1788843891.680767,3680812,f,,,,,,
1788843891.680767,3842555,f,,,,,,
1788843891.680767,3680813,f,,,,,,
1788843891.680767,3680810,f,,,,,,
1788843891.680767,3680807,f,,,,,,
1788843891.680767,3680814,f,,,,,,
1788843891.680767,3680809,f,,,,,,
1788843891.680767,3680836,f,,,,,,
1788843891.680767,3680805,f,,,,,,
1788843891.680767,3842558,f,,,,,,
1788843891.680767,3842577,f,,,,,,
1788843891.680767,3680808,f,,,,,,
1788843891.680767,3680804,f,,,,,,
1788843891.680767,3680795,f,,,,,,
1788843891.680767,3680799,f,,,,,,
1788843951.726024,3680800,f,,,,,,
1788843951.726024,3680801,f,,,,,,
1788843951.726024,3680802,f,,,,,,
1788843951.726024,3680803,f,,,,,,
1788843951.726024,3680806,f,,,,,,
1788843951.726024,3680811,f,,,,,,
1788843951.726024,3681402,f,,,,,,
1788843951.726024,3845568,f,,,,,,
1788843951.726024,3845586,f,,,,,,
1788843951.726024,3845552,f,,,,,,
1788843951.726024,3845583,f,,,,,,
1788843951.726024,3845563,f,,,,,,
1788843951.726024,3845576,f,,,,,,
1788843951.726024,3845580,f,,,,,,
1788843951.726024,3845555,f,,,,,,
1788843951.726024,3845571,f,,,,,,
1788843951.726024,3845577,f,,,,,,
1788843951.726024,3845579,f,,,,,,
1788843951.726024,3845564,f,,,,,,
1788843951.726024,3845567,f,,,,,,
1788843951.726024,3845585,f,,,,,,
1788843951.726024,3845588,f,,,,,,
1788843951.726024,3845574,f,,,,,,
1788843951.726024,3845582,f,,,,,,
1788843951.726024,3845578,f,,,,,,
1788843951.726024,3845575,f,,,,,,
1788843951.726024,3845587,f,,,,,,
1788843951.726024,3845573,f,,,,,,
1788843951.726024,3845584,f,,,,,,
1788843951.726024,3680812,f,,,,,,
1788843951.726024,3680813,f,,,,,,
1788843951.726024,3680810,f,,,,,,
1788843951.726024,3680807,f,,,,,,
1788843951.726024,3680814,f,,,,,,
1788843951.726024,3680809,f,,,,,,
1788843951.726024,3680836,f,,,,,,
1788843951.726024,3680805,f,,,,,,
1788843951.726024,3680808,f,,,,,,
1788843951.726024,3845581,f,,,,,,
1788843951.726024,3680804,f,,,,,,
1788843951.726024,3680795,f,,,,,,
1788843951.726024,3680799,f,,,,,,
1788844011.785245,3680800,f,,,,,,
1788844011.785245,3680801,f,,,,,,
1788844011.785245,3680802,f,,,,,,
1788844011.785245,3680803,f,,,,,,
1788844011.785245,3680806,f,,,,,,
1788844011.785245,3680811,f,,,,,,
1788844011.785245,3681402,f,,,,,,
1788844011.785245,3848478,f,,,,,,
1788844011.785245,3848471,f,,,,,,
1788844011.785245,3848472,f,,,,,,
1788844011.785245,3680812,f,,,,,,
1788844011.785245,3680813,f,,,,,,
1788844011.785245,3680810,f,,,,,,
1788844011.785245,3680807,f,,,,,,
1788844011.785245,3680814,f,,,,,,
1788844011.785245,3680809,f,,,,,,
1788844011.785245,3680836,f,,,,,,
1788844011.785245,3680805,f,,,,,,
1788844011.785245,3680808,f,,,,,,
1788844011.785245,3848474,f,,,,,,
1788844011.785245,3680804,f,,,,,,
1788844011.785245,3680795,f,,,,,,
1788844011.785245,3680799,f,,,,,,
1788844071.834645,3680800,f,,,,,,
1788844071.834645,3680801,f,,,,,,
1788844071.834645,3680802,f,,,,,,
1788844071.834645,3680803,f,,,,,,
1788844071.834645,3680806,f,,,,,,
1788844071.834645,3680811,f,,,,,,
1788844071.834645,3681402,f,,,,,,
1788844071.834645,3851459,f,,,,,,
1788844071.834645,3851464,f,,,,,,
1788844071.834645,3851465,f,,,,,,
1788844071.834645,3851462,f,,,,,,
1788844071.834645,3851460,f,,,,,,
1788844071.834645,3680812,f,,,,,,
1788844071.834645,3680813,f,,,,,,
1788844071.834645,3680810,f,,,,,,
1788844071.834645,3680807,f,,,,,,
1788844071.834645,3680814,f,,,,,,
1788844071.834645,3680809,f,,,,,,
1788844071.834645,3680836,f,,,,,,
1788844071.834645,3680805,f,,,,,,
1788844071.834645,3680808,f,,,,,,
1788844071.834645,3680804,f,,,,,,
1788844071.834645,3680795,f,,,,,,
1788844071.834645,3680799,f,,,,,,
1788844131.896496,3680800,f,,,,,,
1788844131.896496,3680801,f,,,,,,
1788844131.896496,3680802,f,,,,,,
1788844131.896496,3680803,f,,,,,,
1788844131.896496,3680806,f,,,,,,
1788844131.896496,3680811,f,,,,,,
1788844131.896496,3681402,f,,,,,,
1788844131.896496,3854486,f,,,,,,
1788844131.896496,3854499,f,,,,,,
1788844131.896496,3854498,f,,,,,,
1788844131.896496,3854490,f,,,,,,
1788844131.896496,3854496,f,,,,,,
1788844131.896496,3854494,f,,,,,,
1788844131.896496,3854495,f,,,,,,
1788844131.896496,3680812,f,,,,,,
1788844131.896496,3680813,f,,,,,,
1788844131.896496,3680810,f,,,,,,
1788844131.896496,3680807,f,,,,,,
1788844131.896496,3680814,f,,,,,,
1788844131.896496,3680809,f,,,,,,
1788844131.896496,3680836,f,,,,,,
1788844131.896496,3680805,f,,,,,,
1788844131.896496,3680808,f,,,,,,
1788844131.896496,3680804,f,,,,,,
1788844131.896496,3680795,f,,,,,,
1788844131.896496,3680799,f,,,,,,
1788844191.935655,3680800,f,,,,,,
1788844191.935655,3680801,f,,,,,,
1788844191.935655,3680802,f,,,,,,
1788844191.935655,3680803,f,,,,,,
1788844191.935655,3680806,f,,,,,,
1788844191.935655,3680811,f,,,,,,
1788844191.935655,3681402,f,,,,,,
1788844191.935655,3857467,f,,,,,,
1788844191.935655,3857470,f,,,,,,
1788844191.935655,3857452,f,,,,,,
1788844191.935655,3857450,f,,,,,,
1788844191.935655,3857443,f,,,,,,
1788844191.935655,3857457,f,,,,,,
1788844191.935655,3857476,f,,,,,,
1788844191.935655,3857469,f,,,,,,
1788844191.935655,3857459,f,,,,,,
1788844191.935655,3857468,f,,,,,,
1788844191.935655,3857471,f,,,,,,
1788844191.935655,3857465,f,,,,,,
1788844191.935655,3857466,f,,,,,,
1788844191.935655,3857474,f,,,,,,
1788844191.935655,3857475,f,,,,,,
1788844191.935655,3857461,f,,,,,,
1788844191.935655,3857472,f,,,,,,
1788844191.935655,3680812,f,,,,,,
1788844191.935655,3680813,f,,,,,,
1788844191.935655,3680810,f,,,,,,
1788844191.935655,3680807,f,,,,,,
1788844191.935655,3680814,f,,,,,,
1788844191.935655,3680809,f,,,,,,
1788844191.935655,3680836,f,,,,,,
1788844191.935655,3680805,f,,,,,,
1788844191.935655,3680808,f,,,,,,
1788844191.935655,3680804,f,,,,,,
1788844191.935655,3680795,f,,,,,,
1788844191.935655,3680799,f,,,,,,
