# hostname;interval;timestamp;IFACE;rxpck/s;txpck/s;rxkB/s;txkB/s;rxcmp/s;txcmp/s;rxmcst/s;%ifutil
madrona;60;1789248848;lo;4691.75;4691.75;2350.01;2350.01;0.00;0.00;0.00;0.00
madrona;60;1789248848;ens5;14.50;14.88;1.56;2.30;0.00;0.00;0.00;0.00
madrona;60;1789248908;lo;8484.48;8484.48;4350.69;4350.69;0.00;0.00;0.00;0.00
madrona;60;1789248908;ens5;5.00;16.57;0.67;20.09;0.00;0.00;0.00;0.00
madrona;60;1789248968;lo;9547.03;9547.03;4927.76;4927.76;0.00;0.00;0.00;0.00
madrona;60;1789248968;ens5;3.23;3.37;0.34;0.65;0.00;0.00;0.00;0.00
madrona;60;1789249028;lo;9261.82;9261.82;4781.03;4781.03;0.00;0.00;0.00;0.00
madrona;60;1789249028;ens5;1.93;2.00;0.25;0.36;0.00;0.00;0.00;0.00
madrona;60;1789249088;lo;9807.55;9807.55;5002.76;5002.76;0.00;0.00;0.00;0.00
madrona;60;1789249088;ens5;2.52;11.10;0.22;14.11;0.00;0.00;0.00;0.00
madrona;60;1789249148;lo;9370.12;9370.12;4774.31;4774.31;0.00;0.00;0.00;0.00
madrona;60;1789249148;ens5;2.52;2.62;0.25;0.54;0.00;0.00;0.00;0.00
madrona;60;1789249208;lo;9628.82;9628.82;4911.69;4911.69;0.00;0.00;0.00;0.00
madrona;60;1789249208;ens5;1.58;1.63;0.12;0.17;0.00;0.00;0.00;0.00
madrona;60;1789249268;lo;9611.92;9611.92;4888.43;4888.43;0.00;0.00;0.00;0.00
madrona;60;1789249268;ens5;2.08;2.10;0.28;0.29;0.00;0.00;0.00;0.00
madrona;60;1789249328;lo;9525.02;9525.02;4824.57;4824.57;0.00;0.00;0.00;0.00
madrona;60;1789249328;ens5;1.37;1.38;0.11;0.15;0.00;0.00;0.00;0.00
madrona;60;1789249388;lo;10132.05;10132.05;5099.58;5099.58;0.00;0.00;0.00;0.00
madrona;60;1789249388;ens5;1.27;1.28;0.10;0.14;0.00;0.00;0.00;0.00
madrona;60;1789249448;lo;9441.65;9441.65;4713.13;4713.13;0.00;0.00;0.00;0.00
madrona;60;1789249448;ens5;1.32;1.33;0.10;0.15;0.00;0.00;0.00;0.00
madrona;60;1789249508;lo;10065.15;10065.15;5069.46;5069.46;0.00;0.00;0.00;0.00
madrona;60;1789249508;ens5;1.27;1.30;0.10;0.15;0.00;0.00;0.00;0.00
madrona;60;1789249568;lo;9608.82;9608.82;4831.30;4831.30;0.00;0.00;0.00;0.00
madrona;60;1789249568;ens5;1.18;1.20;0.23;0.23;0.00;0.00;0.00;0.00
madrona;60;1789249628;lo;10093.52;10093.52;5084.42;5084.42;0.00;0.00;0.00;0.00
madrona;60;1789249628;ens5;0.40;0.42;0.06;0.09;0.00;0.00;0.00;0.00
madrona;60;1789249688;lo;9542.40;9542.40;4774.04;4774.04;0.00;0.00;0.00;0.00
madrona;60;1789249688;ens5;0.65;0.68;0.18;0.17;0.00;0.00;0.00;0.00
madrona;60;1789249748;lo;9555.43;9555.43;4834.92;4834.92;0.00;0.00;0.00;0.00
madrona;60;1789249748;ens5;0.83;0.83;0.22;0.19;0.00;0.00;0.00;0.00
madrona;60;1789249808;lo;10021.82;10021.82;5000.63;5000.63;0.00;0.00;0.00;0.00
madrona;60;1789249808;ens5;0.37;0.37;0.06;0.09;0.00;0.00;0.00;0.00
madrona;60;1789249868;lo;9282.02;9282.02;4719.64;4719.64;0.00;0.00;0.00;0.00
madrona;60;1789249868;ens5;1.12;1.15;0.23;0.23;0.00;0.00;0.00;0.00
madrona;60;1789249928;lo;10091.73;10091.73;5009.02;5009.02;0.00;0.00;0.00;0.00
madrona;60;1789249928;ens5;0.37;0.38;0.05;0.09;0.00;0.00;0.00;0.00
madrona;60;1789249988;lo;9458.67;9458.67;4770.57;4770.57;0.00;0.00;0.00;0.00
madrona;60;1789249988;ens5;0.32;0.33;0.05;0.08;0.00;0.00;0.00;0.00
madrona;60;1789250048;lo;10150.65;10150.65;5100.45;5100.45;0.00;0.00;0.00;0.00
madrona;60;1789250048;ens5;0.32;0.33;0.05;0.08;0.00;0.00;0.00;0.00
madrona;60;1789250108;lo;9199.32;9199.32;4600.43;4600.43;0.00;0.00;0.00;0.00
madrona;60;1789250108;ens5;0.30;0.32;0.05;0.08;0.00;0.00;0.00;0.00
madrona;60;1789250168;lo;10029.37;10029.37;5150.98;5150.98;0.00;0.00;0.00;0.00
madrona;60;1789250168;ens5;1.27;1.32;0.27;0.24;0.00;0.00;0.00;0.00
madrona;60;1789250228;lo;9397.68;9397.68;4691.51;4691.51;0.00;0.00;0.00;0.00
madrona;60;1789250228;ens5;0.40;0.43;0.06;0.09;0.00;0.00;0.00;0.00
madrona;60;1789250288;lo;9909.35;9909.35;4949.15;4949.15;0.00;0.00;0.00;0.00
madrona;60;1789250288;ens5;4.60;23.47;0.95;31.58;0.00;0.00;0.00;0.00
madrona;60;1789250348;lo;9195.78;9195.78;4582.37;4582.37;0.00;0.00;0.00;0.00
madrona;60;1789250348;ens5;2.60;2.73;0.28;0.60;0.00;0.00;0.00;0.00
madrona;60;1789250408;lo;9951.32;9951.32;4916.31;4916.31;0.00;0.00;0.00;0.00
madrona;60;1789250408;ens5;2.37;2.38;0.16;0.29;0.00;0.00;0.00;0.00
madrona;60;1789250468;lo;9929.08;9929.08;5010.33;5010.33;0.00;0.00;0.00;0.00
madrona;60;1789250468;ens5;2.27;2.23;0.29;0.30;0.00;0.00;0.00;0.00
madrona;60;1789250528;lo;10053.43;10053.43;5052.63;5052.63;0.00;0.00;0.00;0.00
madrona;60;1789250528;ens5;1.48;1.43;0.11;0.16;0.00;0.00;0.00;0.00
madrona;60;1789250588;lo;9819.40;9819.40;4941.69;4941.69;0.00;0.00;0.00;0.00
madrona;60;1789250588;ens5;1.88;1.97;0.35;0.37;0.00;0.00;0.00;0.00
madrona;60;1789250648;lo;9472.70;9472.70;4770.07;4770.07;0.00;0.00;0.00;0.00
madrona;60;1789250648;ens5;1.37;1.32;0.11;0.15;0.00;0.00;0.00;0.00
madrona;60;1789250708;lo;10105.87;10105.87;5097.64;5097.64;0.00;0.00;0.00;0.00
madrona;60;1789250708;ens5;1.28;1.25;0.10;0.14;0.00;0.00;0.00;0.00
madrona;60;1789250768;lo;9589.15;9589.15;4837.68;4837.68;0.00;0.00;0.00;0.00
madrona;60;1789250768;ens5;1.97;2.00;0.25;0.24;0.00;0.00;0.00;0.00
madrona;60;1789250828;lo;10128.32;10128.32;5186.51;5186.51;0.00;0.00;0.00;0.00
madrona;60;1789250828;ens5;1.57;1.57;0.20;0.18;0.00;0.00;0.00;0.00
madrona;60;1789250888;lo;9498.78;9498.78;4727.41;4727.41;0.00;0.00;0.00;0.00
madrona;60;1789250888;ens5;1.28;1.27;0.08;0.10;0.00;0.00;0.00;0.00
madrona;60;1789250948;lo;9648.63;9648.63;4765.95;4765.95;0.00;0.00;0.00;0.00
madrona;60;1789250948;ens5;1.23;1.23;0.08;0.10;0.00;0.00;0.00;0.00
madrona;60;1789251008;lo;9674.32;9674.32;4901.63;4901.63;0.00;0.00;0.00;0.00
madrona;60;1789251008;ens5;0.48;0.48;0.04;0.05;0.00;0.00;0.00;0.00
madrona;60;1789251068;lo;9772.17;9772.17;4922.57;4922.57;0.00;0.00;0.00;0.00
madrona;60;1789251068;ens5;1.02;1.05;0.20;0.18;0.00;0.00;0.00;0.00
madrona;60;1789251128;lo;9995.83;9995.83;5082.29;5082.29;0.00;0.00;0.00;0.00
madrona;60;1789251128;ens5;0.33;0.35;0.03;0.04;0.00;0.00;0.00;0.00
madrona;60;1789251188;lo;9589.50;9589.50;4786.17;4786.17;0.00;0.00;0.00;0.00
madrona;60;1789251188;ens5;0.25;0.25;0.03;0.04;0.00;0.00;0.00;0.00
madrona;60;1789251248;lo;9977.22;9977.22;4982.12;4982.12;0.00;0.00;0.00;0.00
madrona;60;1789251248;ens5;0.22;0.22;0.02;0.03;0.00;0.00;0.00;0.00
madrona;60;1789251308;lo;9544.97;9544.97;4737.21;4737.21;0.00;0.00;0.00;0.00
madrona;60;1789251308;ens5;108.75;126.38;24.43;64.20;0.00;0.00;0.00;0.00
madrona;60;1789251368;lo;10036.05;10036.05;5034.59;5034.59;0.00;0.00;0.00;0.00
madrona;60;1789251368;ens5;87.60;96.18;18.76;37.41;0.00;0.00;0.00;0.00
madrona;60;1789251428;lo;9520.33;9520.33;4735.85;4735.85;0.00;0.00;0.00;0.00
madrona;60;1789251428;ens5;2.25;2.30;0.27;0.35;0.00;0.00;0.00;0.00
madrona;60;1789251488;lo;9480.67;9480.67;4746.90;4746.90;0.00;0.00;0.00;0.00
madrona;60;1789251488;ens5;1.43;1.38;0.12;0.16;0.00;0.00;0.00;0.00
madrona;60;1789251548;lo;9935.25;9935.25;4992.13;4992.13;0.00;0.00;0.00;0.00
madrona;60;1789251548;ens5;3.87;12.50;0.51;14.60;0.00;0.00;0.00;0.00
madrona;60;1789251608;lo;9535.08;9535.08;4762.22;4762.22;0.00;0.00;0.00;0.00
madrona;60;1789251608;ens5;1.90;1.92;0.13;0.19;0.00;0.00;0.00;0.00
madrona;60;1789251668;lo;9962.18;9962.18;4949.66;4949.66;0.00;0.00;0.00;0.00
madrona;60;1789251668;ens5;2.08;2.17;0.28;0.29;0.00;0.00;0.00;0.00
madrona;60;1789251728;lo;9653.23;9653.23;4814.36;4814.36;0.00;0.00;0.00;0.00
madrona;60;1789251728;ens5;1.38;1.40;0.11;0.15;0.00;0.00;0.00;0.00
madrona;60;1789251788;lo;10056.37;10056.37;5038.41;5038.41;0.00;0.00;0.00;0.00
madrona;60;1789251788;ens5;1.28;1.32;0.10;0.15;0.00;0.00;0.00;0.00
madrona;60;1789251848;lo;9570.98;9570.98;4835.44;4835.44;0.00;0.00;0.00;0.00
madrona;60;1789251848;ens5;1.30;1.32;0.10;0.15;0.00;0.00;0.00;0.00
madrona;60;1789251908;lo;9830.48;9830.48;4985.79;4985.79;0.00;0.00;0.00;0.00
madrona;60;1789251908;ens5;1.32;1.33;0.10;0.15;0.00;0.00;0.00;0.00
madrona;60;1789251968;lo;9745.78;9745.78;4847.13;4847.13;0.00;0.00;0.00;0.00
madrona;60;1789251968;ens5;1.53;1.57;0.28;0.26;0.00;0.00;0.00;0.00
madrona;60;1789252028;lo;9385.05;9385.05;4725.61;4725.61;0.00;0.00;0.00;0.00
madrona;60;1789252028;ens5;0.67;0.68;0.17;0.17;0.00;0.00;0.00;0.00
madrona;60;1789252088;lo;10034.32;10034.32;5073.07;5073.07;0.00;0.00;0.00;0.00
madrona;60;1789252088;ens5;3.87;22.97;0.80;31.52;0.00;0.00;0.00;0.00
madrona;60;1789252148;lo;9332.20;9332.20;4711.62;4711.62;0.00;0.00;0.00;0.00
madrona;60;1789252148;ens5;2.57;2.77;0.27;0.60;0.00;0.00;0.00;0.00
madrona;60;1789252208;lo;10205.75;10205.75;5118.38;5118.38;0.00;0.00;0.00;0.00
madrona;60;1789252208;ens5;2.43;2.43;0.18;0.31;0.00;0.00;0.00;0.00
madrona;60;1789252268;lo;9477.48;9477.48;4785.26;4785.26;0.00;0.00;0.00;0.00
madrona;60;1789252268;ens5;2.25;2.27;0.29;0.30;0.00;0.00;0.00;0.00
madrona;60;1789252328;lo;10043.50;10043.50;5062.38;5062.38;0.00;0.00;0.00;0.00
madrona;60;1789252328;ens5;1.37;1.33;0.11;0.15;0.00;0.00;0.00;0.00
madrona;60;1789252388;lo;9173.37;9173.37;4561.19;4561.19;0.00;0.00;0.00;0.00
madrona;60;1789252388;ens5;1.32;1.32;0.10;0.15;0.00;0.00;0.00;0.00
madrona;60;1789252448;lo;10064.27;10064.27;5047.97;5047.97;0.00;0.00;0.00;0.00
madrona;60;1789252448;ens5;1.28;1.25;0.10;0.14;0.00;0.00;0.00;0.00
