ctime,pid,datid,datname,relid,command,type,bytes_processed,bytes_total,tuples_processed,tuples_excluded,tuples_skipped
1788919488.246283,4175758,1985237,dbt5,0,COPY TO,PIPE,7382,0,62,0,0
1788919488.246283,4175761,1985237,dbt5,0,COPY TO,PIPE,119,0,0,0,0
1788919488.246283,4175778,1985237,dbt5,0,COPY TO,PIPE,570,0,0,0,0
1788919488.246283,4175780,1985237,dbt5,0,COPY TO,PIPE,429,0,0,0,0
1788919548.319582,4182030,1985237,dbt5,0,COPY TO,PIPE,7559,0,116,0,0
1788919548.319582,4182031,1985237,dbt5,0,COPY TO,PIPE,0,0,0,0,0
1788919548.319582,4182018,1985237,dbt5,0,COPY TO,PIPE,0,0,0,0,0
1788919608.415810,4192684,1985237,dbt5,0,COPY TO,PIPE,31245,0,188,0,0
1788919608.415810,4192677,1985237,dbt5,0,COPY TO,PIPE,0,0,0,0,0
1788919668.523710,9874,1985237,dbt5,0,COPY TO,PIPE,0,0,0,0,0
1788919668.523710,9873,1985237,dbt5,0,COPY TO,PIPE,0,0,0,0,0
1788919728.661817,21181,1985237,dbt5,0,COPY TO,PIPE,0,0,0,0,0
1788919788.788876,32813,1985237,dbt5,0,COPY TO,PIPE,0,0,0,0,0
1788919788.788876,32788,1985237,dbt5,0,COPY TO,PIPE,0,0,0,0,0
1788919848.963740,44772,1985237,dbt5,0,COPY TO,PIPE,0,0,0,0,0
1788919848.963740,44776,1985237,dbt5,0,COPY TO,PIPE,0,0,0,0,0
1788919908.053776,56666,1985237,dbt5,0,COPY TO,PIPE,0,0,0,0,0
1788919908.053776,56626,1985237,dbt5,0,COPY TO,PIPE,0,0,0,0,0
1788919968.159430,68795,1985237,dbt5,0,COPY TO,PIPE,0,0,0,0,0
1788919968.159430,68784,1985237,dbt5,0,COPY TO,PIPE,104,0,1,0,0
1788919968.159430,68801,1985237,dbt5,0,COPY TO,PIPE,0,0,0,0,0
1788920028.297129,81165,1985237,dbt5,0,COPY TO,PIPE,0,0,0,0,0
1788920028.297129,81167,1985237,dbt5,0,COPY TO,PIPE,0,0,0,0,0
1788920088.441171,93734,1985237,dbt5,0,COPY TO,PIPE,0,0,0,0,0
1788920088.441171,93755,1985237,dbt5,0,COPY TO,PIPE,0,0,0,0,0
1788920088.441171,93732,1985237,dbt5,0,COPY TO,PIPE,0,0,0,0,0
1788920148.548127,106482,1985237,dbt5,0,COPY TO,PIPE,0,0,0,0,0
1788920208.699817,119295,1985237,dbt5,0,COPY TO,PIPE,110,0,1,0,0
1788920208.699817,119304,1985237,dbt5,0,COPY TO,PIPE,0,0,0,0,0
1788920208.699817,119297,1985237,dbt5,0,COPY TO,PIPE,0,0,0,0,0
1788920268.859089,132161,1985237,dbt5,0,COPY TO,PIPE,7559,0,116,0,0
1788920268.859089,132143,1985237,dbt5,0,COPY TO,PIPE,0,0,0,0,0
1788920328.953066,144966,1985237,dbt5,0,COPY TO,PIPE,0,0,0,0,0
1788920388.111232,157762,1985237,dbt5,0,COPY TO,PIPE,0,0,0,0,0
1788920388.111232,157752,1985237,dbt5,0,COPY TO,PIPE,0,0,0,0,0
1788920448.223747,170732,1985237,dbt5,0,COPY TO,PIPE,0,0,0,0,0
1788920448.223747,170735,1985237,dbt5,0,COPY TO,PIPE,0,0,0,0,0
1788920508.365238,183631,1985237,dbt5,0,COPY TO,PIPE,0,0,0,0,0
1788920508.365238,183635,1985237,dbt5,0,COPY TO,PIPE,0,0,0,0,0
1788920568.519765,196504,1985237,dbt5,0,COPY TO,PIPE,0,0,0,0,0
1788920628.668208,209429,1985237,dbt5,0,COPY TO,PIPE,0,0,0,0,0
1788920628.668208,209404,1985237,dbt5,0,COPY TO,PIPE,0,0,0,0,0
1788920628.668208,209407,1985237,dbt5,0,COPY TO,PIPE,0,0,0,0,0
1788920688.783076,222154,1985237,dbt5,0,COPY TO,PIPE,0,0,0,0,0
1788920688.783076,222151,1985237,dbt5,0,COPY TO,PIPE,0,0,0,0,0
1788920748.985553,234900,1985237,dbt5,0,COPY TO,PIPE,20093,0,122,0,0
1788920748.985553,234887,1985237,dbt5,0,COPY TO,PIPE,0,0,0,0,0
1788920748.985553,234880,1985237,dbt5,0,COPY TO,PIPE,0,0,0,0,0
1788920808.063205,247376,1985237,dbt5,0,COPY TO,PIPE,0,0,0,0,0
1788920808.063205,247399,1985237,dbt5,0,COPY TO,PIPE,0,0,0,0,0
1788920808.063205,247375,1985237,dbt5,0,COPY TO,PIPE,0,0,0,0,0
1788920868.233819,259994,1985237,dbt5,0,COPY TO,PIPE,0,0,0,0,0
1788920868.233819,259992,1985237,dbt5,0,COPY TO,PIPE,0,0,0,0,0
1788920868.233819,259990,1985237,dbt5,0,COPY TO,PIPE,0,0,0,0,0
1788920868.233819,260007,1985237,dbt5,0,COPY TO,PIPE,0,0,0,0,0
1788920928.366049,272626,1985237,dbt5,0,COPY TO,PIPE,0,0,0,0,0
1788920988.490267,285350,1985237,dbt5,0,COPY TO,PIPE,0,0,0,0,0
1788920988.490267,285337,1985237,dbt5,0,COPY TO,PIPE,0,0,0,0,0
1788920988.490267,285370,1985237,dbt5,0,COPY TO,PIPE,0,0,0,0,0
1788921048.620793,298162,1985237,dbt5,0,COPY TO,PIPE,0,0,0,0,0
1788921108.773604,310754,1985237,dbt5,0,COPY TO,PIPE,0,0,0,0,0
1788921108.773604,310760,1985237,dbt5,0,COPY TO,PIPE,0,0,0,0,0
1788921168.902564,323459,1985237,dbt5,0,COPY TO,PIPE,0,0,0,0,0
1788921168.902564,323476,1985237,dbt5,0,COPY TO,PIPE,0,0,0,0,0
1788921229.005411,336021,1985237,dbt5,0,COPY TO,PIPE,0,0,0,0,0
1788921229.005411,336015,1985237,dbt5,0,COPY TO,PIPE,0,0,0,0,0
1788921288.167447,348530,1985237,dbt5,0,COPY TO,PIPE,0,0,0,0,0
1788921288.167447,348543,1985237,dbt5,0,COPY TO,PIPE,0,0,0,0,0
1788921348.293147,361129,1985237,dbt5,0,COPY TO,PIPE,0,0,0,0,0
1788921348.293147,361173,1985237,dbt5,0,COPY TO,PIPE,0,0,0,0,0
1788921348.293147,361178,1985237,dbt5,0,COPY TO,PIPE,1598,0,19,0,0
1788921408.432412,373671,1985237,dbt5,0,COPY TO,PIPE,0,0,0,0,0
1788921408.432412,373680,1985237,dbt5,0,COPY TO,PIPE,0,0,0,0,0
1788921468.528048,386263,1985237,dbt5,0,COPY TO,PIPE,0,0,0,0,0
1788921528.697681,398829,1985237,dbt5,0,COPY TO,PIPE,7556,0,114,0,0
1788921528.697681,398821,1985237,dbt5,0,COPY TO,PIPE,0,0,0,0,0
1788921528.697681,398822,1985237,dbt5,0,COPY TO,PIPE,0,0,0,0,0
1788921528.697681,398832,1985237,dbt5,0,COPY TO,PIPE,7844,0,45,0,0
1788921588.793800,411470,1985237,dbt5,0,COPY TO,PIPE,0,0,0,0,0
1788921588.793800,411463,1985237,dbt5,0,COPY TO,PIPE,0,0,0,0,0
1788921648.941780,424267,1985237,dbt5,0,COPY TO,PIPE,0,0,0,0,0
1788921648.941780,424266,1985237,dbt5,0,COPY TO,PIPE,0,0,0,0,0
1788921708.082753,436625,1985237,dbt5,0,COPY TO,PIPE,0,0,0,0,0
1788921708.082753,436623,1985237,dbt5,0,COPY TO,PIPE,0,0,0,0,0
1788921708.082753,436639,1985237,dbt5,0,COPY TO,PIPE,104,0,1,0,0
1788921768.260493,449281,1985237,dbt5,0,COPY TO,PIPE,0,0,0,0,0
1788921768.260493,449286,1985237,dbt5,0,COPY TO,PIPE,7559,0,116,0,0
1788921768.260493,449299,1985237,dbt5,0,COPY TO,PIPE,0,0,0,0,0
1788921768.260493,449301,1985237,dbt5,0,COPY TO,PIPE,0,0,0,0,0
1788921828.395459,461856,1985237,dbt5,0,COPY TO,PIPE,0,0,0,0,0
1788921888.455118,474321,1985237,dbt5,0,COPY TO,PIPE,4947,0,41,0,0
1788921888.455118,474324,1985237,dbt5,0,COPY TO,PIPE,0,0,0,0,0
1788921948.624498,488673,1985237,dbt5,0,COPY TO,PIPE,0,0,0,0,0
1788921948.624498,488645,1985237,dbt5,0,COPY TO,PIPE,0,0,0,0,0
1788921948.624498,488666,1985237,dbt5,0,COPY TO,PIPE,7771,0,68,0,0
1788921948.624498,488677,1985237,dbt5,0,COPY TO,PIPE,0,0,0,0,0
1788922008.708818,502427,1985237,dbt5,0,COPY TO,PIPE,0,0,0,0,0
1788922008.708818,502443,1985237,dbt5,0,COPY TO,PIPE,0,0,0,0,0
1788922068.848453,515122,1985237,dbt5,0,COPY TO,PIPE,0,0,0,0,0
1788922128.950260,527535,1985237,dbt5,0,COPY TO,PIPE,0,0,0,0,0
1788922188.115233,539663,1985237,dbt5,0,COPY TO,PIPE,0,0,0,0,0
1788922188.115233,539657,1985237,dbt5,0,COPY TO,PIPE,0,0,0,0,0
1788922248.218244,551926,1985237,dbt5,0,COPY TO,PIPE,0,0,0,0,0
1788922248.218244,551935,1985237,dbt5,0,COPY TO,PIPE,0,0,0,0,0
1788922248.218244,551937,1985237,dbt5,0,COPY TO,PIPE,0,0,0,0,0
1788922248.218244,551919,1985237,dbt5,0,COPY TO,PIPE,104,0,1,0,0
1788922308.341213,564243,1985237,dbt5,0,COPY TO,PIPE,0,0,0,0,0
1788922308.341213,564262,1985237,dbt5,0,COPY TO,PIPE,0,0,0,0,0
1788922368.495658,576853,1985237,dbt5,0,COPY TO,PIPE,7751,0,79,0,0
1788922368.495658,576859,1985237,dbt5,0,COPY TO,PIPE,7771,0,68,0,0
1788922368.495658,576855,1985237,dbt5,0,COPY TO,PIPE,0,0,0,0,0
1788922368.495658,576862,1985237,dbt5,0,COPY TO,PIPE,0,0,0,0,0
1788922428.639732,589591,1985237,dbt5,0,COPY TO,PIPE,0,0,0,0,0
1788922428.639732,589588,1985237,dbt5,0,COPY TO,PIPE,0,0,0,0,0
1788922488.742264,602437,1985237,dbt5,0,COPY TO,PIPE,19676,0,173,0,0
1788922488.742264,602454,1985237,dbt5,0,COPY TO,PIPE,0,0,0,0,0
1788922548.892797,615353,1985237,dbt5,0,COPY TO,PIPE,4873,0,75,0,0
1788922548.892797,615352,1985237,dbt5,0,COPY TO,PIPE,0,0,0,0,0
1788922548.892797,615364,1985237,dbt5,0,COPY TO,PIPE,1123,0,17,0,0
1788922548.892797,615356,1985237,dbt5,0,COPY TO,PIPE,0,0,0,0,0
1788922609.015679,628245,1985237,dbt5,0,COPY TO,PIPE,0,0,0,0,0
1788922609.015679,628238,1985237,dbt5,0,COPY TO,PIPE,7947,0,35,0,0
1788922668.147041,640751,1985237,dbt5,0,COPY TO,PIPE,0,0,0,0,0
1788922728.289533,653643,1985237,dbt5,0,COPY TO,PIPE,0,0,0,0,0
1788922728.289533,653625,1985237,dbt5,0,COPY TO,PIPE,0,0,0,0,0
1788922788.399359,666529,1985237,dbt5,0,COPY TO,PIPE,7559,0,116,0,0
1788922788.399359,666507,1985237,dbt5,0,COPY TO,PIPE,7758,0,30,0,0
1788922788.399359,666511,1985237,dbt5,0,COPY TO,PIPE,0,0,0,0,0
1788922788.399359,666498,1985237,dbt5,0,COPY TO,PIPE,0,0,0,0,0
1788922848.501879,679507,1985237,dbt5,0,COPY TO,PIPE,0,0,0,0,0
1788922848.501879,679491,1985237,dbt5,0,COPY TO,PIPE,0,0,0,0,0
1788922848.501879,679500,1985237,dbt5,0,COPY TO,PIPE,0,0,0,0,0
1788922848.501879,679506,1985237,dbt5,0,COPY TO,PIPE,0,0,0,0,0
1788922908.644993,692255,1985237,dbt5,0,COPY TO,PIPE,7775,0,33,0,0
1788922908.644993,692262,1985237,dbt5,0,COPY TO,PIPE,0,0,0,0,0
1788922968.774825,705196,1985237,dbt5,0,COPY TO,PIPE,7785,0,52,0,0
1788922968.774825,705205,1985237,dbt5,0,COPY TO,PIPE,0,0,0,0,0
1788923028.867734,718221,1985237,dbt5,0,COPY TO,PIPE,0,0,0,0,0
1788923028.867734,718242,1985237,dbt5,0,COPY TO,PIPE,0,0,0,0,0
1788923089.047737,731209,1985237,dbt5,0,COPY TO,PIPE,0,0,0,0,0
1788923089.047737,731226,1985237,dbt5,0,COPY TO,PIPE,15587,0,156,0,0
1788923089.047737,731218,1985237,dbt5,0,COPY TO,PIPE,0,0,0,0,0
1788923089.047737,731208,1985237,dbt5,0,COPY TO,PIPE,0,0,0,0,0
1788923148.164249,743999,1985237,dbt5,0,COPY TO,PIPE,0,0,0,0,0
1788923148.164249,744014,1985237,dbt5,0,COPY TO,PIPE,0,0,0,0,0
