# hostname;interval;timestamp;pgpgin/s;pgpgout/s;fault/s;majflt/s;pgfree/s;pgscank/s;pgscand/s;pgsteal/s;pgprom/s;pgdem/s
madrona;60;1788908234;855.79;13088.02;147721.41;0.05;26246.34;0.00;0.00;0.00;0.00;0.00
madrona;60;1788908294;1070.47;17873.20;76543.67;0.03;44232.00;3195.18;3.20;6396.77;0.00;0.00
madrona;60;1788908354;1056.47;18262.93;54117.93;0.00;43078.10;0.00;0.00;0.00;0.00;0.00
madrona;60;1788908414;536.40;18176.80;51270.78;0.00;47973.90;2742.68;62.32;5610.00;0.00;0.00
madrona;60;1788908474;2061.93;18024.93;48872.70;0.00;49009.25;3263.75;1.07;6529.63;0.00;0.00
madrona;60;1788908534;482.80;17993.40;48959.22;0.00;44020.75;0.00;0.00;0.00;0.00;0.00
madrona;60;1788908594;521.80;17896.40;45818.25;0.00;48058.57;4735.00;41.97;9553.93;0.00;0.00
madrona;60;1788908654;384.67;17834.73;45688.53;0.00;45319.83;0.00;0.00;0.00;0.00;0.00
madrona;60;1788908714;510.33;16698.33;44086.75;0.00;42640.00;0.00;0.00;0.00;0.00;0.00
madrona;60;1788908774;2830.07;15605.53;43772.82;0.00;45053.42;1462.85;0.00;2925.70;0.00;0.00
madrona;60;1788908834;400.00;14213.53;43766.03;9.02;42838.65;0.00;0.00;0.00;0.00;0.00
madrona;60;1788908894;738.00;16690.60;43710.45;0.00;47112.12;2990.23;5.33;6060.27;0.00;0.00
madrona;60;1788908954;436.46;15889.02;43576.65;0.02;42993.72;0.00;0.00;70.62;0.00;0.00
madrona;60;1788909014;557.47;13250.67;44311.80;26.62;43444.33;0.00;0.00;70.53;0.00;0.00
madrona;60;1788909074;1801.07;13006.33;43512.13;6.73;43245.47;0.00;0.00;70.13;0.00;0.00
madrona;60;1788909134;1382.07;22433.53;42690.13;39.75;42938.75;0.00;0.00;34.37;0.00;0.00
madrona;60;1788909194;845.53;28030.00;41572.17;1.83;42454.37;0.00;0.00;34.43;0.00;0.00
madrona;60;1788909254;1163.33;24200.20;40977.47;1.45;44602.48;1411.37;0.00;2891.03;0.00;0.00
madrona;60;1788909314;663.22;21902.35;41644.96;31.96;42359.31;0.00;0.00;68.26;0.00;0.00
madrona;60;1788909374;670.13;20495.73;41852.30;0.95;44480.15;1428.82;0.00;2925.90;0.00;0.00
madrona;60;1788909434;549.73;19420.60;42005.77;0.52;43113.25;0.00;0.00;68.27;0.00;0.00
madrona;60;1788909494;2206.13;18733.20;42723.17;0.12;43755.72;0.00;0.00;34.13;0.00;0.00
madrona;60;1788909554;340.07;18099.67;41668.25;0.00;45083.37;1463.07;0.00;2960.27;0.00;0.00
madrona;60;1788909614;738.67;17960.33;41006.42;0.25;42263.65;0.00;0.00;68.37;0.00;0.00
madrona;60;1788909674;498.53;17402.67;40672.62;0.00;41885.02;0.00;0.00;68.37;0.00;0.00
madrona;60;1788909734;435.27;16765.07;41482.47;0.00;42817.03;0.00;0.00;68.43;0.00;0.00
madrona;60;1788909794;1150.60;16829.33;40911.88;0.00;44826.42;1847.07;0.00;3762.63;0.00;0.00
madrona;60;1788909854;940.78;16568.04;40720.46;0.00;41714.23;0.00;0.00;68.39;0.00;0.00
madrona;60;1788909914;634.20;18639.40;40687.92;0.00;42152.70;0.00;0.00;34.13;0.00;0.00
madrona;60;1788909974;1544.00;18466.60;41185.00;0.22;42831.67;0.00;0.00;34.13;0.00;0.00
madrona;60;1788910034;859.13;18446.00;41738.03;0.02;46341.35;1786.78;0.00;3641.83;0.00;0.00
madrona;60;1788910094;425.80;19219.20;41631.62;0.00;43389.92;0.00;0.00;68.50;0.00;0.00
madrona;60;1788910154;4427.20;19150.53;39790.07;0.02;44427.28;2737.98;0.00;5544.93;0.00;0.00
madrona;60;1788910214;560.87;19059.73;40786.18;0.00;44718.60;1368.48;0.00;2805.67;0.00;0.00
madrona;60;1788910274;1900.73;18782.53;40834.53;0.12;45737.58;2738.43;0.00;5511.00;0.00;0.00
madrona;60;1788910334;529.07;17829.87;41222.33;0.00;45027.87;1377.75;0.00;2789.63;0.00;0.00
madrona;60;1788910394;577.53;17730.20;39987.38;0.00;43783.38;1368.68;0.00;2805.90;0.00;0.00
madrona;60;1788910454;1366.93;17871.93;40859.30;0.00;42720.02;0.00;0.00;69.37;0.00;0.00
madrona;60;1788910514;849.87;17184.13;41108.53;0.00;44369.50;1369.30;0.00;2807.50;0.00;0.00
madrona;60;1788910574;503.33;16125.87;39377.82;0.00;41934.37;0.00;0.00;68.93;0.00;0.00
madrona;60;1788910634;807.27;14081.27;40030.28;0.00;41719.68;0.00;0.00;34.33;0.00;0.00
madrona;60;1788910694;446.47;16788.07;41086.42;0.00;43041.62;0.00;0.00;34.33;0.00;0.00
madrona;60;1788910754;3488.00;16054.00;40298.13;0.00;44603.22;1369.03;0.00;2807.40;0.00;0.00
madrona;60;1788910814;1168.67;13504.47;41428.53;0.00;45320.88;1369.17;0.00;2807.03;0.00;0.00
madrona;60;1788910874;1589.00;13531.67;41425.60;0.00;43429.65;0.00;0.00;69.50;0.00;0.00
madrona;60;1788910934;2501.67;22683.47;40674.10;0.00;45135.55;1368.57;0.00;2806.17;0.00;0.00
madrona;60;1788910994;561.13;28591.60;39989.32;0.00;44043.75;1368.67;0.00;2771.50;0.00;0.00
madrona;60;1788911054;680.40;24070.40;42054.98;0.00;45319.38;1369.30;0.00;2772.83;0.00;0.00
madrona;60;1788911114;567.60;21977.27;40576.73;0.58;43002.00;0.00;0.00;68.27;0.00;0.00
madrona;60;1788911174;3537.68;20585.77;40258.07;0.00;42287.14;0.00;0.00;68.26;0.00;0.00
madrona;60;1788911234;875.27;19516.80;40955.27;0.00;45137.22;1437.08;0.00;2942.43;0.00;0.00
madrona;60;1788911294;2704.93;18732.40;40710.43;0.00;42731.53;0.00;0.00;68.27;0.00;0.00
madrona;60;1788911354;1227.13;18189.67;40343.32;0.00;42520.13;0.00;0.00;34.13;0.00;0.00
madrona;60;1788911414;839.20;18102.13;40989.48;0.02;45140.38;1463.03;0.00;2960.20;0.00;0.00
madrona;60;1788911474;1054.40;17590.80;39808.88;0.00;44309.72;1394.63;0.00;2857.53;0.00;0.00
madrona;60;1788911534;1079.47;16937.20;39328.75;0.00;41319.35;0.00;0.00;68.57;0.00;0.00
madrona;60;1788911594;1160.13;16943.93;40318.98;0.00;44823.55;1453.85;0.00;2976.33;0.00;0.00
madrona;60;1788911654;1023.56;17178.67;41125.43;0.00;43106.62;0.00;0.00;68.49;0.00;0.00
madrona;60;1788911714;2201.80;18845.20;40236.12;0.00;42553.48;0.00;0.00;34.23;0.00;0.00
madrona;60;1788911774;432.87;18763.33;39480.03;0.00;44119.63;1590.83;0.00;3215.93;0.00;0.00
madrona;60;1788911834;731.27;18478.87;40008.67;0.00;42450.77;0.00;0.00;69.00;0.00;0.00
