ctime,datid,datname,confl_tablespace,confl_lock,confl_snapshot,confl_bufferpin,confl_deadlock,confl_active_logicalslot
1788923260.466252,5,postgres,0,0,0,0,0,0
1788923260.466252,16384,markwkm,0,0,0,0,0,0
1788923260.466252,1,template1,0,0,0,0,0,0
1788923260.466252,4,template0,0,0,0,0,0,0
1788923260.466252,1985237,dbt5,0,0,0,0,0,0
1788923260.466252,1928040,dbt5test,0,0,0,0,0,0
1788923320.561725,5,postgres,0,0,0,0,0,0
1788923320.561725,16384,markwkm,0,0,0,0,0,0
1788923320.561725,1,template1,0,0,0,0,0,0
1788923320.561725,4,template0,0,0,0,0,0,0
1788923320.561725,1985237,dbt5,0,0,0,0,0,0
1788923320.561725,1928040,dbt5test,0,0,0,0,0,0
1788923380.687870,5,postgres,0,0,0,0,0,0
1788923380.687870,16384,markwkm,0,0,0,0,0,0
1788923380.687870,1,template1,0,0,0,0,0,0
1788923380.687870,4,template0,0,0,0,0,0,0
1788923380.687870,1985237,dbt5,0,0,0,0,0,0
1788923380.687870,1928040,dbt5test,0,0,0,0,0,0
1788923440.787649,5,postgres,0,0,0,0,0,0
1788923440.787649,16384,markwkm,0,0,0,0,0,0
1788923440.787649,1,template1,0,0,0,0,0,0
1788923440.787649,4,template0,0,0,0,0,0,0
1788923440.787649,1985237,dbt5,0,0,0,0,0,0
1788923440.787649,1928040,dbt5test,0,0,0,0,0,0
1788923500.936286,5,postgres,0,0,0,0,0,0
1788923500.936286,16384,markwkm,0,0,0,0,0,0
1788923500.936286,1,template1,0,0,0,0,0,0
1788923500.936286,4,template0,0,0,0,0,0,0
1788923500.936286,1985237,dbt5,0,0,0,0,0,0
1788923500.936286,1928040,dbt5test,0,0,0,0,0,0
1788923560.056140,5,postgres,0,0,0,0,0,0
1788923560.056140,16384,markwkm,0,0,0,0,0,0
1788923560.056140,1,template1,0,0,0,0,0,0
1788923560.056140,4,template0,0,0,0,0,0,0
1788923560.056140,1985237,dbt5,0,0,0,0,0,0
1788923560.056140,1928040,dbt5test,0,0,0,0,0,0
1788923620.205547,5,postgres,0,0,0,0,0,0
1788923620.205547,16384,markwkm,0,0,0,0,0,0
1788923620.205547,1,template1,0,0,0,0,0,0
1788923620.205547,4,template0,0,0,0,0,0,0
1788923620.205547,1985237,dbt5,0,0,0,0,0,0
1788923620.205547,1928040,dbt5test,0,0,0,0,0,0
1788923680.310326,5,postgres,0,0,0,0,0,0
1788923680.310326,16384,markwkm,0,0,0,0,0,0
1788923680.310326,1,template1,0,0,0,0,0,0
1788923680.310326,4,template0,0,0,0,0,0,0
1788923680.310326,1985237,dbt5,0,0,0,0,0,0
1788923680.310326,1928040,dbt5test,0,0,0,0,0,0
1788923740.497222,5,postgres,0,0,0,0,0,0
1788923740.497222,16384,markwkm,0,0,0,0,0,0
1788923740.497222,1,template1,0,0,0,0,0,0
1788923740.497222,4,template0,0,0,0,0,0,0
1788923740.497222,1985237,dbt5,0,0,0,0,0,0
1788923740.497222,1928040,dbt5test,0,0,0,0,0,0
1788923800.598705,5,postgres,0,0,0,0,0,0
1788923800.598705,16384,markwkm,0,0,0,0,0,0
1788923800.598705,1,template1,0,0,0,0,0,0
1788923800.598705,4,template0,0,0,0,0,0,0
1788923800.598705,1985237,dbt5,0,0,0,0,0,0
1788923800.598705,1928040,dbt5test,0,0,0,0,0,0
1788923860.711118,5,postgres,0,0,0,0,0,0
1788923860.711118,16384,markwkm,0,0,0,0,0,0
1788923860.711118,1,template1,0,0,0,0,0,0
1788923860.711118,4,template0,0,0,0,0,0,0
1788923860.711118,1985237,dbt5,0,0,0,0,0,0
1788923860.711118,1928040,dbt5test,0,0,0,0,0,0
1788923920.848697,5,postgres,0,0,0,0,0,0
1788923920.848697,16384,markwkm,0,0,0,0,0,0
1788923920.848697,1,template1,0,0,0,0,0,0
1788923920.848697,4,template0,0,0,0,0,0,0
1788923920.848697,1985237,dbt5,0,0,0,0,0,0
1788923920.848697,1928040,dbt5test,0,0,0,0,0,0
1788923981.064213,5,postgres,0,0,0,0,0,0
1788923981.064213,16384,markwkm,0,0,0,0,0,0
1788923981.064213,1,template1,0,0,0,0,0,0
1788923981.064213,4,template0,0,0,0,0,0,0
1788923981.064213,1985237,dbt5,0,0,0,0,0,0
1788923981.064213,1928040,dbt5test,0,0,0,0,0,0
1788924040.170893,5,postgres,0,0,0,0,0,0
1788924040.170893,16384,markwkm,0,0,0,0,0,0
1788924040.170893,1,template1,0,0,0,0,0,0
1788924040.170893,4,template0,0,0,0,0,0,0
1788924040.170893,1985237,dbt5,0,0,0,0,0,0
1788924040.170893,1928040,dbt5test,0,0,0,0,0,0
1788924100.246720,5,postgres,0,0,0,0,0,0
1788924100.246720,16384,markwkm,0,0,0,0,0,0
1788924100.246720,1,template1,0,0,0,0,0,0
1788924100.246720,4,template0,0,0,0,0,0,0
1788924100.246720,1985237,dbt5,0,0,0,0,0,0
1788924100.246720,1928040,dbt5test,0,0,0,0,0,0
1788924160.432196,5,postgres,0,0,0,0,0,0
1788924160.432196,16384,markwkm,0,0,0,0,0,0
1788924160.432196,1,template1,0,0,0,0,0,0
1788924160.432196,4,template0,0,0,0,0,0,0
1788924160.432196,1985237,dbt5,0,0,0,0,0,0
1788924160.432196,1928040,dbt5test,0,0,0,0,0,0
1788924220.511651,5,postgres,0,0,0,0,0,0
1788924220.511651,16384,markwkm,0,0,0,0,0,0
1788924220.511651,1,template1,0,0,0,0,0,0
1788924220.511651,4,template0,0,0,0,0,0,0
1788924220.511651,1985237,dbt5,0,0,0,0,0,0
1788924220.511651,1928040,dbt5test,0,0,0,0,0,0
1788924280.715457,5,postgres,0,0,0,0,0,0
1788924280.715457,16384,markwkm,0,0,0,0,0,0
1788924280.715457,1,template1,0,0,0,0,0,0
1788924280.715457,4,template0,0,0,0,0,0,0
1788924280.715457,1985237,dbt5,0,0,0,0,0,0
1788924280.715457,1928040,dbt5test,0,0,0,0,0,0
1788924340.775714,5,postgres,0,0,0,0,0,0
1788924340.775714,16384,markwkm,0,0,0,0,0,0
1788924340.775714,1,template1,0,0,0,0,0,0
1788924340.775714,4,template0,0,0,0,0,0,0
1788924340.775714,1985237,dbt5,0,0,0,0,0,0
1788924340.775714,1928040,dbt5test,0,0,0,0,0,0
1788924400.959111,5,postgres,0,0,0,0,0,0
1788924400.959111,16384,markwkm,0,0,0,0,0,0
1788924400.959111,1,template1,0,0,0,0,0,0
1788924400.959111,4,template0,0,0,0,0,0,0
1788924400.959111,1985237,dbt5,0,0,0,0,0,0
1788924400.959111,1928040,dbt5test,0,0,0,0,0,0
1788924461.079041,5,postgres,0,0,0,0,0,0
1788924461.079041,16384,markwkm,0,0,0,0,0,0
1788924461.079041,1,template1,0,0,0,0,0,0
1788924461.079041,4,template0,0,0,0,0,0,0
1788924461.079041,1985237,dbt5,0,0,0,0,0,0
1788924461.079041,1928040,dbt5test,0,0,0,0,0,0
1788924521.187736,5,postgres,0,0,0,0,0,0
1788924521.187736,16384,markwkm,0,0,0,0,0,0
1788924521.187736,1,template1,0,0,0,0,0,0
1788924521.187736,4,template0,0,0,0,0,0,0
1788924521.187736,1985237,dbt5,0,0,0,0,0,0
1788924521.187736,1928040,dbt5test,0,0,0,0,0,0
1788924581.343720,5,postgres,0,0,0,0,0,0
1788924581.343720,16384,markwkm,0,0,0,0,0,0
1788924581.343720,1,template1,0,0,0,0,0,0
1788924581.343720,4,template0,0,0,0,0,0,0
1788924581.343720,1985237,dbt5,0,0,0,0,0,0
1788924581.343720,1928040,dbt5test,0,0,0,0,0,0
1788924641.401126,5,postgres,0,0,0,0,0,0
1788924641.401126,16384,markwkm,0,0,0,0,0,0
1788924641.401126,1,template1,0,0,0,0,0,0
1788924641.401126,4,template0,0,0,0,0,0,0
1788924641.401126,1985237,dbt5,0,0,0,0,0,0
1788924641.401126,1928040,dbt5test,0,0,0,0,0,0
1788924701.576341,5,postgres,0,0,0,0,0,0
1788924701.576341,16384,markwkm,0,0,0,0,0,0
1788924701.576341,1,template1,0,0,0,0,0,0
1788924701.576341,4,template0,0,0,0,0,0,0
1788924701.576341,1985237,dbt5,0,0,0,0,0,0
1788924701.576341,1928040,dbt5test,0,0,0,0,0,0
1788924761.710358,5,postgres,0,0,0,0,0,0
1788924761.710358,16384,markwkm,0,0,0,0,0,0
1788924761.710358,1,template1,0,0,0,0,0,0
1788924761.710358,4,template0,0,0,0,0,0,0
1788924761.710358,1985237,dbt5,0,0,0,0,0,0
1788924761.710358,1928040,dbt5test,0,0,0,0,0,0
1788924821.821204,5,postgres,0,0,0,0,0,0
1788924821.821204,16384,markwkm,0,0,0,0,0,0
1788924821.821204,1,template1,0,0,0,0,0,0
1788924821.821204,4,template0,0,0,0,0,0,0
1788924821.821204,1985237,dbt5,0,0,0,0,0,0
1788924821.821204,1928040,dbt5test,0,0,0,0,0,0
1788924881.914670,5,postgres,0,0,0,0,0,0
1788924881.914670,16384,markwkm,0,0,0,0,0,0
1788924881.914670,1,template1,0,0,0,0,0,0
1788924881.914670,4,template0,0,0,0,0,0,0
1788924881.914670,1985237,dbt5,0,0,0,0,0,0
1788924881.914670,1928040,dbt5test,0,0,0,0,0,0
1788924941.050218,5,postgres,0,0,0,0,0,0
1788924941.050218,16384,markwkm,0,0,0,0,0,0
1788924941.050218,1,template1,0,0,0,0,0,0
1788924941.050218,4,template0,0,0,0,0,0,0
1788924941.050218,1985237,dbt5,0,0,0,0,0,0
1788924941.050218,1928040,dbt5test,0,0,0,0,0,0
1788925001.243154,5,postgres,0,0,0,0,0,0
1788925001.243154,16384,markwkm,0,0,0,0,0,0
1788925001.243154,1,template1,0,0,0,0,0,0
1788925001.243154,4,template0,0,0,0,0,0,0
1788925001.243154,1985237,dbt5,0,0,0,0,0,0
1788925001.243154,1928040,dbt5test,0,0,0,0,0,0
1788925061.339070,5,postgres,0,0,0,0,0,0
1788925061.339070,16384,markwkm,0,0,0,0,0,0
1788925061.339070,1,template1,0,0,0,0,0,0
1788925061.339070,4,template0,0,0,0,0,0,0
1788925061.339070,1985237,dbt5,0,0,0,0,0,0
1788925061.339070,1928040,dbt5test,0,0,0,0,0,0
1788925121.438469,5,postgres,0,0,0,0,0,0
1788925121.438469,16384,markwkm,0,0,0,0,0,0
1788925121.438469,1,template1,0,0,0,0,0,0
1788925121.438469,4,template0,0,0,0,0,0,0
1788925121.438469,1985237,dbt5,0,0,0,0,0,0
1788925121.438469,1928040,dbt5test,0,0,0,0,0,0
1788925181.673783,5,postgres,0,0,0,0,0,0
1788925181.673783,16384,markwkm,0,0,0,0,0,0
1788925181.673783,1,template1,0,0,0,0,0,0
1788925181.673783,4,template0,0,0,0,0,0,0
1788925181.673783,1985237,dbt5,0,0,0,0,0,0
1788925181.673783,1928040,dbt5test,0,0,0,0,0,0
1788925241.747311,5,postgres,0,0,0,0,0,0
1788925241.747311,16384,markwkm,0,0,0,0,0,0
1788925241.747311,1,template1,0,0,0,0,0,0
1788925241.747311,4,template0,0,0,0,0,0,0
1788925241.747311,1985237,dbt5,0,0,0,0,0,0
1788925241.747311,1928040,dbt5test,0,0,0,0,0,0
1788925301.927650,5,postgres,0,0,0,0,0,0
1788925301.927650,16384,markwkm,0,0,0,0,0,0
1788925301.927650,1,template1,0,0,0,0,0,0
1788925301.927650,4,template0,0,0,0,0,0,0
1788925301.927650,1985237,dbt5,0,0,0,0,0,0
1788925301.927650,1928040,dbt5test,0,0,0,0,0,0
1788925362.021017,5,postgres,0,0,0,0,0,0
1788925362.021017,16384,markwkm,0,0,0,0,0,0
1788925362.021017,1,template1,0,0,0,0,0,0
1788925362.021017,4,template0,0,0,0,0,0,0
1788925362.021017,1985237,dbt5,0,0,0,0,0,0
1788925362.021017,1928040,dbt5test,0,0,0,0,0,0
1788925421.163178,5,postgres,0,0,0,0,0,0
1788925421.163178,16384,markwkm,0,0,0,0,0,0
1788925421.163178,1,template1,0,0,0,0,0,0
1788925421.163178,4,template0,0,0,0,0,0,0
1788925421.163178,1985237,dbt5,0,0,0,0,0,0
1788925421.163178,1928040,dbt5test,0,0,0,0,0,0
1788925481.244066,5,postgres,0,0,0,0,0,0
1788925481.244066,16384,markwkm,0,0,0,0,0,0
1788925481.244066,1,template1,0,0,0,0,0,0
1788925481.244066,4,template0,0,0,0,0,0,0
1788925481.244066,1985237,dbt5,0,0,0,0,0,0
1788925481.244066,1928040,dbt5test,0,0,0,0,0,0
1788925541.396500,5,postgres,0,0,0,0,0,0
1788925541.396500,16384,markwkm,0,0,0,0,0,0
1788925541.396500,1,template1,0,0,0,0,0,0
1788925541.396500,4,template0,0,0,0,0,0,0
1788925541.396500,1985237,dbt5,0,0,0,0,0,0
1788925541.396500,1928040,dbt5test,0,0,0,0,0,0
1788925601.471107,5,postgres,0,0,0,0,0,0
1788925601.471107,16384,markwkm,0,0,0,0,0,0
1788925601.471107,1,template1,0,0,0,0,0,0
1788925601.471107,4,template0,0,0,0,0,0,0
1788925601.471107,1985237,dbt5,0,0,0,0,0,0
1788925601.471107,1928040,dbt5test,0,0,0,0,0,0
1788925661.605791,5,postgres,0,0,0,0,0,0
1788925661.605791,16384,markwkm,0,0,0,0,0,0
1788925661.605791,1,template1,0,0,0,0,0,0
1788925661.605791,4,template0,0,0,0,0,0,0
1788925661.605791,1985237,dbt5,0,0,0,0,0,0
1788925661.605791,1928040,dbt5test,0,0,0,0,0,0
1788925721.786322,5,postgres,0,0,0,0,0,0
1788925721.786322,16384,markwkm,0,0,0,0,0,0
1788925721.786322,1,template1,0,0,0,0,0,0
1788925721.786322,4,template0,0,0,0,0,0,0
1788925721.786322,1985237,dbt5,0,0,0,0,0,0
1788925721.786322,1928040,dbt5test,0,0,0,0,0,0
1788925781.884971,5,postgres,0,0,0,0,0,0
1788925781.884971,16384,markwkm,0,0,0,0,0,0
1788925781.884971,1,template1,0,0,0,0,0,0
1788925781.884971,4,template0,0,0,0,0,0,0
1788925781.884971,1985237,dbt5,0,0,0,0,0,0
1788925781.884971,1928040,dbt5test,0,0,0,0,0,0
1788925842.071385,5,postgres,0,0,0,0,0,0
1788925842.071385,16384,markwkm,0,0,0,0,0,0
1788925842.071385,1,template1,0,0,0,0,0,0
1788925842.071385,4,template0,0,0,0,0,0,0
1788925842.071385,1985237,dbt5,0,0,0,0,0,0
1788925842.071385,1928040,dbt5test,0,0,0,0,0,0
1788925901.164224,5,postgres,0,0,0,0,0,0
1788925901.164224,16384,markwkm,0,0,0,0,0,0
1788925901.164224,1,template1,0,0,0,0,0,0
1788925901.164224,4,template0,0,0,0,0,0,0
1788925901.164224,1985237,dbt5,0,0,0,0,0,0
1788925901.164224,1928040,dbt5test,0,0,0,0,0,0
1788925961.284433,5,postgres,0,0,0,0,0,0
1788925961.284433,16384,markwkm,0,0,0,0,0,0
1788925961.284433,1,template1,0,0,0,0,0,0
1788925961.284433,4,template0,0,0,0,0,0,0
1788925961.284433,1985237,dbt5,0,0,0,0,0,0
1788925961.284433,1928040,dbt5test,0,0,0,0,0,0
1788926021.423780,5,postgres,0,0,0,0,0,0
1788926021.423780,16384,markwkm,0,0,0,0,0,0
1788926021.423780,1,template1,0,0,0,0,0,0
1788926021.423780,4,template0,0,0,0,0,0,0
1788926021.423780,1985237,dbt5,0,0,0,0,0,0
1788926021.423780,1928040,dbt5test,0,0,0,0,0,0
1788926081.524535,5,postgres,0,0,0,0,0,0
1788926081.524535,16384,markwkm,0,0,0,0,0,0
1788926081.524535,1,template1,0,0,0,0,0,0
1788926081.524535,4,template0,0,0,0,0,0,0
1788926081.524535,1985237,dbt5,0,0,0,0,0,0
1788926081.524535,1928040,dbt5test,0,0,0,0,0,0
1788926141.677864,5,postgres,0,0,0,0,0,0
1788926141.677864,16384,markwkm,0,0,0,0,0,0
1788926141.677864,1,template1,0,0,0,0,0,0
1788926141.677864,4,template0,0,0,0,0,0,0
1788926141.677864,1985237,dbt5,0,0,0,0,0,0
1788926141.677864,1928040,dbt5test,0,0,0,0,0,0
1788926201.797095,5,postgres,0,0,0,0,0,0
1788926201.797095,16384,markwkm,0,0,0,0,0,0
1788926201.797095,1,template1,0,0,0,0,0,0
1788926201.797095,4,template0,0,0,0,0,0,0
1788926201.797095,1985237,dbt5,0,0,0,0,0,0
1788926201.797095,1928040,dbt5test,0,0,0,0,0,0
1788926261.934823,5,postgres,0,0,0,0,0,0
1788926261.934823,16384,markwkm,0,0,0,0,0,0
1788926261.934823,1,template1,0,0,0,0,0,0
1788926261.934823,4,template0,0,0,0,0,0,0
1788926261.934823,1985237,dbt5,0,0,0,0,0,0
1788926261.934823,1928040,dbt5test,0,0,0,0,0,0
1788926321.047651,5,postgres,0,0,0,0,0,0
1788926321.047651,16384,markwkm,0,0,0,0,0,0
1788926321.047651,1,template1,0,0,0,0,0,0
1788926321.047651,4,template0,0,0,0,0,0,0
1788926321.047651,1985237,dbt5,0,0,0,0,0,0
1788926321.047651,1928040,dbt5test,0,0,0,0,0,0
1788926381.139245,5,postgres,0,0,0,0,0,0
1788926381.139245,16384,markwkm,0,0,0,0,0,0
1788926381.139245,1,template1,0,0,0,0,0,0
1788926381.139245,4,template0,0,0,0,0,0,0
1788926381.139245,1985237,dbt5,0,0,0,0,0,0
1788926381.139245,1928040,dbt5test,0,0,0,0,0,0
1788926441.293114,5,postgres,0,0,0,0,0,0
1788926441.293114,16384,markwkm,0,0,0,0,0,0
1788926441.293114,1,template1,0,0,0,0,0,0
1788926441.293114,4,template0,0,0,0,0,0,0
1788926441.293114,1985237,dbt5,0,0,0,0,0,0
1788926441.293114,1928040,dbt5test,0,0,0,0,0,0
1788926501.440481,5,postgres,0,0,0,0,0,0
1788926501.440481,16384,markwkm,0,0,0,0,0,0
1788926501.440481,1,template1,0,0,0,0,0,0
1788926501.440481,4,template0,0,0,0,0,0,0
1788926501.440481,1985237,dbt5,0,0,0,0,0,0
1788926501.440481,1928040,dbt5test,0,0,0,0,0,0
1788926561.564336,5,postgres,0,0,0,0,0,0
1788926561.564336,16384,markwkm,0,0,0,0,0,0
1788926561.564336,1,template1,0,0,0,0,0,0
1788926561.564336,4,template0,0,0,0,0,0,0
1788926561.564336,1985237,dbt5,0,0,0,0,0,0
1788926561.564336,1928040,dbt5test,0,0,0,0,0,0
1788926621.714924,5,postgres,0,0,0,0,0,0
1788926621.714924,16384,markwkm,0,0,0,0,0,0
1788926621.714924,1,template1,0,0,0,0,0,0
1788926621.714924,4,template0,0,0,0,0,0,0
1788926621.714924,1985237,dbt5,0,0,0,0,0,0
1788926621.714924,1928040,dbt5test,0,0,0,0,0,0
1788926681.775963,5,postgres,0,0,0,0,0,0
1788926681.775963,16384,markwkm,0,0,0,0,0,0
1788926681.775963,1,template1,0,0,0,0,0,0
1788926681.775963,4,template0,0,0,0,0,0,0
1788926681.775963,1985237,dbt5,0,0,0,0,0,0
1788926681.775963,1928040,dbt5test,0,0,0,0,0,0
1788926741.931649,5,postgres,0,0,0,0,0,0
1788926741.931649,16384,markwkm,0,0,0,0,0,0
1788926741.931649,1,template1,0,0,0,0,0,0
1788926741.931649,4,template0,0,0,0,0,0,0
1788926741.931649,1985237,dbt5,0,0,0,0,0,0
1788926741.931649,1928040,dbt5test,0,0,0,0,0,0
1788926802.043649,5,postgres,0,0,0,0,0,0
1788926802.043649,16384,markwkm,0,0,0,0,0,0
1788926802.043649,1,template1,0,0,0,0,0,0
1788926802.043649,4,template0,0,0,0,0,0,0
1788926802.043649,1985237,dbt5,0,0,0,0,0,0
1788926802.043649,1928040,dbt5test,0,0,0,0,0,0
1788926862.215659,5,postgres,0,0,0,0,0,0
1788926862.215659,16384,markwkm,0,0,0,0,0,0
1788926862.215659,1,template1,0,0,0,0,0,0
1788926862.215659,4,template0,0,0,0,0,0,0
1788926862.215659,1985237,dbt5,0,0,0,0,0,0
1788926862.215659,1928040,dbt5test,0,0,0,0,0,0
1788926922.306917,5,postgres,0,0,0,0,0,0
1788926922.306917,16384,markwkm,0,0,0,0,0,0
1788926922.306917,1,template1,0,0,0,0,0,0
1788926922.306917,4,template0,0,0,0,0,0,0
1788926922.306917,1985237,dbt5,0,0,0,0,0,0
1788926922.306917,1928040,dbt5test,0,0,0,0,0,0
