ctime,wal_records,wal_fpi,wal_bytes,wal_buffers_full,stats_reset
1789258803.595770,7250093325,1779032741,18154060324727,363621490,2026-08-11 21:33:18.47452+00
1789258863.687735,7250262416,1779060416,18154285574085,363621490,2026-08-11 21:33:18.47452+00
1789258923.766247,7250560316,1779113498,18154719523706,363621490,2026-08-11 21:33:18.47452+00
1789258983.857981,7250855266,1779162357,18155121044654,363621490,2026-08-11 21:33:18.47452+00
1789259043.967389,7251171304,1779212707,18155536421593,363621490,2026-08-11 21:33:18.47452+00
1789259104.052157,7251478118,1779258973,18155919849235,363621490,2026-08-11 21:33:18.47452+00
1789259164.194520,7251812385,1779307250,18156321116535,363621490,2026-08-11 21:33:18.47452+00
1789259224.258501,7252129921,1779352300,18156696557775,363621490,2026-08-11 21:33:18.47452+00
1789259284.392851,7252463152,1779397714,18157076028417,363621490,2026-08-11 21:33:18.47452+00
1789259344.507743,7252781911,1779439174,18157423705934,363621490,2026-08-11 21:33:18.47452+00
1789259404.600436,7253117599,1779482376,18157786485297,363621490,2026-08-11 21:33:18.47452+00
1789259464.695191,7253443388,1779523322,18158130835009,363621490,2026-08-11 21:33:18.47452+00
1789259526.568942,7253776686,1779565379,18158484725336,363621490,2026-08-11 21:33:18.47452+00
1789259584.704181,7254109902,1779632538,18159024133669,363621490,2026-08-11 21:33:18.47452+00
1789259644.812935,7254437270,1779692163,18159508039846,363621490,2026-08-11 21:33:18.47452+00
1789259704.911649,7254780016,1779749326,18159976028266,363621490,2026-08-11 21:33:18.47452+00
1789259765.002990,7255109977,1779801061,18160401938731,363621490,2026-08-11 21:33:18.47452+00
1789259824.098008,7255453641,1779852277,18160825388396,363621490,2026-08-11 21:33:18.47452+00
1789259884.195831,7255780029,1779898707,18161210738169,363621490,2026-08-11 21:33:18.47452+00
1789259944.319237,7256124046,1779947298,18161615120711,363621490,2026-08-11 21:33:18.47452+00
1789260004.394161,7256454825,1779991570,18161984919114,363621490,2026-08-11 21:33:18.47452+00
1789260064.485149,7256785539,1780035879,18162355489893,363621490,2026-08-11 21:33:18.47452+00
1789260124.573963,7257121749,1780079974,18162724831176,363621490,2026-08-11 21:33:18.47452+00
1789260184.682890,7257443052,1780121278,18163071590021,363621490,2026-08-11 21:33:18.47452+00
1789260244.817074,7257784038,1780164058,18163431592733,363621490,2026-08-11 21:33:18.47452+00
1789260304.882990,7258103889,1780203109,18163761181882,363621490,2026-08-11 21:33:18.47452+00
1789260364.981571,7258463225,1780267911,18164297661697,363621490,2026-08-11 21:33:18.47452+00
1789260424.097097,7258776023,1780304533,18164607671530,363621490,2026-08-11 21:33:18.47452+00
1789260484.257576,7259133057,1780374293,18165168797493,363621490,2026-08-11 21:33:18.47452+00
1789260544.441017,7259468478,1780435368,18165664158590,363621490,2026-08-11 21:33:18.47452+00
1789260604.531376,7259796309,1780490332,18166113931428,363621490,2026-08-11 21:33:18.47452+00
1789260664.660258,7260140845,1780544816,18166561884240,363621490,2026-08-11 21:33:18.47452+00
1789260724.762537,7260466738,1780593800,18166966303565,363621490,2026-08-11 21:33:18.47452+00
1789260784.868268,7260804061,1780643300,18167376861799,363621490,2026-08-11 21:33:18.47452+00
1789260844.979960,7261122034,1780686970,18167740607983,363621490,2026-08-11 21:33:18.47452+00
1789260904.095446,7261453892,1780732824,18168122948775,363621490,2026-08-11 21:33:18.47452+00
1789260964.155647,7261797875,1780778511,18168505454577,363621490,2026-08-11 21:33:18.47452+00
1789261024.256572,7262138674,1780822854,18168877432423,363621490,2026-08-11 21:33:18.47452+00
1789261084.333038,7262472674,1780865051,18169232033151,363621490,2026-08-11 21:33:18.47452+00
1789261144.456517,7262811021,1780907380,18169588417647,363621490,2026-08-11 21:33:18.47452+00
1789261204.571025,7263149642,1780949253,18169941428203,363621490,2026-08-11 21:33:18.47452+00
1789261264.678516,7263479188,1780989224,18170278838967,363621490,2026-08-11 21:33:18.47452+00
1789261324.779163,7263822334,1781029452,18170619341463,363621490,2026-08-11 21:33:18.47452+00
1789261384.877948,7264156121,1781097292,18171164076095,363621490,2026-08-11 21:33:18.47452+00
1789261444.958899,7264510945,1781160821,18171679917770,363621490,2026-08-11 21:33:18.47452+00
1789261504.055790,7264834364,1781215284,18172125013409,363621490,2026-08-11 21:33:18.47452+00
1789261564.157167,7265184468,1781269733,18172573006246,363621490,2026-08-11 21:33:18.47452+00
1789261624.269706,7265519705,1781319531,18172984461425,363621490,2026-08-11 21:33:18.47452+00
1789261684.339189,7265851369,1781368034,18173386729139,363621490,2026-08-11 21:33:18.47452+00
1789261744.442925,7266188557,1781415134,18173779073378,363621490,2026-08-11 21:33:18.47452+00
1789261804.552449,7266510954,1781458494,18174141338482,363621490,2026-08-11 21:33:18.47452+00
1789261864.651788,7266855062,1781504769,18174528176463,363621490,2026-08-11 21:33:18.47452+00
1789261924.782103,7267175218,1781546847,18174880880168,363621490,2026-08-11 21:33:18.47452+00
1789261984.856084,7267516344,1781590412,18175247219165,363621490,2026-08-11 21:33:18.47452+00
1789262044.952854,7267841959,1781631333,18175591667671,363621490,2026-08-11 21:33:18.47452+00
1789262104.068807,7268174281,1781672328,18175937260191,363621490,2026-08-11 21:33:18.47452+00
1789262164.177312,7268498160,1781711050,18176264344578,363621490,2026-08-11 21:33:18.47452+00
1789262224.271734,7268828046,1781750277,18176596115788,363621490,2026-08-11 21:33:18.47452+00
1789262284.371661,7269180050,1781820618,18177160751720,363621490,2026-08-11 21:33:18.47452+00
1789262344.434160,7269517985,1781881269,18177652616577,363621490,2026-08-11 21:33:18.47452+00
1789262404.525049,7269868227,1781939064,18178126071356,363621490,2026-08-11 21:33:18.47452+00
1789262464.604218,7270198430,1781991023,18178553618995,363621490,2026-08-11 21:33:18.47452+00
