ctime,buffers_clean,maxwritten_clean,buffers_alloc,stats_reset
1788881785.318713,286032954,2485606,90750060790,2026-08-11 21:33:18.47452+00
1788881845.399734,286049502,2485658,90750208773,2026-08-11 21:33:18.47452+00
1788881905.496569,286079102,2485954,90750500849,2026-08-11 21:33:18.47452+00
1788881965.591034,286108702,2486250,90750801641,2026-08-11 21:33:18.47452+00
1788882025.686606,286138402,2486547,90751102128,2026-08-11 21:33:18.47452+00
1788882085.771041,286168002,2486843,90751401590,2026-08-11 21:33:18.47452+00
1788882145.855563,286197602,2487139,90751698370,2026-08-11 21:33:18.47452+00
1788882205.956027,286227202,2487435,90751990259,2026-08-11 21:33:18.47452+00
1788882266.054658,286256802,2487731,90752288205,2026-08-11 21:33:18.47452+00
1788882326.167653,286286402,2488027,90752589923,2026-08-11 21:33:18.47452+00
1788882386.233978,286316002,2488323,90752889364,2026-08-11 21:33:18.47452+00
1788882446.324674,286345702,2488620,90753186472,2026-08-11 21:33:18.47452+00
1788882506.396992,286375302,2488916,90753484413,2026-08-11 21:33:18.47452+00
1788882566.536443,286404902,2489212,90753782341,2026-08-11 21:33:18.47452+00
1788882626.597088,286434502,2489508,90754081522,2026-08-11 21:33:18.47452+00
1788882686.683029,286464102,2489804,90754378768,2026-08-11 21:33:18.47452+00
1788882746.823733,286493802,2490101,90754676792,2026-08-11 21:33:18.47452+00
1788882806.873557,286523402,2490397,90754977892,2026-08-11 21:33:18.47452+00
1788882866.974091,286553002,2490693,90755277385,2026-08-11 21:33:18.47452+00
1788882926.079752,286582102,2490984,90755568294,2026-08-11 21:33:18.47452+00
1788882986.174174,286611702,2491280,90755867788,2026-08-11 21:33:18.47452+00
1788883046.288143,286641402,2491577,90756167974,2026-08-11 21:33:18.47452+00
1788883106.376103,286671002,2491873,90756465490,2026-08-11 21:33:18.47452+00
1788883166.455041,286700602,2492169,90756769860,2026-08-11 21:33:18.47452+00
1788883226.559727,286730202,2492465,90757067859,2026-08-11 21:33:18.47452+00
1788883286.646512,286759802,2492761,90757366731,2026-08-11 21:33:18.47452+00
1788883346.729562,286789402,2493057,90757664846,2026-08-11 21:33:18.47452+00
1788883406.837343,286819002,2493353,90757964767,2026-08-11 21:33:18.47452+00
1788883466.923651,286848602,2493649,90758266203,2026-08-11 21:33:18.47452+00
1788883527.061699,286878302,2493946,90758564681,2026-08-11 21:33:18.47452+00
1788883586.112206,286907402,2494237,90758859370,2026-08-11 21:33:18.47452+00
1788883646.203648,286937002,2494533,90759157074,2026-08-11 21:33:18.47452+00
1788883706.324673,286966602,2494829,90759454493,2026-08-11 21:33:18.47452+00
1788883766.426513,286996202,2495125,90759751576,2026-08-11 21:33:18.47452+00
1788883826.484839,287025802,2495421,90760050835,2026-08-11 21:33:18.47452+00
1788883886.590480,287055402,2495717,90760349884,2026-08-11 21:33:18.47452+00
1788883946.688042,287085102,2496014,90760646031,2026-08-11 21:33:18.47452+00
1788884006.764382,287114702,2496310,90760941962,2026-08-11 21:33:18.47452+00
1788884066.909243,287144302,2496606,90761244664,2026-08-11 21:33:18.47452+00
1788884126.965200,287173902,2496902,90761542223,2026-08-11 21:33:18.47452+00
1788884186.077956,287203102,2497194,90761836732,2026-08-11 21:33:18.47452+00
1788884246.151004,287232602,2497489,90762139127,2026-08-11 21:33:18.47452+00
1788884306.257458,287262302,2497786,90762438548,2026-08-11 21:33:18.47452+00
1788884366.386863,287291902,2498082,90762735898,2026-08-11 21:33:18.47452+00
1788884426.445193,287321502,2498378,90763035217,2026-08-11 21:33:18.47452+00
1788884486.527722,287351102,2498674,90763338380,2026-08-11 21:33:18.47452+00
1788884546.629595,287380702,2498970,90763636200,2026-08-11 21:33:18.47452+00
1788884606.689284,287410302,2499266,90763935407,2026-08-11 21:33:18.47452+00
1788884666.795158,287439902,2499562,90764233697,2026-08-11 21:33:18.47452+00
1788884726.875654,287469502,2499858,90764536650,2026-08-11 21:33:18.47452+00
1788884786.969802,287499102,2500154,90764834662,2026-08-11 21:33:18.47452+00
1788884846.107910,287528202,2500445,90765130888,2026-08-11 21:33:18.47452+00
1788884906.174687,287557802,2500741,90765427965,2026-08-11 21:33:18.47452+00
1788884966.255578,287587402,2501037,90765726864,2026-08-11 21:33:18.47452+00
1788885026.389325,287617002,2501333,90766022979,2026-08-11 21:33:18.47452+00
1788885086.489170,287646602,2501629,90766323186,2026-08-11 21:33:18.47452+00
1788885146.548222,287676202,2501925,90766623105,2026-08-11 21:33:18.47452+00
1788885206.675679,287705802,2502221,90766923167,2026-08-11 21:33:18.47452+00
1788885266.759131,287735502,2502518,90767226277,2026-08-11 21:33:18.47452+00
1788885326.865191,287765102,2502814,90767526864,2026-08-11 21:33:18.47452+00
1788885386.955427,287794702,2503110,90767824951,2026-08-11 21:33:18.47452+00
1788885446.045182,287823802,2503401,90768116265,2026-08-11 21:33:18.47452+00
