ctime,datid,datname,numbackends,xact_commit,xact_rollback,blks_read,blks_hit,tup_returned,tup_fetched,tup_inserted,tup_updated,tup_deleted,conflicts,temp_files,temp_bytes,deadlocks,checksum_failures,checksum_last_failure,blk_read_time,blk_write_time,session_time,active_time,idle_in_transaction_time,sessions,sessions_abandoned,sessions_fatal,sessions_killed,parallel_workers_to_launch,parallel_workers_launched,stats_reset
1788881785.323955,0,,0,0,0,103137,134137283,38143430,31248413,15,0,14,0,0,0,0,0,,0,0,0,0,0,0,0,0,0,0,0,
1788881785.323955,5,postgres,0,37752,0,236306,1348574,15877287,409725,0,0,0,0,0,0,0,0,,0,0,230366.095,227158.517,0,859,4,0,0,0,0,
1788881785.323955,16384,markwkm,0,36469,0,223049,1330642,15978774,385496,0,0,0,0,0,0,0,0,,0,0,2456.291,47.366,0,425,0,0,0,0,0,
1788881785.323955,1,template1,0,35790,0,220879,1280369,15839694,364442,0,0,0,0,0,0,0,0,,0,0,2511.996,2455.707,0,13,0,0,0,0,0,
1788881785.323955,4,template0,0,4310,0,31019,148744,1828535,45298,0,0,0,0,0,0,0,0,,0,0,0,0,0,0,0,0,0,0,0,
1788881785.323955,1985237,dbt5,13,62924077,1225353,142702970,129433621429,165970276313,118906364159,628642293,59850359,5358764,0,52,22056239104,0,0,,0,0,1113543937.269,333777857.546,18962342.068,28928,57,0,0,0,0,
1788881785.323955,1928040,dbt5test,0,110558,13,21637143,1028001936,5419479368,2196629148,1171061198,575,2571,0,114,43941658624,0,0,,0,0,30527647.467,30489493.082,5524.955,555,0,6,0,2,2,
1788881845.374104,0,,0,0,0,103137,134138636,38143774,31248733,15,0,14,0,0,0,0,0,,0,0,0,0,0,0,0,0,0,0,0,
1788881845.374104,5,postgres,0,37754,0,236306,1348647,15878172,409740,0,0,0,0,0,0,0,0,,0,0,230366.095,227158.517,0,859,4,0,0,0,0,
1788881845.374104,16384,markwkm,0,36471,0,223049,1330715,15979659,385511,0,0,0,0,0,0,0,0,,0,0,2456.291,47.366,0,425,0,0,0,0,0,
1788881845.374104,1,template1,0,35792,0,220879,1280442,15840579,364457,0,0,0,0,0,0,0,0,,0,0,2511.996,2455.707,0,13,0,0,0,0,0,
1788881845.374104,4,template0,0,4312,0,31019,148817,1829420,45313,0,0,0,0,0,0,0,0,,0,0,0,0,0,0,0,0,0,0,0,
1788881845.374104,1985237,dbt5,35,62984062,1225738,142848447,129568396574,166136154680,119027628223,628698574,59910760,5372937,0,52,22056239104,0,0,,0,0,1114242340.547,334112350.571,18979007.409,28978,57,0,0,0,0,
1788881845.374104,1928040,dbt5test,0,110560,13,21637143,1028002012,5419480482,2196629163,1171061198,575,2571,0,114,43941658624,0,0,,0,0,30527647.467,30489493.082,5524.955,555,0,6,0,2,2,
1788881905.455064,0,,0,0,0,103137,134139568,38144040,31248952,15,0,14,0,0,0,0,0,,0,0,0,0,0,0,0,0,0,0,0,
1788881905.455064,5,postgres,0,37756,0,236306,1348720,15879057,409755,0,0,0,0,0,0,0,0,,0,0,230366.095,227158.517,0,859,4,0,0,0,0,
1788881905.455064,16384,markwkm,0,36473,0,223049,1330788,15980544,385526,0,0,0,0,0,0,0,0,,0,0,2456.291,47.366,0,425,0,0,0,0,0,
1788881905.455064,1,template1,0,35794,0,220879,1280515,15841464,364472,0,0,0,0,0,0,0,0,,0,0,2511.996,2455.707,0,13,0,0,0,0,0,
1788881905.455064,4,template0,0,4314,0,31019,148890,1830305,45328,0,0,0,0,0,0,0,0,,0,0,0,0,0,0,0,0,0,0,0,
1788881905.455064,1985237,dbt5,34,63109835,1227121,143138696,129859460828,166488984984,119283863213,628774575,60019241,5380850,0,52,22056239104,0,0,,0,0,1115776927.791,334886288.074,19018224.793,29011,57,0,0,0,0,
1788881905.455064,1928040,dbt5test,0,110562,13,21637143,1028002088,5419481596,2196629178,1171061198,575,2571,0,114,43941658624,0,0,,0,0,30527647.467,30489493.082,5524.955,555,0,6,0,2,2,
1788881965.587735,0,,0,0,0,103137,134140826,38144391,31249244,15,0,14,0,0,0,0,0,,0,0,0,0,0,0,0,0,0,0,0,
1788881965.587735,5,postgres,0,37758,0,236306,1348793,15879942,409770,0,0,0,0,0,0,0,0,,0,0,230366.095,227158.517,0,859,4,0,0,0,0,
1788881965.587735,16384,markwkm,0,36475,0,223049,1330861,15981429,385541,0,0,0,0,0,0,0,0,,0,0,2456.291,47.366,0,425,0,0,0,0,0,
1788881965.587735,1,template1,0,35796,0,220879,1280588,15842349,364487,0,0,0,0,0,0,0,0,,0,0,2511.996,2455.707,0,13,0,0,0,0,0,
1788881965.587735,4,template0,0,4316,0,31019,148963,1831190,45343,0,0,0,0,0,0,0,0,,0,0,0,0,0,0,0,0,0,0,0,
1788881965.587735,1985237,dbt5,36,63241089,1228476,143438972,130138086026,166858059699,119540534784,628855199,60134152,5389344,0,52,22056239104,0,0,,0,0,1117183958.339,335667588.54,19060585.892,29059,57,0,0,0,0,
1788881965.587735,1928040,dbt5test,0,110564,13,21637143,1028002164,5419482710,2196629193,1171061198,575,2571,0,114,43941658624,0,0,,0,0,30527647.467,30489493.082,5524.955,555,0,6,0,2,2,
1788882025.677801,0,,0,0,0,103137,134141697,38144630,31249448,15,0,14,0,0,0,0,0,,0,0,0,0,0,0,0,0,0,0,0,
1788882025.677801,5,postgres,0,37760,0,236306,1348866,15880827,409785,0,0,0,0,0,0,0,0,,0,0,230366.095,227158.517,0,859,4,0,0,0,0,
1788882025.677801,16384,markwkm,0,36477,0,223049,1330934,15982314,385556,0,0,0,0,0,0,0,0,,0,0,2456.291,47.366,0,425,0,0,0,0,0,
1788882025.677801,1,template1,0,35798,0,220879,1280661,15843234,364502,0,0,0,0,0,0,0,0,,0,0,2511.996,2455.707,0,13,0,0,0,0,0,
1788882025.677801,4,template0,0,4318,0,31019,149036,1832075,45358,0,0,0,0,0,0,0,0,,0,0,0,0,0,0,0,0,0,0,0,
1788882025.677801,1985237,dbt5,38,63372896,1229697,143737616,130421485586,167215258806,119799932134,628936958,60249783,5398123,0,52,22056239104,0,0,,0,0,1118803658.428,336449187.754,19102190.705,29090,57,0,0,0,0,
1788882025.677801,1928040,dbt5test,0,110566,13,21637143,1028002240,5419483824,2196629208,1171061198,575,2571,0,114,43941658624,0,0,,0,0,30527647.467,30489493.082,5524.955,555,0,6,0,2,2,
1788882085.787581,0,,0,0,0,103137,134142881,38144988,31249724,15,0,14,0,0,0,0,0,,0,0,0,0,0,0,0,0,0,0,0,
1788882085.787581,5,postgres,0,37762,0,236306,1348939,15881712,409800,0,0,0,0,0,0,0,0,,0,0,230366.095,227158.517,0,859,4,0,0,0,0,
1788882085.787581,16384,markwkm,0,36479,0,223049,1331007,15983199,385571,0,0,0,0,0,0,0,0,,0,0,2456.291,47.366,0,425,0,0,0,0,0,
1788882085.787581,1,template1,0,35800,0,220879,1280734,15844119,364517,0,0,0,0,0,0,0,0,,0,0,2511.996,2455.707,0,13,0,0,0,0,0,
1788882085.787581,4,template0,0,4320,0,31019,149109,1832960,45373,0,0,0,0,0,0,0,0,,0,0,0,0,0,0,0,0,0,0,0,
1788882085.787581,1985237,dbt5,38,63505293,1231064,144036213,130706321484,167573447848,120060466616,629020119,60368189,5407262,0,52,22056239104,0,0,,0,0,1120543915.421,337232132.18,19144565.994,29134,57,0,0,0,0,
1788882085.787581,1928040,dbt5test,0,110568,13,21637143,1028002316,5419484938,2196629223,1171061198,575,2571,0,114,43941658624,0,0,,0,0,30527647.467,30489493.082,5524.955,555,0,6,0,2,2,
1788882145.860831,0,,0,0,0,103137,134143754,38145209,31249927,15,0,14,0,0,0,0,0,,0,0,0,0,0,0,0,0,0,0,0,
1788882145.860831,5,postgres,0,37764,0,236306,1349012,15882597,409815,0,0,0,0,0,0,0,0,,0,0,230366.095,227158.517,0,859,4,0,0,0,0,
1788882145.860831,16384,markwkm,0,36481,0,223049,1331080,15984084,385586,0,0,0,0,0,0,0,0,,0,0,2456.291,47.366,0,425,0,0,0,0,0,
1788882145.860831,1,template1,0,35802,0,220879,1280807,15845004,364532,0,0,0,0,0,0,0,0,,0,0,2511.996,2455.707,0,13,0,0,0,0,0,
1788882145.860831,4,template0,0,4322,0,31019,149182,1833845,45388,0,0,0,0,0,0,0,0,,0,0,0,0,0,0,0,0,0,0,0,
1788882145.860831,1985237,dbt5,35,63637228,1232488,144331739,130988341658,167928701846,120318594066,629104369,60486967,5416830,0,52,22056239104,0,0,,0,0,1121927492.373,338025761.917,19186660.566,29165,57,0,0,0,0,
1788882145.860831,1928040,dbt5test,0,110570,13,21637143,1028002392,5419486052,2196629238,1171061198,575,2571,0,114,43941658624,0,0,,0,0,30527647.467,30489493.082,5524.955,555,0,6,0,2,2,
1788882205.939659,0,,0,0,0,103137,134144668,38145464,31250141,15,0,14,0,0,0,0,0,,0,0,0,0,0,0,0,0,0,0,0,
1788882205.939659,5,postgres,0,37766,0,236306,1349085,15883482,409830,0,0,0,0,0,0,0,0,,0,0,230366.095,227158.517,0,859,4,0,0,0,0,
1788882205.939659,16384,markwkm,0,36483,0,223049,1331153,15984969,385601,0,0,0,0,0,0,0,0,,0,0,2456.291,47.366,0,425,0,0,0,0,0,
1788882205.939659,1,template1,0,35804,0,220879,1280880,15845889,364547,0,0,0,0,0,0,0,0,,0,0,2511.996,2455.707,0,13,0,0,0,0,0,
1788882205.939659,4,template0,0,4324,0,31019,149255,1834730,45403,0,0,0,0,0,0,0,0,,0,0,0,0,0,0,0,0,0,0,0,
1788882205.939659,1985237,dbt5,36,63769077,1233941,144622085,131269857954,168282741259,120576058514,629189316,60607010,5426418,0,52,22056239104,0,0,,0,0,1123900284.002,338819433.431,19229447.546,29198,57,0,0,0,0,
1788882205.939659,1928040,dbt5test,0,110572,13,21637143,1028002468,5419487166,2196629253,1171061198,575,2571,0,114,43941658624,0,0,,0,0,30527647.467,30489493.082,5524.955,555,0,6,0,2,2,
1788882266.041022,0,,0,0,0,103137,134145741,38145768,31250392,15,0,14,0,0,0,0,0,,0,0,0,0,0,0,0,0,0,0,0,
1788882266.041022,5,postgres,0,37768,0,236306,1349158,15884367,409845,0,0,0,0,0,0,0,0,,0,0,230366.095,227158.517,0,859,4,0,0,0,0,
1788882266.041022,16384,markwkm,0,36485,0,223049,1331226,15985854,385616,0,0,0,0,0,0,0,0,,0,0,2456.291,47.366,0,425,0,0,0,0,0,
1788882266.041022,1,template1,0,35806,0,220879,1280953,15846774,364562,0,0,0,0,0,0,0,0,,0,0,2511.996,2455.707,0,13,0,0,0,0,0,
1788882266.041022,4,template0,0,4326,0,31019,149328,1835615,45418,0,0,0,0,0,0,0,0,,0,0,0,0,0,0,0,0,0,0,0,
1788882266.041022,1985237,dbt5,40,63902795,1235343,144919707,131553845682,168640091186,120835707688,629275783,60729352,5436610,0,52,22056239104,0,0,,0,0,1125287742.781,339615027.31,19272782.694,29246,57,0,0,0,0,
1788882266.041022,1928040,dbt5test,0,110574,13,21637143,1028002544,5419488280,2196629268,1171061198,575,2571,0,114,43941658624,0,0,,0,0,30527647.467,30489493.082,5524.955,555,0,6,0,2,2,
1788882326.151705,0,,0,0,0,103137,134147061,38146144,31250698,15,0,14,0,0,0,0,0,,0,0,0,0,0,0,0,0,0,0,0,
1788882326.151705,5,postgres,0,37770,0,236306,1349231,15885252,409860,0,0,0,0,0,0,0,0,,0,0,230366.095,227158.517,0,859,4,0,0,0,0,
1788882326.151705,16384,markwkm,0,36487,0,223049,1331299,15986739,385631,0,0,0,0,0,0,0,0,,0,0,2456.291,47.366,0,425,0,0,0,0,0,
1788882326.151705,1,template1,0,35808,0,220879,1281026,15847659,364577,0,0,0,0,0,0,0,0,,0,0,2511.996,2455.707,0,13,0,0,0,0,0,
1788882326.151705,4,template0,0,4328,0,31019,149401,1836500,45433,0,0,0,0,0,0,0,0,,0,0,0,0,0,0,0,0,0,0,0,
1788882326.151705,1985237,dbt5,47,64036445,1236769,145219795,131837468050,168996834047,121094995785,629362590,60851912,5446768,0,52,22056239104,0,0,,0,0,1126949107.722,340407859.383,19316317.963,29288,57,0,0,0,0,
1788882326.151705,1928040,dbt5test,0,110576,13,21637143,1028002620,5419489394,2196629283,1171061198,575,2571,0,114,43941658624,0,0,,0,0,30527647.467,30489493.082,5524.955,555,0,6,0,2,2,
1788882386.212725,0,,0,0,0,103137,134147509,38146269,31250805,15,0,14,0,0,0,0,0,,0,0,0,0,0,0,0,0,0,0,0,
1788882386.212725,5,postgres,0,37772,0,236306,1349304,15886137,409875,0,0,0,0,0,0,0,0,,0,0,230366.095,227158.517,0,859,4,0,0,0,0,
1788882386.212725,16384,markwkm,0,36489,0,223049,1331372,15987624,385646,0,0,0,0,0,0,0,0,,0,0,2456.291,47.366,0,425,0,0,0,0,0,
1788882386.212725,1,template1,0,35810,0,220879,1281099,15848544,364592,0,0,0,0,0,0,0,0,,0,0,2511.996,2455.707,0,13,0,0,0,0,0,
1788882386.212725,4,template0,0,4330,0,31019,149474,1837385,45448,0,0,0,0,0,0,0,0,,0,0,0,0,0,0,0,0,0,0,0,
1788882386.212725,1985237,dbt5,34,64169873,1238213,145517720,132122006770,169353786623,121355233721,629450396,60975073,5457200,0,52,22056239104,0,0,,0,0,1128376129.621,341200251.651,19359379.228,29301,57,0,0,0,0,
1788882386.212725,1928040,dbt5test,0,110578,13,21637143,1028002696,5419490508,2196629298,1171061198,575,2571,0,114,43941658624,0,0,,0,0,30527647.467,30489493.082,5524.955,555,0,6,0,2,2,
1788882446.345485,0,,0,0,0,103137,134149210,38146723,31251200,15,0,14,0,0,0,0,0,,0,0,0,0,0,0,0,0,0,0,0,
1788882446.345485,5,postgres,0,37774,0,236306,1349377,15887022,409890,0,0,0,0,0,0,0,0,,0,0,230366.095,227158.517,0,859,4,0,0,0,0,
1788882446.345485,16384,markwkm,0,36491,0,223049,1331445,15988509,385661,0,0,0,0,0,0,0,0,,0,0,2456.291,47.366,0,425,0,0,0,0,0,
1788882446.345485,1,template1,0,35812,0,220879,1281172,15849429,364607,0,0,0,0,0,0,0,0,,0,0,2511.996,2455.707,0,13,0,0,0,0,0,
1788882446.345485,4,template0,0,4332,0,31019,149547,1838270,45463,0,0,0,0,0,0,0,0,,0,0,0,0,0,0,0,0,0,0,0,
1788882446.345485,1985237,dbt5,46,64303892,1239764,145813882,132407032127,169711820273,121615920195,629538578,61099785,5467621,0,52,22056239104,0,0,,0,0,1129890029.849,341996102.674,19403490.306,29368,57,0,0,0,0,
1788882446.345485,1928040,dbt5test,0,110580,13,21637143,1028002772,5419491622,2196629313,1171061198,575,2571,0,114,43941658624,0,0,,0,0,30527647.467,30489493.082,5524.955,555,0,6,0,2,2,
1788882506.435278,0,,0,0,0,103137,134150085,38146997,31251404,15,0,14,0,0,0,0,0,,0,0,0,0,0,0,0,0,0,0,0,
1788882506.435278,5,postgres,0,37776,0,236306,1349450,15887907,409905,0,0,0,0,0,0,0,0,,0,0,230366.095,227158.517,0,859,4,0,0,0,0,
1788882506.435278,16384,markwkm,0,36493,0,223049,1331518,15989394,385676,0,0,0,0,0,0,0,0,,0,0,2456.291,47.366,0,425,0,0,0,0,0,
1788882506.435278,1,template1,0,35814,0,220879,1281245,15850314,364622,0,0,0,0,0,0,0,0,,0,0,2511.996,2455.707,0,13,0,0,0,0,0,
1788882506.435278,4,template0,0,4334,0,31019,149620,1839155,45478,0,0,0,0,0,0,0,0,,0,0,0,0,0,0,0,0,0,0,0,
1788882506.435278,1985237,dbt5,48,64437334,1241176,146109486,132689720361,170066714671,121874350657,629627041,61224172,5478068,0,52,22056239104,0,0,,0,0,1131317087.261,342787215.596,19447069.266,29399,57,0,0,0,0,
1788882506.435278,1928040,dbt5test,0,110582,13,21637143,1028002848,5419492736,2196629328,1171061198,575,2571,0,114,43941658624,0,0,,0,0,30527647.467,30489493.082,5524.955,555,0,6,0,2,2,
1788882566.527794,0,,0,0,0,103137,134150871,38147192,31251587,15,0,14,0,0,0,0,0,,0,0,0,0,0,0,0,0,0,0,0,
1788882566.527794,5,postgres,0,37778,0,236306,1349523,15888792,409920,0,0,0,0,0,0,0,0,,0,0,230366.095,227158.517,0,859,4,0,0,0,0,
1788882566.527794,16384,markwkm,0,36495,0,223049,1331591,15990279,385691,0,0,0,0,0,0,0,0,,0,0,2456.291,47.366,0,425,0,0,0,0,0,
1788882566.527794,1,template1,0,35816,0,220879,1281318,15851199,364637,0,0,0,0,0,0,0,0,,0,0,2511.996,2455.707,0,13,0,0,0,0,0,
1788882566.527794,4,template0,0,4336,0,31019,149693,1840040,45493,0,0,0,0,0,0,0,0,,0,0,0,0,0,0,0,0,0,0,0,
1788882566.527794,1985237,dbt5,48,64570575,1242718,146414929,132975954313,170425117631,122136183591,629715363,61348739,5488571,0,52,22056239104,0,0,,0,0,1133299817.448,343584802.276,19491625.984,29428,57,0,0,0,0,
1788882566.527794,1928040,dbt5test,0,110584,13,21637143,1028002924,5419493850,2196629343,1171061198,575,2571,0,114,43941658624,0,0,,0,0,30527647.467,30489493.082,5524.955,555,0,6,0,2,2,
1788882626.639511,0,,0,0,0,103137,134152220,38147595,31251902,15,0,14,0,0,0,0,0,,0,0,0,0,0,0,0,0,0,0,0,
1788882626.639511,5,postgres,0,37780,0,236306,1349596,15889677,409935,0,0,0,0,0,0,0,0,,0,0,230366.095,227158.517,0,859,4,0,0,0,0,
1788882626.639511,16384,markwkm,0,36497,0,223049,1331664,15991164,385706,0,0,0,0,0,0,0,0,,0,0,2456.291,47.366,0,425,0,0,0,0,0,
1788882626.639511,1,template1,0,35818,0,220879,1281391,15852084,364652,0,0,0,0,0,0,0,0,,0,0,2511.996,2455.707,0,13,0,0,0,0,0,
1788882626.639511,4,template0,0,4338,0,31019,149766,1840925,45508,0,0,0,0,0,0,0,0,,0,0,0,0,0,0,0,0,0,0,0,
1788882626.639511,1985237,dbt5,40,64705615,1244117,146712034,133258987888,170780743119,122394774605,629805201,61475272,5499560,0,52,22056239104,0,0,,0,0,1134708118.867,344376996.926,19536084.257,29477,57,0,0,0,0,
1788882626.639511,1928040,dbt5test,0,110586,13,21637143,1028003000,5419494964,2196629358,1171061198,575,2571,0,114,43941658624,0,0,,0,0,30527647.467,30489493.082,5524.955,555,0,6,0,2,2,
1788882686.683185,0,,0,0,0,103137,134152491,38147678,31251967,15,0,14,0,0,0,0,0,,0,0,0,0,0,0,0,0,0,0,0,
1788882686.683185,5,postgres,0,37782,0,236306,1349669,15890562,409950,0,0,0,0,0,0,0,0,,0,0,230366.095,227158.517,0,859,4,0,0,0,0,
1788882686.683185,16384,markwkm,0,36499,0,223049,1331737,15992049,385721,0,0,0,0,0,0,0,0,,0,0,2456.291,47.366,0,425,0,0,0,0,0,
1788882686.683185,1,template1,0,35820,0,220879,1281464,15852969,364667,0,0,0,0,0,0,0,0,,0,0,2511.996,2455.707,0,13,0,0,0,0,0,
1788882686.683185,4,template0,0,4340,0,31019,149839,1841810,45523,0,0,0,0,0,0,0,0,,0,0,0,0,0,0,0,0,0,0,0,
1788882686.683185,1985237,dbt5,34,64839663,1245477,147009719,133545281422,171139439568,122656515473,629894367,61600531,5510400,0,52,22056239104,0,0,,0,0,1136370324.55,345173361.44,19580042.885,29483,57,0,0,0,0,
1788882686.683185,1928040,dbt5test,0,110588,13,21637143,1028003076,5419496078,2196629373,1171061198,575,2571,0,114,43941658624,0,0,,0,0,30527647.467,30489493.082,5524.955,555,0,6,0,2,2,
1788882746.803651,0,,0,0,0,103137,134153788,38148014,31252268,15,0,14,0,0,0,0,0,,0,0,0,0,0,0,0,0,0,0,0,
1788882746.803651,5,postgres,0,37784,0,236306,1349742,15891447,409965,0,0,0,0,0,0,0,0,,0,0,230366.095,227158.517,0,859,4,0,0,0,0,
1788882746.803651,16384,markwkm,0,36501,0,223049,1331810,15992934,385736,0,0,0,0,0,0,0,0,,0,0,2456.291,47.366,0,425,0,0,0,0,0,
1788882746.803651,1,template1,0,35822,0,220879,1281537,15853854,364682,0,0,0,0,0,0,0,0,,0,0,2511.996,2455.707,0,13,0,0,0,0,0,
1788882746.803651,4,template0,0,4342,0,31019,149912,1842695,45538,0,0,0,0,0,0,0,0,,0,0,0,0,0,0,0,0,0,0,0,
1788882746.803651,1985237,dbt5,41,64974015,1246825,147303274,133827172842,171493542347,122913960369,629983873,61726444,5521569,0,52,22056239104,0,0,,0,0,1137895303.455,345961167.261,19624112.777,29539,57,0,0,0,0,
1788882746.803651,1928040,dbt5test,0,110590,13,21637143,1028003152,5419497192,2196629388,1171061198,575,2571,0,114,43941658624,0,0,,0,0,30527647.467,30489493.082,5524.955,555,0,6,0,2,2,
1788882806.881463,0,,0,0,0,103137,134154543,38148238,31252445,15,0,14,0,0,0,0,0,,0,0,0,0,0,0,0,0,0,0,0,
1788882806.881463,5,postgres,0,37786,0,236306,1349815,15892332,409980,0,0,0,0,0,0,0,0,,0,0,230366.095,227158.517,0,859,4,0,0,0,0,
1788882806.881463,16384,markwkm,0,36503,0,223049,1331883,15993819,385751,0,0,0,0,0,0,0,0,,0,0,2456.291,47.366,0,425,0,0,0,0,0,
1788882806.881463,1,template1,0,35824,0,220879,1281610,15854739,364697,0,0,0,0,0,0,0,0,,0,0,2511.996,2455.707,0,13,0,0,0,0,0,
1788882806.881463,4,template0,0,4344,0,31019,149985,1843580,45553,0,0,0,0,0,0,0,0,,0,0,0,0,0,0,0,0,0,0,0,
1788882806.881463,1985237,dbt5,38,65109425,1248260,147605619,134114043229,171853118020,123176161154,630074348,61853498,5532711,0,52,22056239104,0,0,,0,0,1139297730.387,346759097.882,19668098.136,29560,57,0,0,0,0,
1788882806.881463,1928040,dbt5test,0,110592,13,21637143,1028003228,5419498306,2196629403,1171061198,575,2571,0,114,43941658624,0,0,,0,0,30527647.467,30489493.082,5524.955,555,0,6,0,2,2,
1788882867.019840,0,,0,0,0,103137,134156104,38148689,31252808,15,0,14,0,0,0,0,0,,0,0,0,0,0,0,0,0,0,0,0,
1788882867.019840,5,postgres,0,37788,0,236306,1349888,15893217,409995,0,0,0,0,0,0,0,0,,0,0,230366.095,227158.517,0,859,4,0,0,0,0,
1788882867.019840,16384,markwkm,0,36507,0,223049,1332029,15995589,385781,0,0,0,0,0,0,0,0,,0,0,2456.291,47.366,0,425,0,0,0,0,0,
1788882867.019840,1,template1,0,35826,0,220879,1281683,15855624,364712,0,0,0,0,0,0,0,0,,0,0,2511.996,2455.707,0,13,0,0,0,0,0,
1788882867.019840,4,template0,0,4346,0,31019,150058,1844465,45568,0,0,0,0,0,0,0,0,,0,0,0,0,0,0,0,0,0,0,0,
1788882867.019840,1985237,dbt5,39,65244777,1249644,147902853,134396739213,172208563041,123434218692,630164630,61980351,5543663,0,52,22056239104,0,0,,0,0,1140884249.685,347549450.788,19712629.14,29618,57,0,0,0,0,
1788882867.019840,1928040,dbt5test,0,110594,13,21637143,1028003304,5419499420,2196629418,1171061198,575,2571,0,114,43941658624,0,0,,0,0,30527647.467,30489493.082,5524.955,555,0,6,0,2,2,
1788882926.104608,0,,0,0,0,103137,134156941,38148925,31253003,15,0,14,0,0,0,0,0,,0,0,0,0,0,0,0,0,0,0,0,
1788882926.104608,5,postgres,0,37790,0,236306,1349961,15894102,410010,0,0,0,0,0,0,0,0,,0,0,230366.095,227158.517,0,859,4,0,0,0,0,
1788882926.104608,16384,markwkm,0,36507,0,223049,1332029,15995589,385781,0,0,0,0,0,0,0,0,,0,0,2456.291,47.366,0,425,0,0,0,0,0,
1788882926.104608,1,template1,0,35828,0,220879,1281756,15856509,364727,0,0,0,0,0,0,0,0,,0,0,2511.996,2455.707,0,13,0,0,0,0,0,
1788882926.104608,4,template0,0,4348,0,31019,150131,1845350,45583,0,0,0,0,0,0,0,0,,0,0,0,0,0,0,0,0,0,0,0,
1788882926.104608,1985237,dbt5,43,65378246,1250984,148193666,134677968163,172561674901,123691125547,630252998,62105152,5554262,0,52,22056239104,0,0,,0,0,1142316484.018,348331811.459,19756106.436,29650,57,0,0,0,0,
1788882926.104608,1928040,dbt5test,0,110596,13,21637143,1028003380,5419500534,2196629433,1171061198,575,2571,0,114,43941658624,0,0,,0,0,30527647.467,30489493.082,5524.955,555,0,6,0,2,2,
1788882986.161706,0,,0,0,0,103137,134157369,38149039,31253105,15,0,14,0,0,0,0,0,,0,0,0,0,0,0,0,0,0,0,0,
1788882986.161706,5,postgres,0,37792,0,236306,1350034,15894987,410025,0,0,0,0,0,0,0,0,,0,0,230366.095,227158.517,0,859,4,0,0,0,0,
1788882986.161706,16384,markwkm,0,36509,0,223049,1332102,15996474,385796,0,0,0,0,0,0,0,0,,0,0,2456.291,47.366,0,425,0,0,0,0,0,
1788882986.161706,1,template1,0,35830,0,220879,1281829,15857394,364742,0,0,0,0,0,0,0,0,,0,0,2511.996,2455.707,0,13,0,0,0,0,0,
1788882986.161706,4,template0,0,4350,0,31019,150204,1846235,45598,0,0,0,0,0,0,0,0,,0,0,0,0,0,0,0,0,0,0,0,
1788882986.161706,1985237,dbt5,34,65512592,1252385,148491512,134961658463,172917816905,123950338180,630342084,62230727,5565013,0,52,22056239104,0,0,,0,0,1143750723.338,349122504.931,19800421.341,29661,57,0,0,0,0,
1788882986.161706,1928040,dbt5test,0,110598,13,21637143,1028003456,5419501648,2196629448,1171061198,575,2571,0,114,43941658624,0,0,,0,0,30527647.467,30489493.082,5524.955,555,0,6,0,2,2,
1788883046.279414,0,,0,0,0,103137,134158289,38149301,31253320,15,0,14,0,0,0,0,0,,0,0,0,0,0,0,0,0,0,0,0,
1788883046.279414,5,postgres,0,37794,0,236306,1350107,15895872,410040,0,0,0,0,0,0,0,0,,0,0,230366.095,227158.517,0,859,4,0,0,0,0,
1788883046.279414,16384,markwkm,0,36511,0,223049,1332175,15997359,385811,0,0,0,0,0,0,0,0,,0,0,2456.291,47.366,0,425,0,0,0,0,0,
1788883046.279414,1,template1,0,35832,0,220879,1281902,15858279,364757,0,0,0,0,0,0,0,0,,0,0,2511.996,2455.707,0,13,0,0,0,0,0,
1788883046.279414,4,template0,0,4352,0,31019,150277,1847120,45613,0,0,0,0,0,0,0,0,,0,0,0,0,0,0,0,0,0,0,0,
1788883046.279414,1985237,dbt5,31,65647151,1253764,148789344,135247040636,173275899227,124211078094,630431679,62356773,5576043,0,52,22056239104,0,0,,0,0,1145143589.461,349915823.85,19844639.896,29694,57,0,0,0,0,
1788883046.279414,1928040,dbt5test,0,110600,13,21637143,1028003532,5419502762,2196629463,1171061198,575,2571,0,114,43941658624,0,0,,0,0,30527647.467,30489493.082,5524.955,555,0,6,0,2,2,
1788883106.399650,0,,0,0,0,103137,134159830,38149747,31253678,15,0,14,0,0,0,0,0,,0,0,0,0,0,0,0,0,0,0,0,
1788883106.399650,5,postgres,0,37796,0,236306,1350180,15896757,410055,0,0,0,0,0,0,0,0,,0,0,230366.095,227158.517,0,859,4,0,0,0,0,
1788883106.399650,16384,markwkm,0,36513,0,223049,1332248,15998244,385826,0,0,0,0,0,0,0,0,,0,0,2456.291,47.366,0,425,0,0,0,0,0,
1788883106.399650,1,template1,0,35834,0,220879,1281975,15859164,364772,0,0,0,0,0,0,0,0,,0,0,2511.996,2455.707,0,13,0,0,0,0,0,
1788883106.399650,4,template0,0,4354,0,31019,150350,1848005,45628,0,0,0,0,0,0,0,0,,0,0,0,0,0,0,0,0,0,0,0,
1788883106.399650,1985237,dbt5,37,65782113,1255155,149085774,135531775807,173633033407,124471201692,630522089,62483449,5587322,0,52,22056239104,0,0,,0,0,1146901357.262,350708159.204,19889055.938,29754,57,0,0,0,0,
1788883106.399650,1928040,dbt5test,0,110602,13,21637143,1028003608,5419503876,2196629478,1171061198,575,2571,0,114,43941658624,0,0,,0,0,30527647.467,30489493.082,5524.955,555,0,6,0,2,2,
1788883166.467792,0,,0,0,0,103137,134160539,38149924,31253843,15,0,14,0,0,0,0,0,,0,0,0,0,0,0,0,0,0,0,0,
1788883166.467792,5,postgres,0,37798,0,236306,1350253,15897642,410070,0,0,0,0,0,0,0,0,,0,0,230366.095,227158.517,0,859,4,0,0,0,0,
1788883166.467792,16384,markwkm,0,36515,0,223049,1332321,15999129,385841,0,0,0,0,0,0,0,0,,0,0,2456.291,47.366,0,425,0,0,0,0,0,
1788883166.467792,1,template1,0,35836,0,220879,1282048,15860049,364787,0,0,0,0,0,0,0,0,,0,0,2511.996,2455.707,0,13,0,0,0,0,0,
1788883166.467792,4,template0,0,4356,0,31019,150423,1848890,45643,0,0,0,0,0,0,0,0,,0,0,0,0,0,0,0,0,0,0,0,
1788883166.467792,1985237,dbt5,38,65917060,1256543,149388670,135817617416,173991171195,124732194966,630612047,62609992,5598335,0,52,22056239104,0,0,,0,0,1148916128.332,351499051.907,19933941.755,29779,57,0,0,0,0,
1788883166.467792,1928040,dbt5test,0,110604,13,21637143,1028003684,5419504990,2196629493,1171061198,575,2571,0,114,43941658624,0,0,,0,0,30527647.467,30489493.082,5524.955,555,0,6,0,2,2,
1788883226.572252,0,,0,0,0,103137,134161700,38150265,31254114,15,0,14,0,0,0,0,0,,0,0,0,0,0,0,0,0,0,0,0,
1788883226.572252,5,postgres,0,37800,0,236306,1350326,15898527,410085,0,0,0,0,0,0,0,0,,0,0,230366.095,227158.517,0,859,4,0,0,0,0,
1788883226.572252,16384,markwkm,0,36517,0,223049,1332394,16000014,385856,0,0,0,0,0,0,0,0,,0,0,2456.291,47.366,0,425,0,0,0,0,0,
1788883226.572252,1,template1,0,35838,0,220879,1282121,15860934,364802,0,0,0,0,0,0,0,0,,0,0,2511.996,2455.707,0,13,0,0,0,0,0,
1788883226.572252,4,template0,0,4358,0,31019,150496,1849775,45658,0,0,0,0,0,0,0,0,,0,0,0,0,0,0,0,0,0,0,0,
1788883226.572252,1985237,dbt5,38,66051629,1258103,149685791,136103871137,174349875449,124993878300,630701772,62736484,5609326,0,52,22056239104,0,0,,0,0,1151920542.658,352291117.515,19978322.489,29821,57,0,0,0,0,
1788883226.572252,1928040,dbt5test,0,110606,13,21637143,1028003760,5419506104,2196629508,1171061198,575,2571,0,114,43941658624,0,0,,0,0,30527647.467,30489493.082,5524.955,555,0,6,0,2,2,
1788883286.659233,0,,0,0,0,103137,134162723,38150556,31254352,15,0,14,0,0,0,0,0,,0,0,0,0,0,0,0,0,0,0,0,
1788883286.659233,5,postgres,0,37802,0,236306,1350399,15899412,410100,0,0,0,0,0,0,0,0,,0,0,230366.095,227158.517,0,859,4,0,0,0,0,
1788883286.659233,16384,markwkm,0,36519,0,223049,1332467,16000899,385871,0,0,0,0,0,0,0,0,,0,0,2456.291,47.366,0,425,0,0,0,0,0,
1788883286.659233,1,template1,0,35840,0,220879,1282194,15861819,364817,0,0,0,0,0,0,0,0,,0,0,2511.996,2455.707,0,13,0,0,0,0,0,
1788883286.659233,4,template0,0,4360,0,31019,150569,1850660,45673,0,0,0,0,0,0,0,0,,0,0,0,0,0,0,0,0,0,0,0,
1788883286.659233,1985237,dbt5,42,66186586,1259425,149983977,136389042988,174707924822,125254510132,630791768,62862712,5620422,0,52,22056239104,0,0,,0,0,1153313151.277,353084905.903,20022835.982,29859,57,0,0,0,0,
1788883286.659233,1928040,dbt5test,0,110608,13,21637143,1028003836,5419507218,2196629523,1171061198,575,2571,0,114,43941658624,0,0,,0,0,30527647.467,30489493.082,5524.955,555,0,6,0,2,2,
1788883346.734018,0,,0,0,0,103137,134163398,38150727,31254511,15,0,14,0,0,0,0,0,,0,0,0,0,0,0,0,0,0,0,0,
1788883346.734018,5,postgres,0,37804,0,236306,1350472,15900297,410115,0,0,0,0,0,0,0,0,,0,0,230366.095,227158.517,0,859,4,0,0,0,0,
1788883346.734018,16384,markwkm,0,36521,0,223049,1332540,16001784,385886,0,0,0,0,0,0,0,0,,0,0,2456.291,47.366,0,425,0,0,0,0,0,
1788883346.734018,1,template1,0,35842,0,220879,1282267,15862704,364832,0,0,0,0,0,0,0,0,,0,0,2511.996,2455.707,0,13,0,0,0,0,0,
1788883346.734018,4,template0,0,4362,0,31019,150642,1851545,45688,0,0,0,0,0,0,0,0,,0,0,0,0,0,0,0,0,0,0,0,
1788883346.734018,1985237,dbt5,37,66321151,1260816,150280766,136674199582,175065644403,125515196690,630881380,62989007,5631389,0,52,22056239104,0,0,,0,0,1154820029.446,353877044.513,20067308.199,29883,57,0,0,0,0,
1788883346.734018,1928040,dbt5test,0,110610,13,21637143,1028003912,5419508332,2196629538,1171061198,575,2571,0,114,43941658624,0,0,,0,0,30527647.467,30489493.082,5524.955,555,0,6,0,2,2,
1788883406.817714,0,,0,0,0,103137,134164428,38151014,31254751,15,0,14,0,0,0,0,0,,0,0,0,0,0,0,0,0,0,0,0,
1788883406.817714,5,postgres,0,37806,0,236306,1350545,15901182,410130,0,0,0,0,0,0,0,0,,0,0,230366.095,227158.517,0,859,4,0,0,0,0,
1788883406.817714,16384,markwkm,0,36523,0,223049,1332613,16002669,385901,0,0,0,0,0,0,0,0,,0,0,2456.291,47.366,0,425,0,0,0,0,0,
1788883406.817714,1,template1,0,35844,0,220879,1282340,15863589,364847,0,0,0,0,0,0,0,0,,0,0,2511.996,2455.707,0,13,0,0,0,0,0,
1788883406.817714,4,template0,0,4364,0,31019,150715,1852430,45703,0,0,0,0,0,0,0,0,,0,0,0,0,0,0,0,0,0,0,0,
1788883406.817714,1985237,dbt5,40,66455041,1262129,150579057,136959553791,175423161724,125776215759,630970301,63114159,5642294,0,52,22056239104,0,0,,0,0,1156209821.07,354667154.297,20111043.096,29921,57,0,0,0,0,
1788883406.817714,1928040,dbt5test,0,110612,13,21637143,1028003988,5419509446,2196629553,1171061198,575,2571,0,114,43941658624,0,0,,0,0,30527647.467,30489493.082,5524.955,555,0,6,0,2,2,
1788883466.950414,0,,0,0,0,103137,134166019,38151472,31255121,15,0,14,0,0,0,0,0,,0,0,0,0,0,0,0,0,0,0,0,
1788883466.950414,5,postgres,0,37808,0,236306,1350618,15902067,410145,0,0,0,0,0,0,0,0,,0,0,230366.095,227158.517,0,859,4,0,0,0,0,
1788883466.950414,16384,markwkm,0,36525,0,223049,1332686,16003554,385916,0,0,0,0,0,0,0,0,,0,0,2456.291,47.366,0,425,0,0,0,0,0,
1788883466.950414,1,template1,0,35846,0,220879,1282413,15864474,364862,0,0,0,0,0,0,0,0,,0,0,2511.996,2455.707,0,13,0,0,0,0,0,
1788883466.950414,4,template0,0,4366,0,31019,150788,1853315,45718,0,0,0,0,0,0,0,0,,0,0,0,0,0,0,0,0,0,0,0,
1788883466.950414,1985237,dbt5,41,66591275,1263674,150879502,137244948746,175782118153,126036851097,631061141,63241879,5653420,0,52,22056239104,0,0,,0,0,1158174606.377,355460136.636,20155968.371,29981,57,0,0,0,0,
1788883466.950414,1928040,dbt5test,0,110614,13,21637143,1028004064,5419510560,2196629568,1171061198,575,2571,0,114,43941658624,0,0,,0,0,30527647.467,30489493.082,5524.955,555,0,6,0,2,2,
1788883527.028021,0,,0,0,0,103137,134166607,38151645,31255259,15,0,14,0,0,0,0,0,,0,0,0,0,0,0,0,0,0,0,0,
1788883527.028021,5,postgres,0,37810,0,236306,1350691,15902952,410160,0,0,0,0,0,0,0,0,,0,0,230366.095,227158.517,0,859,4,0,0,0,0,
1788883527.028021,16384,markwkm,0,36529,0,223049,1332832,16005324,385946,0,0,0,0,0,0,0,0,,0,0,2456.291,47.366,0,425,0,0,0,0,0,
1788883527.028021,1,template1,0,35848,0,220879,1282486,15865359,364877,0,0,0,0,0,0,0,0,,0,0,2511.996,2455.707,0,13,0,0,0,0,0,
1788883527.028021,4,template0,0,4368,0,31019,150861,1854200,45733,0,0,0,0,0,0,0,0,,0,0,0,0,0,0,0,0,0,0,0,
1788883527.028021,1985237,dbt5,43,66725913,1265083,151175610,137530814401,176140729838,126298101135,631150824,63367972,5664450,0,52,22056239104,0,0,,0,0,1159637760.562,356251228.535,20200131.134,30001,57,0,0,0,0,
1788883527.028021,1928040,dbt5test,0,110616,13,21637143,1028004140,5419511674,2196629583,1171061198,575,2571,0,114,43941658624,0,0,,0,0,30527647.467,30489493.082,5524.955,555,0,6,0,2,2,
1788883586.143518,0,,0,0,0,103137,134167936,38152006,31255567,15,0,14,0,0,0,0,0,,0,0,0,0,0,0,0,0,0,0,0,
1788883586.143518,5,postgres,0,37812,0,236306,1350764,15903837,410175,0,0,0,0,0,0,0,0,,0,0,230366.095,227158.517,0,859,4,0,0,0,0,
1788883586.143518,16384,markwkm,0,36529,0,223049,1332832,16005324,385946,0,0,0,0,0,0,0,0,,0,0,2456.291,47.366,0,425,0,0,0,0,0,
1788883586.143518,1,template1,0,35850,0,220879,1282559,15866244,364892,0,0,0,0,0,0,0,0,,0,0,2511.996,2455.707,0,13,0,0,0,0,0,
1788883586.143518,4,template0,0,4370,0,31019,150934,1855085,45748,0,0,0,0,0,0,0,0,,0,0,0,0,0,0,0,0,0,0,0,
1788883586.143518,1985237,dbt5,44,66858740,1266466,151469482,137811826048,176493226807,126554903985,631239440,63492521,5675446,0,52,22056239104,0,0,,0,0,1161002729.101,357030047.414,20243876.353,30051,57,0,0,0,0,
1788883586.143518,1928040,dbt5test,0,110618,13,21637143,1028004216,5419512788,2196629598,1171061198,575,2571,0,114,43941658624,0,0,,0,0,30527647.467,30489493.082,5524.955,555,0,6,0,2,2,
1788883646.218849,0,,0,0,0,103137,134168429,38152135,31255684,15,0,14,0,0,0,0,0,,0,0,0,0,0,0,0,0,0,0,0,
1788883646.218849,5,postgres,0,37814,0,236306,1350837,15904722,410190,0,0,0,0,0,0,0,0,,0,0,230366.095,227158.517,0,859,4,0,0,0,0,
1788883646.218849,16384,markwkm,0,36531,0,223049,1332905,16006209,385961,0,0,0,0,0,0,0,0,,0,0,2456.291,47.366,0,425,0,0,0,0,0,
1788883646.218849,1,template1,0,35852,0,220879,1282632,15867129,364907,0,0,0,0,0,0,0,0,,0,0,2511.996,2455.707,0,13,0,0,0,0,0,
1788883646.218849,4,template0,0,4372,0,31019,151007,1855970,45763,0,0,0,0,0,0,0,0,,0,0,0,0,0,0,0,0,0,0,0,
1788883646.218849,1985237,dbt5,37,66993335,1267841,151766560,138096489679,176850466533,126815335107,631329290,63619113,5686463,0,52,22056239104,0,0,,0,0,1162607478.438,357821479.871,20288154.252,30066,57,0,0,0,0,
1788883646.218849,1928040,dbt5test,0,110620,13,21637143,1028004292,5419513902,2196629613,1171061198,575,2571,0,114,43941658624,0,0,,0,0,30527647.467,30489493.082,5524.955,555,0,6,0,2,2,
1788883706.294957,0,,0,0,0,103137,134169204,38152364,31255866,15,0,14,0,0,0,0,0,,0,0,0,0,0,0,0,0,0,0,0,
1788883706.294957,5,postgres,0,37816,0,236306,1350910,15905607,410205,0,0,0,0,0,0,0,0,,0,0,230366.095,227158.517,0,859,4,0,0,0,0,
1788883706.294957,16384,markwkm,0,36533,0,223049,1332978,16007094,385976,0,0,0,0,0,0,0,0,,0,0,2456.291,47.366,0,425,0,0,0,0,0,
1788883706.294957,1,template1,0,35854,0,220879,1282705,15868014,364922,0,0,0,0,0,0,0,0,,0,0,2511.996,2455.707,0,13,0,0,0,0,0,
1788883706.294957,4,template0,0,4374,0,31019,151080,1856855,45778,0,0,0,0,0,0,0,0,,0,0,0,0,0,0,0,0,0,0,0,
1788883706.294957,1985237,dbt5,34,67127889,1269214,152063103,138380917982,177207498651,127075257389,631418442,63744561,5697255,0,52,22056239104,0,0,,0,0,1164019185.151,358613326.238,20332558.682,30093,57,0,0,0,0,
1788883706.294957,1928040,dbt5test,0,110622,13,21637143,1028004368,5419515016,2196629628,1171061198,575,2571,0,114,43941658624,0,0,,0,0,30527647.467,30489493.082,5524.955,555,0,6,0,2,2,
1788883766.420800,0,,0,0,0,103137,134170734,38152765,31256220,15,0,14,0,0,0,0,0,,0,0,0,0,0,0,0,0,0,0,0,
1788883766.420800,5,postgres,0,37818,0,236306,1350983,15906492,410220,0,0,0,0,0,0,0,0,,0,0,230366.095,227158.517,0,859,4,0,0,0,0,
1788883766.420800,16384,markwkm,0,36535,0,223049,1333051,16007979,385991,0,0,0,0,0,0,0,0,,0,0,2456.291,47.366,0,425,0,0,0,0,0,
1788883766.420800,1,template1,0,35856,0,220879,1282778,15868899,364937,0,0,0,0,0,0,0,0,,0,0,2511.996,2455.707,0,13,0,0,0,0,0,
1788883766.420800,4,template0,0,4376,0,31019,151153,1857740,45793,0,0,0,0,0,0,0,0,,0,0,0,0,0,0,0,0,0,0,0,
1788883766.420800,1985237,dbt5,47,67263033,1270647,152358453,138666653346,177566669009,127336534738,631507909,63870449,5707987,0,52,22056239104,0,0,,0,0,1165527354.643,359403168.203,20376771.067,30154,57,0,0,0,0,
1788883766.420800,1928040,dbt5test,0,110624,13,21637143,1028004444,5419516130,2196629643,1171061198,575,2571,0,114,43941658624,0,0,,0,0,30527647.467,30489493.082,5524.955,555,0,6,0,2,2,
1788883826.487438,0,,0,0,0,103137,134171242,38152933,31256341,15,0,14,0,0,0,0,0,,0,0,0,0,0,0,0,0,0,0,0,
1788883826.487438,5,postgres,0,37820,0,236306,1351056,15907377,410235,0,0,0,0,0,0,0,0,,0,0,230366.095,227158.517,0,859,4,0,0,0,0,
1788883826.487438,16384,markwkm,0,36537,0,223049,1333124,16008864,386006,0,0,0,0,0,0,0,0,,0,0,2456.291,47.366,0,425,0,0,0,0,0,
1788883826.487438,1,template1,0,35858,0,220879,1282851,15869784,364952,0,0,0,0,0,0,0,0,,0,0,2511.996,2455.707,0,13,0,0,0,0,0,
1788883826.487438,4,template0,0,4378,0,31019,151226,1858625,45808,0,0,0,0,0,0,0,0,,0,0,0,0,0,0,0,0,0,0,0,
1788883826.487438,1985237,dbt5,34,67398465,1272045,152656580,138952666819,177925177509,127598016671,631598452,63998295,5719251,0,52,22056239104,0,0,,0,0,1166877933.004,360194808.286,20421057.353,30168,57,0,0,0,0,
1788883826.487438,1928040,dbt5test,0,110626,13,21637143,1028004520,5419517244,2196629658,1171061198,575,2571,0,114,43941658624,0,0,,0,0,30527647.467,30489493.082,5524.955,555,0,6,0,2,2,
1788883886.587529,0,,0,0,0,103137,134172272,38153220,31256581,15,0,14,0,0,0,0,0,,0,0,0,0,0,0,0,0,0,0,0,
1788883886.587529,5,postgres,0,37822,0,236306,1351129,15908262,410250,0,0,0,0,0,0,0,0,,0,0,230366.095,227158.517,0,859,4,0,0,0,0,
1788883886.587529,16384,markwkm,0,36539,0,223049,1333197,16009749,386021,0,0,0,0,0,0,0,0,,0,0,2456.291,47.366,0,425,0,0,0,0,0,
1788883886.587529,1,template1,0,35860,0,220879,1282924,15870669,364967,0,0,0,0,0,0,0,0,,0,0,2511.996,2455.707,0,13,0,0,0,0,0,
1788883886.587529,4,template0,0,4380,0,31019,151299,1859510,45823,0,0,0,0,0,0,0,0,,0,0,0,0,0,0,0,0,0,0,0,
1788883886.587529,1985237,dbt5,39,67533534,1273440,152954550,139238860414,178284677759,127859795825,631687568,64124374,5729910,0,52,22056239104,0,0,,0,0,1168422268.489,360986585.074,20464927.76,30206,57,0,0,0,0,
1788883886.587529,1928040,dbt5test,0,110628,13,21637143,1028004596,5419518358,2196629673,1171061198,575,2571,0,114,43941658624,0,0,,0,0,30527647.467,30489493.082,5524.955,555,0,6,0,2,2,
1788883946.713510,0,,0,0,0,103137,134173850,38153667,31256946,15,0,14,0,0,0,0,0,,0,0,0,0,0,0,0,0,0,0,0,
1788883946.713510,5,postgres,0,37824,0,236306,1351202,15909147,410265,0,0,0,0,0,0,0,0,,0,0,230366.095,227158.517,0,859,4,0,0,0,0,
1788883946.713510,16384,markwkm,0,36541,0,223049,1333270,16010634,386036,0,0,0,0,0,0,0,0,,0,0,2456.291,47.366,0,425,0,0,0,0,0,
1788883946.713510,1,template1,0,35862,0,220879,1282997,15871554,364982,0,0,0,0,0,0,0,0,,0,0,2511.996,2455.707,0,13,0,0,0,0,0,
1788883946.713510,4,template0,0,4382,0,31019,151372,1860395,45838,0,0,0,0,0,0,0,0,,0,0,0,0,0,0,0,0,0,0,0,
1788883946.713510,1985237,dbt5,44,67667299,1274969,153249134,139523362824,178641172410,128119920587,631777354,64250159,5740795,0,52,22056239104,0,0,,0,0,1170217651.193,361787764.231,20509334.163,30267,57,0,0,0,0,
1788883946.713510,1928040,dbt5test,0,110630,13,21637143,1028004672,5419519472,2196629688,1171061198,575,2571,0,114,43941658624,0,0,,0,0,30527647.467,30489493.082,5524.955,555,0,6,0,2,2,
1788884006.776041,0,,0,0,0,103137,134174358,38153806,31257067,15,0,14,0,0,0,0,0,,0,0,0,0,0,0,0,0,0,0,0,
1788884006.776041,5,postgres,0,37826,0,236306,1351275,15910032,410280,0,0,0,0,0,0,0,0,,0,0,230366.095,227158.517,0,859,4,0,0,0,0,
1788884006.776041,16384,markwkm,0,36543,0,223049,1333343,16011519,386051,0,0,0,0,0,0,0,0,,0,0,2456.291,47.366,0,425,0,0,0,0,0,
1788884006.776041,1,template1,0,35864,0,220879,1283070,15872439,364997,0,0,0,0,0,0,0,0,,0,0,2511.996,2455.707,0,13,0,0,0,0,0,
1788884006.776041,4,template0,0,4384,0,31019,151445,1861280,45853,0,0,0,0,0,0,0,0,,0,0,0,0,0,0,0,0,0,0,0,
1788884006.776041,1985237,dbt5,37,67800425,1276485,153544057,139806582507,178996582967,128378879301,631866264,64374803,5751687,0,52,22056239104,0,0,,0,0,1173015098.795,362587767.264,20553317.359,30284,57,0,0,0,0,
1788884006.776041,1928040,dbt5test,0,110632,13,21637143,1028004748,5419520586,2196629703,1171061198,575,2571,0,114,43941658624,0,0,,0,0,30527647.467,30489493.082,5524.955,555,0,6,0,2,2,
1788884066.870976,0,,0,0,0,103137,134175303,38154074,31257288,15,0,14,0,0,0,0,0,,0,0,0,0,0,0,0,0,0,0,0,
1788884066.870976,5,postgres,0,37828,0,236306,1351348,15910917,410295,0,0,0,0,0,0,0,0,,0,0,230366.095,227158.517,0,859,4,0,0,0,0,
1788884066.870976,16384,markwkm,0,36545,0,223049,1333416,16012404,386066,0,0,0,0,0,0,0,0,,0,0,2456.291,47.366,0,425,0,0,0,0,0,
1788884066.870976,1,template1,0,35866,0,220879,1283143,15873324,365012,0,0,0,0,0,0,0,0,,0,0,2511.996,2455.707,0,13,0,0,0,0,0,
1788884066.870976,4,template0,0,4386,0,31019,151518,1862165,45868,0,0,0,0,0,0,0,0,,0,0,0,0,0,0,0,0,0,0,0,
1788884066.870976,1985237,dbt5,38,67935271,1277867,153844518,140090046409,179352508749,128637860948,631956438,64501410,5762563,0,52,22056239104,0,0,,0,0,1174499541.901,363384821.488,20597679.948,30317,57,0,0,0,0,
1788884066.870976,1928040,dbt5test,0,110634,13,21637143,1028004824,5419521700,2196629718,1171061198,575,2571,0,114,43941658624,0,0,,0,0,30527647.467,30489493.082,5524.955,555,0,6,0,2,2,
1788884126.969273,0,,0,0,0,103137,134176441,38154379,31257552,15,0,14,0,0,0,0,0,,0,0,0,0,0,0,0,0,0,0,0,
1788884126.969273,5,postgres,0,37830,0,236306,1351421,15911802,410310,0,0,0,0,0,0,0,0,,0,0,230366.095,227158.517,0,859,4,0,0,0,0,
1788884126.969273,16384,markwkm,0,36547,0,223049,1333489,16013289,386081,0,0,0,0,0,0,0,0,,0,0,2456.291,47.366,0,425,0,0,0,0,0,
1788884126.969273,1,template1,0,35868,0,220879,1283216,15874209,365027,0,0,0,0,0,0,0,0,,0,0,2511.996,2455.707,0,13,0,0,0,0,0,
1788884126.969273,4,template0,0,4388,0,31019,151591,1863050,45883,0,0,0,0,0,0,0,0,,0,0,0,0,0,0,0,0,0,0,0,
1788884126.969273,1985237,dbt5,46,68070285,1279345,154142413,140375154188,179710328295,128898370832,632046505,64627758,5773633,0,52,22056239104,0,0,,0,0,1176078585.338,364183060.893,20642276.104,30360,57,0,0,0,0,
1788884126.969273,1928040,dbt5test,0,110636,13,21637143,1028004900,5419522814,2196629733,1171061198,575,2571,0,114,43941658624,0,0,,0,0,30527647.467,30489493.082,5524.955,555,0,6,0,2,2,
1788884186.090502,0,,0,0,0,103137,134177868,38154801,31257886,15,0,14,0,0,0,0,0,,0,0,0,0,0,0,0,0,0,0,0,
1788884186.090502,5,postgres,0,37832,0,236306,1351494,15912687,410325,0,0,0,0,0,0,0,0,,0,0,230366.095,227158.517,0,859,4,0,0,0,0,
1788884186.090502,16384,markwkm,0,36549,0,223049,1333562,16014174,386096,0,0,0,0,0,0,0,0,,0,0,2456.291,47.366,0,425,0,0,0,0,0,
1788884186.090502,1,template1,0,35870,0,220879,1283289,15875094,365042,0,0,0,0,0,0,0,0,,0,0,2511.996,2455.707,0,13,0,0,0,0,0,
1788884186.090502,4,template0,0,4390,0,31019,151664,1863935,45898,0,0,0,0,0,0,0,0,,0,0,0,0,0,0,0,0,0,0,0,
1788884186.090502,1985237,dbt5,36,68202556,1280692,154434803,140654436694,180060796090,129153612202,632134839,64752297,5784346,0,52,22056239104,0,0,,0,0,1177482131.578,364966090.133,20685678.378,30413,57,0,0,0,0,
1788884186.090502,1928040,dbt5test,0,110638,13,21637143,1028004976,5419523928,2196629748,1171061198,575,2571,0,114,43941658624,0,0,,0,0,30527647.467,30489493.082,5524.955,555,0,6,0,2,2,
1788884246.164325,0,,0,0,0,103137,134178365,38154929,31258002,15,0,14,0,0,0,0,0,,0,0,0,0,0,0,0,0,0,0,0,
1788884246.164325,5,postgres,0,37834,0,236306,1351567,15913572,410340,0,0,0,0,0,0,0,0,,0,0,230366.095,227158.517,0,859,4,0,0,0,0,
1788884246.164325,16384,markwkm,0,36551,0,223049,1333635,16015059,386111,0,0,0,0,0,0,0,0,,0,0,2456.291,47.366,0,425,0,0,0,0,0,
1788884246.164325,1,template1,0,35872,0,220879,1283362,15875979,365057,0,0,0,0,0,0,0,0,,0,0,2511.996,2455.707,0,13,0,0,0,0,0,
1788884246.164325,4,template0,0,4392,0,31019,151737,1864820,45913,0,0,0,0,0,0,0,0,,0,0,0,0,0,0,0,0,0,0,0,
1788884246.164325,1985237,dbt5,34,68336941,1282127,154736160,140937770788,180416612342,129412452691,632223943,64877611,5795023,0,52,22056239104,0,0,,0,0,1179052211.878,365759661.749,20729875.95,30430,57,0,0,0,0,
1788884246.164325,1928040,dbt5test,0,110640,13,21637143,1028005052,5419525042,2196629763,1171061198,575,2571,0,114,43941658624,0,0,,0,0,30527647.467,30489493.082,5524.955,555,0,6,0,2,2,
1788884306.251657,0,,0,0,0,103137,134179240,38155174,31258206,15,0,14,0,0,0,0,0,,0,0,0,0,0,0,0,0,0,0,0,
1788884306.251657,5,postgres,0,37836,0,236306,1351640,15914457,410355,0,0,0,0,0,0,0,0,,0,0,230366.095,227158.517,0,859,4,0,0,0,0,
1788884306.251657,16384,markwkm,0,36553,0,223049,1333708,16015944,386126,0,0,0,0,0,0,0,0,,0,0,2456.291,47.366,0,425,0,0,0,0,0,
1788884306.251657,1,template1,0,35874,0,220879,1283435,15876864,365072,0,0,0,0,0,0,0,0,,0,0,2511.996,2455.707,0,13,0,0,0,0,0,
1788884306.251657,4,template0,0,4394,0,31019,151810,1865705,45928,0,0,0,0,0,0,0,0,,0,0,0,0,0,0,0,0,0,0,0,
1788884306.251657,1985237,dbt5,40,68470874,1283471,155033732,141221985607,180773114895,129672200002,632312663,65002600,5805712,0,52,22056239104,0,0,,0,0,1180533271.259,366551625.632,20774005.988,30461,57,0,0,0,0,
1788884306.251657,1928040,dbt5test,0,110642,13,21637143,1028005128,5419526156,2196629778,1171061198,575,2571,0,114,43941658624,0,0,,0,0,30527647.467,30489493.082,5524.955,555,0,6,0,2,2,
1788884366.354439,0,,0,0,0,103137,134180415,38155501,31258480,15,0,14,0,0,0,0,0,,0,0,0,0,0,0,0,0,0,0,0,
1788884366.354439,5,postgres,0,37838,0,236306,1351713,15915342,410370,0,0,0,0,0,0,0,0,,0,0,230366.095,227158.517,0,859,4,0,0,0,0,
1788884366.354439,16384,markwkm,0,36555,0,223049,1333781,16016829,386141,0,0,0,0,0,0,0,0,,0,0,2456.291,47.366,0,425,0,0,0,0,0,
1788884366.354439,1,template1,0,35876,0,220879,1283508,15877749,365087,0,0,0,0,0,0,0,0,,0,0,2511.996,2455.707,0,13,0,0,0,0,0,
1788884366.354439,4,template0,0,4396,0,31019,151883,1866590,45943,0,0,0,0,0,0,0,0,,0,0,0,0,0,0,0,0,0,0,0,
1788884366.354439,1985237,dbt5,43,68606024,1284890,155329783,141507539764,181131479849,129933220696,632402373,65128951,5816521,0,52,22056239104,0,0,,0,0,1182374781.688,367347017.408,20818199.88,30506,57,0,0,0,0,
1788884366.354439,1928040,dbt5test,0,110644,13,21637143,1028005204,5419527270,2196629793,1171061198,575,2571,0,114,43941658624,0,0,,0,0,30527647.467,30489493.082,5524.955,555,0,6,0,2,2,
1788884426.438104,0,,0,0,0,103137,134181058,38155693,31258631,15,0,14,0,0,0,0,0,,0,0,0,0,0,0,0,0,0,0,0,
1788884426.438104,5,postgres,0,37840,0,236306,1351786,15916227,410385,0,0,0,0,0,0,0,0,,0,0,230366.095,227158.517,0,859,4,0,0,0,0,
1788884426.438104,16384,markwkm,0,36557,0,223049,1333854,16017714,386156,0,0,0,0,0,0,0,0,,0,0,2456.291,47.366,0,425,0,0,0,0,0,
1788884426.438104,1,template1,0,35878,0,220879,1283581,15878634,365102,0,0,0,0,0,0,0,0,,0,0,2511.996,2455.707,0,13,0,0,0,0,0,
1788884426.438104,4,template0,0,4398,0,31019,151956,1867475,45958,0,0,0,0,0,0,0,0,,0,0,0,0,0,0,0,0,0,0,0,
1788884426.438104,1985237,dbt5,36,68741431,1286329,155627694,141792805465,181489521434,130193723793,632492823,65256229,5827576,0,52,22056239104,0,0,,0,0,1184221851.185,368141081.954,20862692.432,30527,57,0,0,0,0,
1788884426.438104,1928040,dbt5test,0,110646,13,21637143,1028005280,5419528384,2196629808,1171061198,575,2571,0,114,43941658624,0,0,,0,0,30527647.467,30489493.082,5524.955,555,0,6,0,2,2,
1788884486.548734,0,,0,0,0,103137,134182517,38156113,31258969,15,0,14,0,0,0,0,0,,0,0,0,0,0,0,0,0,0,0,0,
1788884486.548734,5,postgres,0,37842,0,236306,1351859,15917112,410400,0,0,0,0,0,0,0,0,,0,0,230366.095,227158.517,0,859,4,0,0,0,0,
1788884486.548734,16384,markwkm,0,36559,0,223049,1333927,16018599,386171,0,0,0,0,0,0,0,0,,0,0,2456.291,47.366,0,425,0,0,0,0,0,
1788884486.548734,1,template1,0,35880,0,220879,1283654,15879519,365117,0,0,0,0,0,0,0,0,,0,0,2511.996,2455.707,0,13,0,0,0,0,0,
1788884486.548734,4,template0,0,4400,0,31019,152029,1868360,45973,0,0,0,0,0,0,0,0,,0,0,0,0,0,0,0,0,0,0,0,
1788884486.548734,1985237,dbt5,42,68875967,1287737,155930410,142076978297,181846562127,130453424166,632582337,65381820,5838586,0,52,22056239104,0,0,,0,0,1185897789.305,368934867.881,20907396.469,30584,57,0,0,0,0,
1788884486.548734,1928040,dbt5test,0,110648,13,21637143,1028005356,5419529498,2196629823,1171061198,575,2571,0,114,43941658624,0,0,,0,0,30527647.467,30489493.082,5524.955,555,0,6,0,2,2,
1788884546.611523,0,,0,0,0,103137,134183008,38156242,31259086,15,0,14,0,0,0,0,0,,0,0,0,0,0,0,0,0,0,0,0,
1788884546.611523,5,postgres,0,37844,0,236306,1351932,15917997,410415,0,0,0,0,0,0,0,0,,0,0,230366.095,227158.517,0,859,4,0,0,0,0,
1788884546.611523,16384,markwkm,0,36561,0,223049,1334000,16019484,386186,0,0,0,0,0,0,0,0,,0,0,2456.291,47.366,0,425,0,0,0,0,0,
1788884546.611523,1,template1,0,35882,0,220879,1283727,15880404,365132,0,0,0,0,0,0,0,0,,0,0,2511.996,2455.707,0,13,0,0,0,0,0,
1788884546.611523,4,template0,0,4402,0,31019,152102,1869245,45988,0,0,0,0,0,0,0,0,,0,0,0,0,0,0,0,0,0,0,0,
1788884546.611523,1985237,dbt5,34,69009965,1289221,156226132,142360533469,182202305336,130712524554,632672387,65507923,5849756,0,52,22056239104,0,0,,0,0,1187578159.152,369726034.146,20951595.435,30597,57,0,0,0,0,
1788884546.611523,1928040,dbt5test,0,110650,13,21637143,1028005432,5419530612,2196629838,1171061198,575,2571,0,114,43941658624,0,0,,0,0,30527647.467,30489493.082,5524.955,555,0,6,0,2,2,
1788884606.723810,0,,0,0,0,103137,134184621,38156691,31259459,15,0,14,0,0,0,0,0,,0,0,0,0,0,0,0,0,0,0,0,
1788884606.723810,5,postgres,0,37846,0,236306,1352005,15918882,410430,0,0,0,0,0,0,0,0,,0,0,230366.095,227158.517,0,859,4,0,0,0,0,
1788884606.723810,16384,markwkm,0,36563,0,223049,1334073,16020369,386201,0,0,0,0,0,0,0,0,,0,0,2456.291,47.366,0,425,0,0,0,0,0,
1788884606.723810,1,template1,0,35884,0,220879,1283800,15881289,365147,0,0,0,0,0,0,0,0,,0,0,2511.996,2455.707,0,13,0,0,0,0,0,
1788884606.723810,4,template0,0,4404,0,31019,152175,1870130,46003,0,0,0,0,0,0,0,0,,0,0,0,0,0,0,0,0,0,0,0,
1788884606.723810,1985237,dbt5,47,69144608,1290680,156524735,142647074768,182561448804,130974529481,632761823,65634229,5860576,0,52,22056239104,0,0,,0,0,1189004428.51,370520437.438,20995887.197,30661,57,0,0,0,0,
1788884606.723810,1928040,dbt5test,0,110652,13,21637143,1028005508,5419531726,2196629853,1171061198,575,2571,0,114,43941658624,0,0,,0,0,30527647.467,30489493.082,5524.955,555,0,6,0,2,2,
1788884666.781530,0,,0,0,0,103137,134184914,38156781,31259531,15,0,14,0,0,0,0,0,,0,0,0,0,0,0,0,0,0,0,0,
1788884666.781530,5,postgres,0,37848,0,236306,1352078,15919767,410445,0,0,0,0,0,0,0,0,,0,0,230366.095,227158.517,0,859,4,0,0,0,0,
1788884666.781530,16384,markwkm,0,36565,0,223049,1334146,16021254,386216,0,0,0,0,0,0,0,0,,0,0,2456.291,47.366,0,425,0,0,0,0,0,
1788884666.781530,1,template1,0,35886,0,220879,1283873,15882174,365162,0,0,0,0,0,0,0,0,,0,0,2511.996,2455.707,0,13,0,0,0,0,0,
1788884666.781530,4,template0,0,4406,0,31019,152248,1871015,46018,0,0,0,0,0,0,0,0,,0,0,0,0,0,0,0,0,0,0,0,
1788884666.781530,1985237,dbt5,32,69278462,1292210,156821266,142932617070,182919282196,131235497524,632851366,65759769,5871589,0,52,22056239104,0,0,,0,0,1190372590.623,371312045.583,21040206.238,30671,57,0,0,0,0,
1788884666.781530,1928040,dbt5test,0,110654,13,21637143,1028005584,5419532840,2196629868,1171061198,575,2571,0,114,43941658624,0,0,,0,0,30527647.467,30489493.082,5524.955,555,0,6,0,2,2,
1788884726.880073,0,,0,0,0,103137,134186112,38157112,31259809,15,0,14,0,0,0,0,0,,0,0,0,0,0,0,0,0,0,0,0,
1788884726.880073,5,postgres,0,37850,0,236306,1352151,15920652,410460,0,0,0,0,0,0,0,0,,0,0,230366.095,227158.517,0,859,4,0,0,0,0,
1788884726.880073,16384,markwkm,0,36567,0,223049,1334219,16022139,386231,0,0,0,0,0,0,0,0,,0,0,2456.291,47.366,0,425,0,0,0,0,0,
1788884726.880073,1,template1,0,35888,0,220879,1283946,15883059,365177,0,0,0,0,0,0,0,0,,0,0,2511.996,2455.707,0,13,0,0,0,0,0,
1788884726.880073,4,template0,0,4408,0,31019,152321,1871900,46033,0,0,0,0,0,0,0,0,,0,0,0,0,0,0,0,0,0,0,0,
1788884726.880073,1985237,dbt5,34,69412935,1293590,157123052,143219206131,183278500354,131497519811,632940701,65885322,5882404,0,52,22056239104,0,0,,0,0,1191902420.355,372104358.188,21083744.385,30711,57,0,0,0,0,
1788884726.880073,1928040,dbt5test,0,110656,13,21637143,1028005660,5419533954,2196629883,1171061198,575,2571,0,114,43941658624,0,0,,0,0,30527647.467,30489493.082,5524.955,555,0,6,0,2,2,
1788884786.970770,0,,0,0,0,103137,134187116,38157394,31260044,15,0,14,0,0,0,0,0,,0,0,0,0,0,0,0,0,0,0,0,
1788884786.970770,5,postgres,0,37852,0,236306,1352224,15921537,410475,0,0,0,0,0,0,0,0,,0,0,230366.095,227158.517,0,859,4,0,0,0,0,
1788884786.970770,16384,markwkm,0,36569,0,223049,1334292,16023024,386246,0,0,0,0,0,0,0,0,,0,0,2456.291,47.366,0,425,0,0,0,0,0,
1788884786.970770,1,template1,0,35890,0,220879,1284019,15883944,365192,0,0,0,0,0,0,0,0,,0,0,2511.996,2455.707,0,13,0,0,0,0,0,
1788884786.970770,4,template0,0,4410,0,31019,152394,1872785,46048,0,0,0,0,0,0,0,0,,0,0,0,0,0,0,0,0,0,0,0,
1788884786.970770,1985237,dbt5,35,69547490,1295028,157420051,143503659952,183635263307,131757345958,633030667,66012049,5893446,0,52,22056239104,0,0,,0,0,1193328114.652,372896903.098,21128204.523,30748,57,0,0,0,0,
1788884786.970770,1928040,dbt5test,0,110658,13,21637143,1028005736,5419535068,2196629898,1171061198,575,2571,0,114,43941658624,0,0,,0,0,30527647.467,30489493.082,5524.955,555,0,6,0,2,2,
1788884846.064010,0,,0,0,0,103137,134188168,38157679,31260288,15,0,14,0,0,0,0,0,,0,0,0,0,0,0,0,0,0,0,0,
1788884846.064010,5,postgres,0,37854,0,236306,1352297,15922422,410490,0,0,0,0,0,0,0,0,,0,0,230366.095,227158.517,0,859,4,0,0,0,0,
1788884846.064010,16384,markwkm,0,36571,0,223049,1334365,16023909,386261,0,0,0,0,0,0,0,0,,0,0,2456.291,47.366,0,425,0,0,0,0,0,
1788884846.064010,1,template1,0,35892,0,220879,1284092,15884829,365207,0,0,0,0,0,0,0,0,,0,0,2511.996,2455.707,0,13,0,0,0,0,0,
1788884846.064010,4,template0,0,4412,0,31019,152467,1873670,46063,0,0,0,0,0,0,0,0,,0,0,0,0,0,0,0,0,0,0,0,
1788884846.064010,1985237,dbt5,38,69678539,1296324,157715773,143784733948,183987217015,132014430295,633117274,66133822,5903872,0,52,22056239104,0,0,,0,0,1195027288.569,373675279.449,21171235.113,30787,57,0,0,0,0,
1788884846.064010,1928040,dbt5test,0,110660,13,21637143,1028005812,5419536182,2196629913,1171061198,575,2571,0,114,43941658624,0,0,,0,0,30527647.467,30489493.082,5524.955,555,0,6,0,2,2,
1788884906.188507,0,,0,0,0,103137,134189355,38158016,31260566,15,0,14,0,0,0,0,0,,0,0,0,0,0,0,0,0,0,0,0,
1788884906.188507,5,postgres,0,37856,0,236306,1352370,15923307,410505,0,0,0,0,0,0,0,0,,0,0,230366.095,227158.517,0,859,4,0,0,0,0,
1788884906.188507,16384,markwkm,0,36573,0,223049,1334438,16024794,386276,0,0,0,0,0,0,0,0,,0,0,2456.291,47.366,0,425,0,0,0,0,0,
1788884906.188507,1,template1,0,35894,0,220879,1284165,15885714,365222,0,0,0,0,0,0,0,0,,0,0,2511.996,2455.707,0,13,0,0,0,0,0,
1788884906.188507,4,template0,0,4414,0,31019,152540,1874555,46078,0,0,0,0,0,0,0,0,,0,0,0,0,0,0,0,0,0,0,0,
1788884906.188507,1985237,dbt5,41,69812814,1297660,158010970,144068629195,184343437734,132273934482,633206807,66259948,5914900,0,52,22056239104,0,0,,0,0,1196473622.182,374465947.087,21215233.129,30831,57,0,0,0,0,
1788884906.188507,1928040,dbt5test,0,110662,13,21637143,1028005888,5419537296,2196629928,1171061198,575,2571,0,114,43941658624,0,0,,0,0,30527647.467,30489493.082,5524.955,555,0,6,0,2,2,
1788884966.267653,0,,0,0,0,103137,134190263,38158284,31260776,15,0,14,0,0,0,0,0,,0,0,0,0,0,0,0,0,0,0,0,
1788884966.267653,5,postgres,0,37858,0,236306,1352443,15924192,410520,0,0,0,0,0,0,0,0,,0,0,230366.095,227158.517,0,859,4,0,0,0,0,
1788884966.267653,16384,markwkm,0,36575,0,223049,1334511,16025679,386291,0,0,0,0,0,0,0,0,,0,0,2456.291,47.366,0,425,0,0,0,0,0,
1788884966.267653,1,template1,0,35896,0,220879,1284238,15886599,365237,0,0,0,0,0,0,0,0,,0,0,2511.996,2455.707,0,13,0,0,0,0,0,
1788884966.267653,4,template0,0,4416,0,31019,152613,1875440,46093,0,0,0,0,0,0,0,0,,0,0,0,0,0,0,0,0,0,0,0,
1788884966.267653,1985237,dbt5,39,69948274,1299029,158309852,144355434052,184703539891,132536120656,633296743,66386649,5925859,0,52,22056239104,0,0,,0,0,1197870242.88,375261344.269,21259604.286,30864,57,0,0,0,0,
1788884966.267653,1928040,dbt5test,0,110664,13,21637143,1028005964,5419538410,2196629943,1171061198,575,2571,0,114,43941658624,0,0,,0,0,30527647.467,30489493.082,5524.955,555,0,6,0,2,2,
1788885026.363874,0,,0,0,0,103137,134191298,38158550,31261018,15,0,14,0,0,0,0,0,,0,0,0,0,0,0,0,0,0,0,0,
1788885026.363874,5,postgres,0,37860,0,236306,1352516,15925077,410535,0,0,0,0,0,0,0,0,,0,0,230366.095,227158.517,0,859,4,0,0,0,0,
1788885026.363874,16384,markwkm,0,36577,0,223049,1334584,16026564,386306,0,0,0,0,0,0,0,0,,0,0,2456.291,47.366,0,425,0,0,0,0,0,
1788885026.363874,1,template1,0,35898,0,220879,1284311,15887484,365252,0,0,0,0,0,0,0,0,,0,0,2511.996,2455.707,0,13,0,0,0,0,0,
1788885026.363874,4,template0,0,4418,0,31019,152686,1876325,46108,0,0,0,0,0,0,0,0,,0,0,0,0,0,0,0,0,0,0,0,
1788885026.363874,1985237,dbt5,48,70082666,1300425,158603236,144640257952,185060247330,132796165232,633386726,66512728,5936917,0,52,22056239104,0,0,,0,0,1199317388.572,376050178.162,21303365.338,30904,57,0,0,0,0,
1788885026.363874,1928040,dbt5test,0,110666,13,21637143,1028006040,5419539524,2196629958,1171061198,575,2571,0,114,43941658624,0,0,,0,0,30527647.467,30489493.082,5524.955,555,0,6,0,2,2,
1788885086.433614,0,,0,0,0,103137,134192014,38158765,31261186,15,0,14,0,0,0,0,0,,0,0,0,0,0,0,0,0,0,0,0,
1788885086.433614,5,postgres,0,37862,0,236306,1352589,15925962,410550,0,0,0,0,0,0,0,0,,0,0,230366.095,227158.517,0,859,4,0,0,0,0,
1788885086.433614,16384,markwkm,0,36579,0,223049,1334657,16027449,386321,0,0,0,0,0,0,0,0,,0,0,2456.291,47.366,0,425,0,0,0,0,0,
1788885086.433614,1,template1,0,35900,0,220879,1284384,15888369,365267,0,0,0,0,0,0,0,0,,0,0,2511.996,2455.707,0,13,0,0,0,0,0,
1788885086.433614,4,template0,0,4420,0,31019,152759,1877210,46123,0,0,0,0,0,0,0,0,,0,0,0,0,0,0,0,0,0,0,0,
1788885086.433614,1985237,dbt5,40,70217406,1301838,158903210,144925855204,185418413073,133056969851,633476245,66639156,5947815,0,52,22056239104,0,0,,0,0,1200798704.071,376844793.444,21347652.688,30927,57,0,0,0,0,
1788885086.433614,1928040,dbt5test,0,110668,13,21637143,1028006116,5419540638,2196629973,1171061198,575,2571,0,114,43941658624,0,0,,0,0,30527647.467,30489493.082,5524.955,555,0,6,0,2,2,
1788885146.599828,0,,0,0,0,103137,134193512,38159203,31261536,15,0,14,0,0,0,0,0,,0,0,0,0,0,0,0,0,0,0,0,
1788885146.599828,5,postgres,0,37864,0,236306,1352662,15926847,410565,0,0,0,0,0,0,0,0,,0,0,230366.095,227158.517,0,859,4,0,0,0,0,
1788885146.599828,16384,markwkm,0,36581,0,223049,1334730,16028334,386336,0,0,0,0,0,0,0,0,,0,0,2456.291,47.366,0,425,0,0,0,0,0,
1788885146.599828,1,template1,0,35902,0,220879,1284457,15889254,365282,0,0,0,0,0,0,0,0,,0,0,2511.996,2455.707,0,13,0,0,0,0,0,
1788885146.599828,4,template0,0,4422,0,31019,152832,1878095,46138,0,0,0,0,0,0,0,0,,0,0,0,0,0,0,0,0,0,0,0,
1788885146.599828,1985237,dbt5,34,70350995,1303264,159200579,145210502638,185774782176,133317073219,633565367,66764759,5958677,0,52,22056239104,0,0,,0,0,1202189409.575,377634132.46,21391469.756,30983,57,0,0,0,0,
1788885146.599828,1928040,dbt5test,0,110670,13,21637143,1028006192,5419541752,2196629988,1171061198,575,2571,0,114,43941658624,0,0,,0,0,30527647.467,30489493.082,5524.955,555,0,6,0,2,2,
1788885206.650647,0,,0,0,0,103137,134194030,38159329,31261656,15,0,14,0,0,0,0,0,,0,0,0,0,0,0,0,0,0,0,0,
1788885206.650647,5,postgres,0,37866,0,236306,1352735,15927732,410580,0,0,0,0,0,0,0,0,,0,0,230366.095,227158.517,0,859,4,0,0,0,0,
1788885206.650647,16384,markwkm,0,36583,0,223049,1334803,16029219,386351,0,0,0,0,0,0,0,0,,0,0,2456.291,47.366,0,425,0,0,0,0,0,
1788885206.650647,1,template1,0,35904,0,220879,1284530,15890139,365297,0,0,0,0,0,0,0,0,,0,0,2511.996,2455.707,0,13,0,0,0,0,0,
1788885206.650647,4,template0,0,4424,0,31019,152905,1878980,46153,0,0,0,0,0,0,0,0,,0,0,0,0,0,0,0,0,0,0,0,
1788885206.650647,1985237,dbt5,39,70485895,1304653,159500458,145495562917,186132738499,133577554780,633655512,66890703,5969810,0,52,22056239104,0,0,,0,0,1204045098.387,378427232.854,21435983.586,31001,57,0,0,0,0,
1788885206.650647,1928040,dbt5test,0,110672,13,21637143,1028006268,5419542866,2196630003,1171061198,575,2571,0,114,43941658624,0,0,,0,0,30527647.467,30489493.082,5524.955,555,0,6,0,2,2,
1788885266.772393,0,,0,0,0,103137,134195315,38159716,31261955,15,0,14,0,0,0,0,0,,0,0,0,0,0,0,0,0,0,0,0,
1788885266.772393,5,postgres,0,37868,0,236306,1352808,15928617,410595,0,0,0,0,0,0,0,0,,0,0,230366.095,227158.517,0,859,4,0,0,0,0,
1788885266.772393,16384,markwkm,0,36585,0,223049,1334876,16030104,386366,0,0,0,0,0,0,0,0,,0,0,2456.291,47.366,0,425,0,0,0,0,0,
1788885266.772393,1,template1,0,35906,0,220879,1284603,15891024,365312,0,0,0,0,0,0,0,0,,0,0,2511.996,2455.707,0,13,0,0,0,0,0,
1788885266.772393,4,template0,0,4426,0,31019,152978,1879865,46168,0,0,0,0,0,0,0,0,,0,0,0,0,0,0,0,0,0,0,0,
1788885266.772393,1985237,dbt5,39,70620354,1305945,159801457,145779481035,186489416445,133836990314,633744228,67015926,5980455,0,52,22056239104,0,0,,0,0,1205504427.929,379217548.098,21480468.532,31049,57,0,0,0,0,
1788885266.772393,1928040,dbt5test,0,110674,13,21637143,1028006344,5419543980,2196630018,1171061198,575,2571,0,114,43941658624,0,0,,0,0,30527647.467,30489493.082,5524.955,555,0,6,0,2,2,
1788885326.845033,0,,0,0,0,103137,134195980,38159878,31262111,15,0,14,0,0,0,0,0,,0,0,0,0,0,0,0,0,0,0,0,
1788885326.845033,5,postgres,0,37870,0,236306,1352881,15929502,410610,0,0,0,0,0,0,0,0,,0,0,230366.095,227158.517,0,859,4,0,0,0,0,
1788885326.845033,16384,markwkm,0,36587,0,223049,1334949,16030989,386381,0,0,0,0,0,0,0,0,,0,0,2456.291,47.366,0,425,0,0,0,0,0,
1788885326.845033,1,template1,0,35908,0,220879,1284676,15891909,365327,0,0,0,0,0,0,0,0,,0,0,2511.996,2455.707,0,13,0,0,0,0,0,
1788885326.845033,4,template0,0,4428,0,31019,153051,1880750,46183,0,0,0,0,0,0,0,0,,0,0,0,0,0,0,0,0,0,0,0,
1788885326.845033,1985237,dbt5,40,70754709,1307352,160100728,146064511010,186847281842,134097657409,633833566,67141841,5991446,0,52,22056239104,0,0,,0,0,1206886329.547,380008815.569,21524953.487,31072,57,0,0,0,0,
1788885326.845033,1928040,dbt5test,0,110676,13,21637143,1028006420,5419545094,2196630033,1171061198,575,2571,0,114,43941658624,0,0,,0,0,30527647.467,30489493.082,5524.955,555,0,6,0,2,2,
1788885386.984369,0,,0,0,0,103137,134197571,38160313,31262481,15,0,14,0,0,0,0,0,,0,0,0,0,0,0,0,0,0,0,0,
1788885386.984369,5,postgres,0,37872,0,236306,1352954,15930387,410625,0,0,0,0,0,0,0,0,,0,0,230366.095,227158.517,0,859,4,0,0,0,0,
1788885386.984369,16384,markwkm,0,36589,0,223049,1335022,16031874,386396,0,0,0,0,0,0,0,0,,0,0,2456.291,47.366,0,425,0,0,0,0,0,
1788885386.984369,1,template1,0,35910,0,220879,1284749,15892794,365342,0,0,0,0,0,0,0,0,,0,0,2511.996,2455.707,0,13,0,0,0,0,0,
1788885386.984369,4,template0,0,4430,0,31019,153124,1881635,46198,0,0,0,0,0,0,0,0,,0,0,0,0,0,0,0,0,0,0,0,
1788885386.984369,1985237,dbt5,40,70888486,1308799,160397623,146351312034,187206275047,134359936061,633922574,67267061,6002242,0,52,22056239104,0,0,,0,0,1209470416.956,380800244.755,21568160.828,31133,57,0,0,0,0,
1788885386.984369,1928040,dbt5test,0,110678,13,21637143,1028006496,5419546208,2196630048,1171061198,575,2571,0,114,43941658624,0,0,,0,0,30527647.467,30489493.082,5524.955,555,0,6,0,2,2,
1788885446.076130,0,,0,0,0,103137,134198577,38160619,31262717,15,0,14,0,0,0,0,0,,0,0,0,0,0,0,0,0,0,0,0,
1788885446.076130,5,postgres,0,37874,0,236306,1353027,15931272,410640,0,0,0,0,0,0,0,0,,0,0,230366.095,227158.517,0,859,4,0,0,0,0,
1788885446.076130,16384,markwkm,0,36591,0,223049,1335095,16032759,386411,0,0,0,0,0,0,0,0,,0,0,2456.291,47.366,0,425,0,0,0,0,0,
1788885446.076130,1,template1,0,35912,0,220879,1284822,15893679,365357,0,0,0,0,0,0,0,0,,0,0,2511.996,2455.707,0,13,0,0,0,0,0,
1788885446.076130,4,template0,0,4432,0,31019,153197,1882520,46213,0,0,0,0,0,0,0,0,,0,0,0,0,0,0,0,0,0,0,0,
1788885446.076130,1985237,dbt5,34,71019876,1310146,160688930,146632797276,187558683947,134617629905,634010073,67389962,6012973,0,52,22056239104,0,0,,0,0,1210901639.199,381580189.519,21611488.69,31169,57,0,0,0,0,
1788885446.076130,1928040,dbt5test,0,110680,13,21637143,1028006572,5419547322,2196630063,1171061198,575,2571,0,114,43941658624,0,0,,0,0,30527647.467,30489493.082,5524.955,555,0,6,0,2,2,
