ctime,stats_reset,prefetch,hit,skip_init,skip_new,skip_fpw,skip_rep,wal_distance,block_distance,io_depth
1788881785.332934,2026-09-08 00:19:31.359334+00,0,0,0,0,0,0,0,0,0
1788881845.406962,2026-09-08 00:19:31.359334+00,0,0,0,0,0,0,0,0,0
1788881905.468960,2026-09-08 00:19:31.359334+00,0,0,0,0,0,0,0,0,0
1788881965.607035,2026-09-08 00:19:31.359334+00,0,0,0,0,0,0,0,0,0
1788882025.691467,2026-09-08 00:19:31.359334+00,0,0,0,0,0,0,0,0,0
1788882085.767659,2026-09-08 00:19:31.359334+00,0,0,0,0,0,0,0,0,0
1788882145.877006,2026-09-08 00:19:31.359334+00,0,0,0,0,0,0,0,0,0
1788882205.945666,2026-09-08 00:19:31.359334+00,0,0,0,0,0,0,0,0,0
1788882266.038460,2026-09-08 00:19:31.359334+00,0,0,0,0,0,0,0,0,0
1788882326.122143,2026-09-08 00:19:31.359334+00,0,0,0,0,0,0,0,0,0
1788882386.253558,2026-09-08 00:19:31.359334+00,0,0,0,0,0,0,0,0,0
1788882446.319324,2026-09-08 00:19:31.359334+00,0,0,0,0,0,0,0,0,0
1788882506.435676,2026-09-08 00:19:31.359334+00,0,0,0,0,0,0,0,0,0
1788882566.542205,2026-09-08 00:19:31.359334+00,0,0,0,0,0,0,0,0,0
1788882626.639812,2026-09-08 00:19:31.359334+00,0,0,0,0,0,0,0,0,0
1788882686.722022,2026-09-08 00:19:31.359334+00,0,0,0,0,0,0,0,0,0
1788882746.801222,2026-09-08 00:19:31.359334+00,0,0,0,0,0,0,0,0,0
1788882806.923254,2026-09-08 00:19:31.359334+00,0,0,0,0,0,0,0,0,0
1788882867.014358,2026-09-08 00:19:31.359334+00,0,0,0,0,0,0,0,0,0
1788882926.116104,2026-09-08 00:19:31.359334+00,0,0,0,0,0,0,0,0,0
1788882986.207691,2026-09-08 00:19:31.359334+00,0,0,0,0,0,0,0,0,0
1788883046.316128,2026-09-08 00:19:31.359334+00,0,0,0,0,0,0,0,0,0
1788883106.410119,2026-09-08 00:19:31.359334+00,0,0,0,0,0,0,0,0,0
1788883166.469814,2026-09-08 00:19:31.359334+00,0,0,0,0,0,0,0,0,0
1788883226.608332,2026-09-08 00:19:31.359334+00,0,0,0,0,0,0,0,0,0
1788883286.646984,2026-09-08 00:19:31.359334+00,0,0,0,0,0,0,0,0,0
1788883346.759728,2026-09-08 00:19:31.359334+00,0,0,0,0,0,0,0,0,0
1788883406.829487,2026-09-08 00:19:31.359334+00,0,0,0,0,0,0,0,0,0
1788883466.936570,2026-09-08 00:19:31.359334+00,0,0,0,0,0,0,0,0,0
1788883527.011983,2026-09-08 00:19:31.359334+00,0,0,0,0,0,0,0,0,0
1788883586.143655,2026-09-08 00:19:31.359334+00,0,0,0,0,0,0,0,0,0
1788883646.232905,2026-09-08 00:19:31.359334+00,0,0,0,0,0,0,0,0,0
1788883706.310688,2026-09-08 00:19:31.359334+00,0,0,0,0,0,0,0,0,0
1788883766.412276,2026-09-08 00:19:31.359334+00,0,0,0,0,0,0,0,0,0
1788883826.529169,2026-09-08 00:19:31.359334+00,0,0,0,0,0,0,0,0,0
1788883886.621420,2026-09-08 00:19:31.359334+00,0,0,0,0,0,0,0,0,0
1788883946.695282,2026-09-08 00:19:31.359334+00,0,0,0,0,0,0,0,0,0
1788884006.769009,2026-09-08 00:19:31.359334+00,0,0,0,0,0,0,0,0,0
1788884066.861305,2026-09-08 00:19:31.359334+00,0,0,0,0,0,0,0,0,0
1788884126.981090,2026-09-08 00:19:31.359334+00,0,0,0,0,0,0,0,0,0
1788884186.041653,2026-09-08 00:19:31.359334+00,0,0,0,0,0,0,0,0,0
1788884246.162235,2026-09-08 00:19:31.359334+00,0,0,0,0,0,0,0,0,0
1788884306.259027,2026-09-08 00:19:31.359334+00,0,0,0,0,0,0,0,0,0
1788884366.354750,2026-09-08 00:19:31.359334+00,0,0,0,0,0,0,0,0,0
1788884426.440872,2026-09-08 00:19:31.359334+00,0,0,0,0,0,0,0,0,0
1788884486.553591,2026-09-08 00:19:31.359334+00,0,0,0,0,0,0,0,0,0
1788884546.619715,2026-09-08 00:19:31.359334+00,0,0,0,0,0,0,0,0,0
1788884606.704153,2026-09-08 00:19:31.359334+00,0,0,0,0,0,0,0,0,0
1788884666.810285,2026-09-08 00:19:31.359334+00,0,0,0,0,0,0,0,0,0
1788884726.900725,2026-09-08 00:19:31.359334+00,0,0,0,0,0,0,0,0,0
1788884786.978875,2026-09-08 00:19:31.359334+00,0,0,0,0,0,0,0,0,0
1788884846.076574,2026-09-08 00:19:31.359334+00,0,0,0,0,0,0,0,0,0
1788884906.194432,2026-09-08 00:19:31.359334+00,0,0,0,0,0,0,0,0,0
1788884966.280598,2026-09-08 00:19:31.359334+00,0,0,0,0,0,0,0,0,0
1788885026.386316,2026-09-08 00:19:31.359334+00,0,0,0,0,0,0,0,0,0
1788885086.459852,2026-09-08 00:19:31.359334+00,0,0,0,0,0,0,0,0,0
1788885146.557058,2026-09-08 00:19:31.359334+00,0,0,0,0,0,0,0,0,0
1788885206.683759,2026-09-08 00:19:31.359334+00,0,0,0,0,0,0,0,0,0
1788885266.779082,2026-09-08 00:19:31.359334+00,0,0,0,0,0,0,0,0,0
1788885326.868709,2026-09-08 00:19:31.359334+00,0,0,0,0,0,0,0,0,0
1788885386.962808,2026-09-08 00:19:31.359334+00,0,0,0,0,0,0,0,0,0
1788885446.050496,2026-09-08 00:19:31.359334+00,0,0,0,0,0,0,0,0,0
