ctime,pid,gss_authenticated,principal,encrypted,credentials_delegated
1788983141.387199,3374576,f,,f,f
1788983141.387199,3374575,f,,f,f
1788983141.387199,3374553,f,,f,f
1788983141.387199,3374578,f,,f,f
1788983141.387199,3374577,f,,f,f
1788983141.387199,3374571,f,,f,f
1788983141.387199,3374573,f,,f,f
1788983141.387199,3374580,f,,f,f
1788983141.387199,3374579,f,,f,f
1788983141.387199,3374572,f,,f,f
1788983201.440772,3374622,f,,f,f
1788983201.440772,3374631,f,,f,f
1788983201.440772,3374684,f,,f,f
1788983201.440772,3374756,f,,f,f
1788983201.440772,3374621,f,,f,f
1788983201.440772,3374680,f,,f,f
1788983201.440772,3374726,f,,f,f
1788983201.440772,3374720,f,,f,f
1788983201.440772,3374620,f,,f,f
1788983201.440772,3374852,f,,f,f
1788983201.440772,3374734,f,,f,f
1788983201.440772,3374710,f,,f,f
1788983201.440772,3374633,f,,f,f
1788983201.440772,3374657,f,,f,f
1788983201.440772,3374632,f,,f,f
1788983201.440772,3374804,f,,f,f
1788983201.440772,3374716,f,,f,f
1788983201.440772,3374859,f,,f,f
1788983201.440772,3374628,f,,f,f
1788983201.440772,3374689,f,,f,f
1788983201.440772,3374626,f,,f,f
1788983201.440772,3374851,f,,f,f
1788983201.440772,3374854,f,,f,f
1788983201.440772,3374767,f,,f,f
1788983201.440772,3374857,f,,f,f
1788983201.440772,3374856,f,,f,f
1788983201.440772,3374703,f,,f,f
1788983201.440772,3374858,f,,f,f
1788983201.440772,3374746,f,,f,f
1788983201.440772,3374855,f,,f,f
1788983201.440772,3374624,f,,f,f
1788983201.440772,3374617,f,,f,f
1788983201.440772,3374634,f,,f,f
1788983201.440772,3374629,f,,f,f
1788983201.440772,3374630,f,,f,f
1788983201.440772,3374625,f,,f,f
1788983201.440772,3374795,f,,f,f
1788983201.440772,3374850,f,,f,f
1788983201.440772,3374777,f,,f,f
1788983201.440772,3374619,f,,f,f
1788983201.440772,3374623,f,,f,f
1788983201.440772,3374627,f,,f,f
1788983261.493281,3374622,f,,f,f
1788983261.493281,3374631,f,,f,f
1788983261.493281,3374684,f,,f,f
1788983261.493281,3374756,f,,f,f
1788983261.493281,3374621,f,,f,f
1788983261.493281,3374680,f,,f,f
1788983261.493281,3375067,f,,f,f
1788983261.493281,3374726,f,,f,f
1788983261.493281,3374720,f,,f,f
1788983261.493281,3374620,f,,f,f
1788983261.493281,3375075,f,,f,f
1788983261.493281,3374734,f,,f,f
1788983261.493281,3374710,f,,f,f
1788983261.493281,3375070,f,,f,f
1788983261.493281,3374633,f,,f,f
1788983261.493281,3374657,f,,f,f
1788983261.493281,3374632,f,,f,f
1788983261.493281,3374804,f,,f,f
1788983261.493281,3374716,f,,f,f
1788983261.493281,3374628,f,,f,f
1788983261.493281,3375074,f,,f,f
1788983261.493281,3375076,f,,f,f
1788983261.493281,3375073,f,,f,f
1788983261.493281,3374689,f,,f,f
1788983261.493281,3374626,f,,f,f
1788983261.493281,3374767,f,,f,f
1788983261.493281,3375069,f,,f,f
1788983261.493281,3375068,f,,f,f
1788983261.493281,3374703,f,,f,f
1788983261.493281,3375072,f,,f,f
1788983261.493281,3374746,f,,f,f
1788983261.493281,3375071,f,,f,f
1788983261.493281,3374624,f,,f,f
1788983261.493281,3374617,f,,f,f
1788983261.493281,3374634,f,,f,f
1788983261.493281,3374629,f,,f,f
1788983261.493281,3374630,f,,f,f
1788983261.493281,3374625,f,,f,f
1788983261.493281,3374795,f,,f,f
1788983261.493281,3374777,f,,f,f
1788983261.493281,3374619,f,,f,f
1788983261.493281,3374623,f,,f,f
1788983261.493281,3374627,f,,f,f
1788983321.543872,3374622,f,,f,f
1788983321.543872,3374631,f,,f,f
1788983321.543872,3374684,f,,f,f
1788983321.543872,3374756,f,,f,f
1788983321.543872,3374621,f,,f,f
1788983321.543872,3374680,f,,f,f
1788983321.543872,3375258,f,,f,f
1788983321.543872,3374726,f,,f,f
1788983321.543872,3375242,f,,f,f
1788983321.543872,3375254,f,,f,f
1788983321.543872,3374720,f,,f,f
1788983321.543872,3374620,f,,f,f
1788983321.543872,3374734,f,,f,f
1788983321.543872,3374710,f,,f,f
1788983321.543872,3375260,f,,f,f
1788983321.543872,3374633,f,,f,f
1788983321.543872,3374657,f,,f,f
1788983321.543872,3374632,f,,f,f
1788983321.543872,3374804,f,,f,f
1788983321.543872,3375259,f,,f,f
1788983321.543872,3374716,f,,f,f
1788983321.543872,3375261,f,,f,f
1788983321.543872,3374628,f,,f,f
1788983321.543872,3374689,f,,f,f
1788983321.543872,3374626,f,,f,f
1788983321.543872,3374767,f,,f,f
1788983321.543872,3375257,f,,f,f
1788983321.543872,3374703,f,,f,f
1788983321.543872,3374746,f,,f,f
1788983321.543872,3374624,f,,f,f
1788983321.543872,3374617,f,,f,f
1788983321.543872,3374634,f,,f,f
1788983321.543872,3374629,f,,f,f
1788983321.543872,3374630,f,,f,f
1788983321.543872,3374625,f,,f,f
1788983321.543872,3375252,f,,f,f
1788983321.543872,3374795,f,,f,f
1788983321.543872,3375256,f,,f,f
1788983321.543872,3374777,f,,f,f
1788983321.543872,3374619,f,,f,f
1788983321.543872,3374623,f,,f,f
1788983321.543872,3374627,f,,f,f
1788983381.599267,3374622,f,,f,f
1788983381.599267,3374631,f,,f,f
1788983381.599267,3374684,f,,f,f
1788983381.599267,3374756,f,,f,f
1788983381.599267,3374621,f,,f,f
1788983381.599267,3375459,f,,f,f
1788983381.599267,3374680,f,,f,f
1788983381.599267,3375460,f,,f,f
1788983381.599267,3374726,f,,f,f
1788983381.599267,3374720,f,,f,f
1788983381.599267,3375457,f,,f,f
1788983381.599267,3374620,f,,f,f
1788983381.599267,3374734,f,,f,f
1788983381.599267,3374710,f,,f,f
1788983381.599267,3374633,f,,f,f
1788983381.599267,3374657,f,,f,f
1788983381.599267,3374632,f,,f,f
1788983381.599267,3374804,f,,f,f
1788983381.599267,3374716,f,,f,f
1788983381.599267,3375463,f,,f,f
1788983381.599267,3374628,f,,f,f
1788983381.599267,3375462,f,,f,f
1788983381.599267,3375458,f,,f,f
1788983381.599267,3374689,f,,f,f
1788983381.599267,3374626,f,,f,f
1788983381.599267,3374767,f,,f,f
1788983381.599267,3375461,f,,f,f
1788983381.599267,3374703,f,,f,f
1788983381.599267,3374746,f,,f,f
1788983381.599267,3374624,f,,f,f
1788983381.599267,3374617,f,,f,f
1788983381.599267,3374634,f,,f,f
1788983381.599267,3374629,f,,f,f
1788983381.599267,3374630,f,,f,f
1788983381.599267,3374625,f,,f,f
1788983381.599267,3374795,f,,f,f
1788983381.599267,3374777,f,,f,f
1788983381.599267,3374619,f,,f,f
1788983381.599267,3374623,f,,f,f
1788983381.599267,3374627,f,,f,f
1788983441.652076,3374622,f,,f,f
1788983441.652076,3374631,f,,f,f
1788983441.652076,3374684,f,,f,f
1788983441.652076,3374756,f,,f,f
1788983441.652076,3374621,f,,f,f
1788983441.652076,3374680,f,,f,f
1788983441.652076,3374726,f,,f,f
1788983441.652076,3374720,f,,f,f
1788983441.652076,3374620,f,,f,f
1788983441.652076,3374734,f,,f,f
1788983441.652076,3374710,f,,f,f
1788983441.652076,3374633,f,,f,f
1788983441.652076,3374657,f,,f,f
1788983441.652076,3375666,f,,f,f
1788983441.652076,3375675,f,,f,f
1788983441.652076,3374632,f,,f,f
1788983441.652076,3374804,f,,f,f
1788983441.652076,3374716,f,,f,f
1788983441.652076,3374628,f,,f,f
1788983441.652076,3375673,f,,f,f
1788983441.652076,3374689,f,,f,f
1788983441.652076,3374626,f,,f,f
1788983441.652076,3374767,f,,f,f
1788983441.652076,3374703,f,,f,f
1788983441.652076,3374746,f,,f,f
1788983441.652076,3374624,f,,f,f
1788983441.652076,3374617,f,,f,f
1788983441.652076,3374634,f,,f,f
1788983441.652076,3374629,f,,f,f
1788983441.652076,3374630,f,,f,f
1788983441.652076,3374625,f,,f,f
1788983441.652076,3374795,f,,f,f
1788983441.652076,3374777,f,,f,f
1788983441.652076,3374619,f,,f,f
1788983441.652076,3374623,f,,f,f
1788983441.652076,3375669,f,,f,f
1788983441.652076,3374627,f,,f,f
1788983501.705443,3374622,f,,f,f
1788983501.705443,3374631,f,,f,f
1788983501.705443,3374684,f,,f,f
1788983501.705443,3374756,f,,f,f
1788983501.705443,3374621,f,,f,f
1788983501.705443,3374680,f,,f,f
1788983501.705443,3374726,f,,f,f
1788983501.705443,3375891,f,,f,f
1788983501.705443,3374720,f,,f,f
1788983501.705443,3375893,f,,f,f
1788983501.705443,3374620,f,,f,f
1788983501.705443,3375895,f,,f,f
1788983501.705443,3374734,f,,f,f
1788983501.705443,3374710,f,,f,f
1788983501.705443,3374633,f,,f,f
1788983501.705443,3374657,f,,f,f
1788983501.705443,3374632,f,,f,f
1788983501.705443,3374804,f,,f,f
1788983501.705443,3374716,f,,f,f
1788983501.705443,3374628,f,,f,f
1788983501.705443,3375892,f,,f,f
1788983501.705443,3375881,f,,f,f
1788983501.705443,3375896,f,,f,f
1788983501.705443,3375890,f,,f,f
1788983501.705443,3375894,f,,f,f
1788983501.705443,3375889,f,,f,f
1788983501.705443,3374689,f,,f,f
1788983501.705443,3374626,f,,f,f
1788983501.705443,3374767,f,,f,f
1788983501.705443,3374703,f,,f,f
1788983501.705443,3374746,f,,f,f
1788983501.705443,3374624,f,,f,f
1788983501.705443,3374617,f,,f,f
1788983501.705443,3374634,f,,f,f
1788983501.705443,3374629,f,,f,f
1788983501.705443,3374630,f,,f,f
1788983501.705443,3374625,f,,f,f
1788983501.705443,3374795,f,,f,f
1788983501.705443,3375883,f,,f,f
1788983501.705443,3375882,f,,f,f
1788983501.705443,3374777,f,,f,f
1788983501.705443,3374619,f,,f,f
1788983501.705443,3374623,f,,f,f
1788983501.705443,3374627,f,,f,f
1788983561.756662,3376072,f,,f,f
1788983561.756662,3374622,f,,f,f
1788983561.756662,3374631,f,,f,f
1788983561.756662,3374684,f,,f,f
1788983561.756662,3374756,f,,f,f
1788983561.756662,3374621,f,,f,f
1788983561.756662,3374680,f,,f,f
1788983561.756662,3374726,f,,f,f
1788983561.756662,3376070,f,,f,f
1788983561.756662,3374720,f,,f,f
1788983561.756662,3374620,f,,f,f
1788983561.756662,3374734,f,,f,f
1788983561.756662,3374710,f,,f,f
1788983561.756662,3374633,f,,f,f
1788983561.756662,3374657,f,,f,f
1788983561.756662,3376063,f,,f,f
1788983561.756662,3374632,f,,f,f
1788983561.756662,3374804,f,,f,f
1788983561.756662,3374716,f,,f,f
1788983561.756662,3374628,f,,f,f
1788983561.756662,3376067,f,,f,f
1788983561.756662,3376076,f,,f,f
1788983561.756662,3374689,f,,f,f
1788983561.756662,3374626,f,,f,f
1788983561.756662,3374767,f,,f,f
1788983561.756662,3376074,f,,f,f
1788983561.756662,3376071,f,,f,f
1788983561.756662,3374703,f,,f,f
1788983561.756662,3374746,f,,f,f
1788983561.756662,3376073,f,,f,f
1788983561.756662,3374624,f,,f,f
1788983561.756662,3374617,f,,f,f
1788983561.756662,3376075,f,,f,f
1788983561.756662,3374634,f,,f,f
1788983561.756662,3374629,f,,f,f
1788983561.756662,3374630,f,,f,f
1788983561.756662,3374625,f,,f,f
1788983561.756662,3376068,f,,f,f
1788983561.756662,3374795,f,,f,f
1788983561.756662,3374777,f,,f,f
1788983561.756662,3374619,f,,f,f
1788983561.756662,3374623,f,,f,f
1788983561.756662,3374627,f,,f,f
1788983621.804326,3376281,f,,f,f
1788983621.804326,3374622,f,,f,f
1788983621.804326,3374631,f,,f,f
1788983621.804326,3374684,f,,f,f
1788983621.804326,3374756,f,,f,f
1788983621.804326,3374621,f,,f,f
1788983621.804326,3374680,f,,f,f
1788983621.804326,3376264,f,,f,f
1788983621.804326,3374726,f,,f,f
1788983621.804326,3376282,f,,f,f
1788983621.804326,3374720,f,,f,f
1788983621.804326,3376275,f,,f,f
1788983621.804326,3374620,f,,f,f
1788983621.804326,3374734,f,,f,f
1788983621.804326,3374710,f,,f,f
1788983621.804326,3374633,f,,f,f
1788983621.804326,3374657,f,,f,f
1788983621.804326,3374632,f,,f,f
1788983621.804326,3374804,f,,f,f
1788983621.804326,3374716,f,,f,f
1788983621.804326,3374628,f,,f,f
1788983621.804326,3374689,f,,f,f
1788983621.804326,3374626,f,,f,f
1788983621.804326,3374767,f,,f,f
1788983621.804326,3374703,f,,f,f
1788983621.804326,3376263,f,,f,f
1788983621.804326,3374746,f,,f,f
1788983621.804326,3374624,f,,f,f
1788983621.804326,3374617,f,,f,f
1788983621.804326,3374634,f,,f,f
1788983621.804326,3374629,f,,f,f
1788983621.804326,3374630,f,,f,f
1788983621.804326,3374625,f,,f,f
1788983621.804326,3374795,f,,f,f
1788983621.804326,3376266,f,,f,f
1788983621.804326,3374777,f,,f,f
1788983621.804326,3374619,f,,f,f
1788983621.804326,3374623,f,,f,f
1788983621.804326,3374627,f,,f,f
1788983681.862296,3374622,f,,f,f
1788983681.862296,3374631,f,,f,f
1788983681.862296,3374684,f,,f,f
1788983681.862296,3374756,f,,f,f
1788983681.862296,3374621,f,,f,f
1788983681.862296,3374680,f,,f,f
1788983681.862296,3374726,f,,f,f
1788983681.862296,3376463,f,,f,f
1788983681.862296,3374720,f,,f,f
1788983681.862296,3374620,f,,f,f
1788983681.862296,3374734,f,,f,f
1788983681.862296,3374710,f,,f,f
1788983681.862296,3374633,f,,f,f
1788983681.862296,3374657,f,,f,f
1788983681.862296,3374632,f,,f,f
1788983681.862296,3374804,f,,f,f
1788983681.862296,3374716,f,,f,f
1788983681.862296,3374628,f,,f,f
1788983681.862296,3376478,f,,f,f
1788983681.862296,3374689,f,,f,f
1788983681.862296,3374626,f,,f,f
1788983681.862296,3374767,f,,f,f
1788983681.862296,3376480,f,,f,f
1788983681.862296,3374703,f,,f,f
1788983681.862296,3376479,f,,f,f
1788983681.862296,3374746,f,,f,f
1788983681.862296,3374624,f,,f,f
1788983681.862296,3374617,f,,f,f
1788983681.862296,3374634,f,,f,f
1788983681.862296,3374629,f,,f,f
1788983681.862296,3374630,f,,f,f
1788983681.862296,3374625,f,,f,f
1788983681.862296,3374795,f,,f,f
1788983681.862296,3376481,f,,f,f
1788983681.862296,3374777,f,,f,f
1788983681.862296,3374619,f,,f,f
1788983681.862296,3374623,f,,f,f
1788983681.862296,3374627,f,,f,f
1788983681.862296,3376472,f,,f,f
1788983741.912682,3374622,f,,f,f
1788983741.912682,3374631,f,,f,f
1788983741.912682,3374684,f,,f,f
1788983741.912682,3374756,f,,f,f
1788983741.912682,3374621,f,,f,f
1788983741.912682,3374680,f,,f,f
1788983741.912682,3374726,f,,f,f
1788983741.912682,3374720,f,,f,f
1788983741.912682,3374620,f,,f,f
1788983741.912682,3374734,f,,f,f
1788983741.912682,3374710,f,,f,f
1788983741.912682,3376689,f,,f,f
1788983741.912682,3374633,f,,f,f
1788983741.912682,3374657,f,,f,f
1788983741.912682,3376686,f,,f,f
1788983741.912682,3376692,f,,f,f
1788983741.912682,3374632,f,,f,f
1788983741.912682,3374804,f,,f,f
1788983741.912682,3376690,f,,f,f
1788983741.912682,3374716,f,,f,f
1788983741.912682,3374628,f,,f,f
1788983741.912682,3376684,f,,f,f
1788983741.912682,3376691,f,,f,f
1788983741.912682,3376677,f,,f,f
1788983741.912682,3374689,f,,f,f
1788983741.912682,3374626,f,,f,f
1788983741.912682,3374767,f,,f,f
1788983741.912682,3376688,f,,f,f
1788983741.912682,3374703,f,,f,f
1788983741.912682,3376685,f,,f,f
1788983741.912682,3374746,f,,f,f
1788983741.912682,3374624,f,,f,f
1788983741.912682,3374617,f,,f,f
1788983741.912682,3374634,f,,f,f
1788983741.912682,3374629,f,,f,f
1788983741.912682,3374630,f,,f,f
1788983741.912682,3374625,f,,f,f
1788983741.912682,3374795,f,,f,f
1788983741.912682,3374777,f,,f,f
1788983741.912682,3374619,f,,f,f
1788983741.912682,3374623,f,,f,f
1788983741.912682,3376687,f,,f,f
1788983741.912682,3374627,f,,f,f
1788983801.972091,3374622,f,,f,f
1788983801.972091,3374631,f,,f,f
1788983801.972091,3374684,f,,f,f
1788983801.972091,3374756,f,,f,f
1788983801.972091,3374621,f,,f,f
1788983801.972091,3374680,f,,f,f
1788983801.972091,3374726,f,,f,f
1788983801.972091,3374720,f,,f,f
1788983801.972091,3374620,f,,f,f
1788983801.972091,3376881,f,,f,f
1788983801.972091,3376889,f,,f,f
1788983801.972091,3374734,f,,f,f
1788983801.972091,3376887,f,,f,f
1788983801.972091,3374710,f,,f,f
1788983801.972091,3376884,f,,f,f
1788983801.972091,3374633,f,,f,f
1788983801.972091,3374657,f,,f,f
1788983801.972091,3374632,f,,f,f
1788983801.972091,3374804,f,,f,f
1788983801.972091,3374716,f,,f,f
1788983801.972091,3374628,f,,f,f
1788983801.972091,3376886,f,,f,f
1788983801.972091,3374689,f,,f,f
1788983801.972091,3374626,f,,f,f
1788983801.972091,3374767,f,,f,f
1788983801.972091,3376892,f,,f,f
1788983801.972091,3374703,f,,f,f
1788983801.972091,3376888,f,,f,f
1788983801.972091,3374746,f,,f,f
1788983801.972091,3376891,f,,f,f
1788983801.972091,3376880,f,,f,f
1788983801.972091,3374624,f,,f,f
1788983801.972091,3374617,f,,f,f
1788983801.972091,3374634,f,,f,f
1788983801.972091,3374629,f,,f,f
1788983801.972091,3374630,f,,f,f
1788983801.972091,3374625,f,,f,f
1788983801.972091,3374795,f,,f,f
1788983801.972091,3374777,f,,f,f
1788983801.972091,3374619,f,,f,f
1788983801.972091,3376890,f,,f,f
1788983801.972091,3374623,f,,f,f
1788983801.972091,3374627,f,,f,f
1788983861.018973,3374622,f,,f,f
1788983861.018973,3374631,f,,f,f
1788983861.018973,3374684,f,,f,f
1788983861.018973,3374756,f,,f,f
1788983861.018973,3374621,f,,f,f
1788983861.018973,3377109,f,,f,f
1788983861.018973,3374680,f,,f,f
1788983861.018973,3377118,f,,f,f
1788983861.018973,3374726,f,,f,f
1788983861.018973,3374720,f,,f,f
1788983861.018973,3374620,f,,f,f
1788983861.018973,3377117,f,,f,f
1788983861.018973,3374734,f,,f,f
1788983861.018973,3374710,f,,f,f
1788983861.018973,3374633,f,,f,f
1788983861.018973,3374657,f,,f,f
1788983861.018973,3377111,f,,f,f
1788983861.018973,3374632,f,,f,f
1788983861.018973,3374804,f,,f,f
1788983861.018973,3377120,f,,f,f
1788983861.018973,3377110,f,,f,f
1788983861.018973,3377119,f,,f,f
1788983861.018973,3374716,f,,f,f
1788983861.018973,3374628,f,,f,f
1788983861.018973,3377121,f,,f,f
1788983861.018973,3377116,f,,f,f
1788983861.018973,3374689,f,,f,f
1788983861.018973,3374626,f,,f,f
1788983861.018973,3374767,f,,f,f
1788983861.018973,3377105,f,,f,f
1788983861.018973,3377122,f,,f,f
1788983861.018973,3377112,f,,f,f
1788983861.018973,3374703,f,,f,f
1788983861.018973,3374746,f,,f,f
1788983861.018973,3374624,f,,f,f
1788983861.018973,3374617,f,,f,f
1788983861.018973,3374634,f,,f,f
1788983861.018973,3374629,f,,f,f
1788983861.018973,3374630,f,,f,f
1788983861.018973,3374625,f,,f,f
1788983861.018973,3374795,f,,f,f
1788983861.018973,3374777,f,,f,f
1788983861.018973,3374619,f,,f,f
1788983861.018973,3374623,f,,f,f
1788983861.018973,3374627,f,,f,f
1788983921.073823,3377336,f,,f,f
1788983921.073823,3374622,f,,f,f
1788983921.073823,3374631,f,,f,f
1788983921.073823,3374684,f,,f,f
1788983921.073823,3377346,f,,f,f
1788983921.073823,3374756,f,,f,f
1788983921.073823,3374621,f,,f,f
1788983921.073823,3374680,f,,f,f
1788983921.073823,3374726,f,,f,f
1788983921.073823,3374720,f,,f,f
1788983921.073823,3374620,f,,f,f
1788983921.073823,3377352,f,,f,f
1788983921.073823,3374734,f,,f,f
1788983921.073823,3377351,f,,f,f
1788983921.073823,3374710,f,,f,f
1788983921.073823,3374633,f,,f,f
1788983921.073823,3374657,f,,f,f
1788983921.073823,3377337,f,,f,f
1788983921.073823,3374632,f,,f,f
1788983921.073823,3374804,f,,f,f
1788983921.073823,3374716,f,,f,f
1788983921.073823,3377350,f,,f,f
1788983921.073823,3374628,f,,f,f
1788983921.073823,3377348,f,,f,f
1788983921.073823,3374689,f,,f,f
1788983921.073823,3374626,f,,f,f
1788983921.073823,3374767,f,,f,f
1788983921.073823,3377349,f,,f,f
1788983921.073823,3377329,f,,f,f
1788983921.073823,3377347,f,,f,f
1788983921.073823,3374703,f,,f,f
1788983921.073823,3377339,f,,f,f
1788983921.073823,3374746,f,,f,f
1788983921.073823,3374624,f,,f,f
1788983921.073823,3374617,f,,f,f
1788983921.073823,3374634,f,,f,f
1788983921.073823,3377341,f,,f,f
1788983921.073823,3374629,f,,f,f
1788983921.073823,3374630,f,,f,f
1788983921.073823,3374625,f,,f,f
1788983921.073823,3374795,f,,f,f
1788983921.073823,3374777,f,,f,f
1788983921.073823,3374619,f,,f,f
1788983921.073823,3374623,f,,f,f
1788983921.073823,3374627,f,,f,f
1788983921.073823,3377340,f,,f,f
1788983981.117273,3374622,f,,f,f
1788983981.117273,3374631,f,,f,f
1788983981.117273,3374684,f,,f,f
1788983981.117273,3374756,f,,f,f
1788983981.117273,3374621,f,,f,f
1788983981.117273,3374680,f,,f,f
1788983981.117273,3374726,f,,f,f
1788983981.117273,3374720,f,,f,f
1788983981.117273,3374620,f,,f,f
1788983981.117273,3374734,f,,f,f
1788983981.117273,3374710,f,,f,f
1788983981.117273,3377554,f,,f,f
1788983981.117273,3374633,f,,f,f
1788983981.117273,3374657,f,,f,f
1788983981.117273,3377557,f,,f,f
1788983981.117273,3374632,f,,f,f
1788983981.117273,3374804,f,,f,f
1788983981.117273,3377551,f,,f,f
1788983981.117273,3374716,f,,f,f
1788983981.117273,3374628,f,,f,f
1788983981.117273,3377552,f,,f,f
1788983981.117273,3374689,f,,f,f
1788983981.117273,3374626,f,,f,f
1788983981.117273,3374767,f,,f,f
1788983981.117273,3374703,f,,f,f
1788983981.117273,3377553,f,,f,f
1788983981.117273,3377555,f,,f,f
1788983981.117273,3374746,f,,f,f
1788983981.117273,3377544,f,,f,f
1788983981.117273,3374624,f,,f,f
1788983981.117273,3374617,f,,f,f
1788983981.117273,3374634,f,,f,f
1788983981.117273,3374629,f,,f,f
1788983981.117273,3374630,f,,f,f
1788983981.117273,3374625,f,,f,f
1788983981.117273,3374795,f,,f,f
1788983981.117273,3374777,f,,f,f
1788983981.117273,3374619,f,,f,f
1788983981.117273,3374623,f,,f,f
1788983981.117273,3374627,f,,f,f
1788983981.117273,3377548,f,,f,f
1788984041.174214,3374622,f,,f,f
1788984041.174214,3374631,f,,f,f
1788984041.174214,3374684,f,,f,f
1788984041.174214,3374756,f,,f,f
1788984041.174214,3374621,f,,f,f
1788984041.174214,3377788,f,,f,f
1788984041.174214,3374680,f,,f,f
1788984041.174214,3374726,f,,f,f
1788984041.174214,3374720,f,,f,f
1788984041.174214,3377790,f,,f,f
1788984041.174214,3374620,f,,f,f
1788984041.174214,3374734,f,,f,f
1788984041.174214,3374710,f,,f,f
1788984041.174214,3374633,f,,f,f
1788984041.174214,3374657,f,,f,f
1788984041.174214,3374632,f,,f,f
1788984041.174214,3374804,f,,f,f
1788984041.174214,3377789,f,,f,f
1788984041.174214,3374716,f,,f,f
1788984041.174214,3374628,f,,f,f
1788984041.174214,3377784,f,,f,f
1788984041.174214,3377787,f,,f,f
1788984041.174214,3377791,f,,f,f
1788984041.174214,3374689,f,,f,f
1788984041.174214,3374626,f,,f,f
1788984041.174214,3374767,f,,f,f
1788984041.174214,3377786,f,,f,f
1788984041.174214,3374703,f,,f,f
1788984041.174214,3377785,f,,f,f
1788984041.174214,3374746,f,,f,f
1788984041.174214,3374624,f,,f,f
1788984041.174214,3374617,f,,f,f
1788984041.174214,3374634,f,,f,f
1788984041.174214,3374629,f,,f,f
1788984041.174214,3374630,f,,f,f
1788984041.174214,3374625,f,,f,f
1788984041.174214,3374795,f,,f,f
1788984041.174214,3374777,f,,f,f
1788984041.174214,3374619,f,,f,f
1788984041.174214,3374623,f,,f,f
1788984041.174214,3374627,f,,f,f
1788984101.231103,3374622,f,,f,f
1788984101.231103,3374631,f,,f,f
1788984101.231103,3374684,f,,f,f
1788984101.231103,3374756,f,,f,f
1788984101.231103,3374621,f,,f,f
1788984101.231103,3374680,f,,f,f
1788984101.231103,3374726,f,,f,f
1788984101.231103,3374720,f,,f,f
1788984101.231103,3374620,f,,f,f
1788984101.231103,3374734,f,,f,f
1788984101.231103,3374710,f,,f,f
1788984101.231103,3377977,f,,f,f
1788984101.231103,3374633,f,,f,f
1788984101.231103,3374657,f,,f,f
1788984101.231103,3377966,f,,f,f
1788984101.231103,3377971,f,,f,f
1788984101.231103,3374632,f,,f,f
1788984101.231103,3374804,f,,f,f
1788984101.231103,3374716,f,,f,f
1788984101.231103,3374628,f,,f,f
1788984101.231103,3377981,f,,f,f
1788984101.231103,3374689,f,,f,f
1788984101.231103,3374626,f,,f,f
1788984101.231103,3374767,f,,f,f
1788984101.231103,3377979,f,,f,f
1788984101.231103,3377976,f,,f,f
1788984101.231103,3377973,f,,f,f
1788984101.231103,3377975,f,,f,f
1788984101.231103,3374703,f,,f,f
1788984101.231103,3377978,f,,f,f
1788984101.231103,3374746,f,,f,f
1788984101.231103,3377974,f,,f,f
1788984101.231103,3374624,f,,f,f
1788984101.231103,3374617,f,,f,f
1788984101.231103,3374634,f,,f,f
1788984101.231103,3374629,f,,f,f
1788984101.231103,3374630,f,,f,f
1788984101.231103,3374625,f,,f,f
1788984101.231103,3374795,f,,f,f
1788984101.231103,3374777,f,,f,f
1788984101.231103,3374619,f,,f,f
1788984101.231103,3374623,f,,f,f
1788984101.231103,3374627,f,,f,f
1788984161.276082,3374622,f,,f,f
1788984161.276082,3374631,f,,f,f
1788984161.276082,3374684,f,,f,f
1788984161.276082,3374756,f,,f,f
1788984161.276082,3374621,f,,f,f
1788984161.276082,3374680,f,,f,f
1788984161.276082,3374726,f,,f,f
1788984161.276082,3374720,f,,f,f
1788984161.276082,3374620,f,,f,f
1788984161.276082,3378162,f,,f,f
1788984161.276082,3378175,f,,f,f
1788984161.276082,3378160,f,,f,f
1788984161.276082,3374734,f,,f,f
1788984161.276082,3374710,f,,f,f
1788984161.276082,3374633,f,,f,f
1788984161.276082,3374657,f,,f,f
1788984161.276082,3374632,f,,f,f
1788984161.276082,3374804,f,,f,f
1788984161.276082,3378173,f,,f,f
1788984161.276082,3374716,f,,f,f
1788984161.276082,3374628,f,,f,f
1788984161.276082,3378171,f,,f,f
1788984161.276082,3378174,f,,f,f
1788984161.276082,3378170,f,,f,f
1788984161.276082,3374689,f,,f,f
1788984161.276082,3374626,f,,f,f
1788984161.276082,3374767,f,,f,f
1788984161.276082,3374703,f,,f,f
1788984161.276082,3378168,f,,f,f
1788984161.276082,3374746,f,,f,f
1788984161.276082,3374624,f,,f,f
1788984161.276082,3374617,f,,f,f
1788984161.276082,3374634,f,,f,f
1788984161.276082,3374629,f,,f,f
1788984161.276082,3374630,f,,f,f
1788984161.276082,3378165,f,,f,f
1788984161.276082,3374625,f,,f,f
1788984161.276082,3374795,f,,f,f
1788984161.276082,3378172,f,,f,f
1788984161.276082,3374777,f,,f,f
1788984161.276082,3374619,f,,f,f
1788984161.276082,3374623,f,,f,f
1788984161.276082,3374627,f,,f,f
1788984161.276082,3378157,f,,f,f
1788984221.332484,3374622,f,,f,f
1788984221.332484,3374631,f,,f,f
1788984221.332484,3374684,f,,f,f
1788984221.332484,3378395,f,,f,f
1788984221.332484,3374756,f,,f,f
1788984221.332484,3374621,f,,f,f
1788984221.332484,3374680,f,,f,f
1788984221.332484,3374726,f,,f,f
1788984221.332484,3378393,f,,f,f
1788984221.332484,3374720,f,,f,f
1788984221.332484,3374620,f,,f,f
1788984221.332484,3374734,f,,f,f
1788984221.332484,3374710,f,,f,f
1788984221.332484,3378400,f,,f,f
1788984221.332484,3374633,f,,f,f
1788984221.332484,3374657,f,,f,f
1788984221.332484,3374632,f,,f,f
1788984221.332484,3374804,f,,f,f
1788984221.332484,3378399,f,,f,f
1788984221.332484,3374716,f,,f,f
1788984221.332484,3374628,f,,f,f
1788984221.332484,3378402,f,,f,f
1788984221.332484,3374689,f,,f,f
1788984221.332484,3374626,f,,f,f
1788984221.332484,3374767,f,,f,f
1788984221.332484,3378397,f,,f,f
1788984221.332484,3374703,f,,f,f
1788984221.332484,3374746,f,,f,f
1788984221.332484,3374624,f,,f,f
1788984221.332484,3374617,f,,f,f
1788984221.332484,3374634,f,,f,f
1788984221.332484,3374629,f,,f,f
1788984221.332484,3374630,f,,f,f
1788984221.332484,3374625,f,,f,f
1788984221.332484,3378398,f,,f,f
1788984221.332484,3374795,f,,f,f
1788984221.332484,3374777,f,,f,f
1788984221.332484,3374619,f,,f,f
1788984221.332484,3374623,f,,f,f
1788984221.332484,3374627,f,,f,f
1788984221.332484,3378401,f,,f,f
1788984281.393816,3374622,f,,f,f
1788984281.393816,3374631,f,,f,f
1788984281.393816,3374684,f,,f,f
1788984281.393816,3374756,f,,f,f
1788984281.393816,3374621,f,,f,f
1788984281.393816,3374680,f,,f,f
1788984281.393816,3374726,f,,f,f
1788984281.393816,3374720,f,,f,f
1788984281.393816,3378606,f,,f,f
1788984281.393816,3374620,f,,f,f
1788984281.393816,3374734,f,,f,f
1788984281.393816,3374710,f,,f,f
1788984281.393816,3378616,f,,f,f
1788984281.393816,3378614,f,,f,f
1788984281.393816,3374633,f,,f,f
1788984281.393816,3374657,f,,f,f
1788984281.393816,3374632,f,,f,f
1788984281.393816,3374804,f,,f,f
1788984281.393816,3374716,f,,f,f
1788984281.393816,3378613,f,,f,f
1788984281.393816,3374628,f,,f,f
1788984281.393816,3378615,f,,f,f
1788984281.393816,3374689,f,,f,f
1788984281.393816,3374626,f,,f,f
1788984281.393816,3374767,f,,f,f
1788984281.393816,3378612,f,,f,f
1788984281.393816,3374703,f,,f,f
1788984281.393816,3374746,f,,f,f
1788984281.393816,3374624,f,,f,f
1788984281.393816,3374617,f,,f,f
1788984281.393816,3374634,f,,f,f
1788984281.393816,3374629,f,,f,f
1788984281.393816,3374630,f,,f,f
1788984281.393816,3374625,f,,f,f
1788984281.393816,3374795,f,,f,f
1788984281.393816,3374777,f,,f,f
1788984281.393816,3374619,f,,f,f
1788984281.393816,3374623,f,,f,f
1788984281.393816,3374627,f,,f,f
1788984341.445370,3374622,f,,f,f
1788984341.445370,3374631,f,,f,f
1788984341.445370,3374684,f,,f,f
1788984341.445370,3374756,f,,f,f
1788984341.445370,3374621,f,,f,f
1788984341.445370,3378817,f,,f,f
1788984341.445370,3374680,f,,f,f
1788984341.445370,3374726,f,,f,f
1788984341.445370,3374720,f,,f,f
1788984341.445370,3374620,f,,f,f
1788984341.445370,3374734,f,,f,f
1788984341.445370,3378822,f,,f,f
1788984341.445370,3374710,f,,f,f
1788984341.445370,3378811,f,,f,f
1788984341.445370,3374633,f,,f,f
1788984341.445370,3374657,f,,f,f
1788984341.445370,3374632,f,,f,f
1788984341.445370,3374804,f,,f,f
1788984341.445370,3374716,f,,f,f
1788984341.445370,3374628,f,,f,f
1788984341.445370,3374689,f,,f,f
1788984341.445370,3374626,f,,f,f
1788984341.445370,3374767,f,,f,f
1788984341.445370,3378821,f,,f,f
1788984341.445370,3374703,f,,f,f
1788984341.445370,3374746,f,,f,f
1788984341.445370,3374624,f,,f,f
1788984341.445370,3374617,f,,f,f
1788984341.445370,3378820,f,,f,f
1788984341.445370,3374634,f,,f,f
1788984341.445370,3374629,f,,f,f
1788984341.445370,3374630,f,,f,f
1788984341.445370,3374625,f,,f,f
1788984341.445370,3374795,f,,f,f
1788984341.445370,3374777,f,,f,f
1788984341.445370,3374619,f,,f,f
1788984341.445370,3374623,f,,f,f
1788984341.445370,3374627,f,,f,f
1788984341.445370,3378823,f,,f,f
1788984401.498975,3379035,f,,f,f
1788984401.498975,3379036,f,,f,f
1788984401.498975,3374622,f,,f,f
1788984401.498975,3374631,f,,f,f
1788984401.498975,3374684,f,,f,f
1788984401.498975,3374756,f,,f,f
1788984401.498975,3374621,f,,f,f
1788984401.498975,3374680,f,,f,f
1788984401.498975,3374726,f,,f,f
1788984401.498975,3379031,f,,f,f
1788984401.498975,3374720,f,,f,f
1788984401.498975,3374620,f,,f,f
1788984401.498975,3374734,f,,f,f
1788984401.498975,3374710,f,,f,f
1788984401.498975,3374633,f,,f,f
1788984401.498975,3374657,f,,f,f
1788984401.498975,3374632,f,,f,f
1788984401.498975,3374804,f,,f,f
1788984401.498975,3379037,f,,f,f
1788984401.498975,3374716,f,,f,f
1788984401.498975,3374628,f,,f,f
1788984401.498975,3379021,f,,f,f
1788984401.498975,3379033,f,,f,f
1788984401.498975,3374689,f,,f,f
1788984401.498975,3374626,f,,f,f
1788984401.498975,3374767,f,,f,f
1788984401.498975,3374703,f,,f,f
1788984401.498975,3374746,f,,f,f
1788984401.498975,3379034,f,,f,f
1788984401.498975,3374624,f,,f,f
1788984401.498975,3374617,f,,f,f
1788984401.498975,3374634,f,,f,f
1788984401.498975,3374629,f,,f,f
1788984401.498975,3374630,f,,f,f
1788984401.498975,3374625,f,,f,f
1788984401.498975,3374795,f,,f,f
1788984401.498975,3374777,f,,f,f
1788984401.498975,3374619,f,,f,f
1788984401.498975,3379032,f,,f,f
1788984401.498975,3374623,f,,f,f
1788984401.498975,3374627,f,,f,f
1788984401.498975,3379030,f,,f,f
1788984461.553125,3379264,f,,f,f
1788984461.553125,3379257,f,,f,f
1788984461.553125,3374622,f,,f,f
1788984461.553125,3374631,f,,f,f
1788984461.553125,3374684,f,,f,f
1788984461.553125,3374756,f,,f,f
1788984461.553125,3374621,f,,f,f
1788984461.553125,3374680,f,,f,f
1788984461.553125,3374726,f,,f,f
1788984461.553125,3374720,f,,f,f
1788984461.553125,3374620,f,,f,f
1788984461.553125,3374734,f,,f,f
1788984461.553125,3374710,f,,f,f
1788984461.553125,3379261,f,,f,f
1788984461.553125,3374633,f,,f,f
1788984461.553125,3374657,f,,f,f
1788984461.553125,3379255,f,,f,f
1788984461.553125,3374632,f,,f,f
1788984461.553125,3374804,f,,f,f
1788984461.553125,3374716,f,,f,f
1788984461.553125,3379263,f,,f,f
1788984461.553125,3374628,f,,f,f
1788984461.553125,3379256,f,,f,f
1788984461.553125,3374689,f,,f,f
1788984461.553125,3374626,f,,f,f
1788984461.553125,3379262,f,,f,f
1788984461.553125,3374767,f,,f,f
1788984461.553125,3379260,f,,f,f
1788984461.553125,3379265,f,,f,f
1788984461.553125,3374703,f,,f,f
1788984461.553125,3379259,f,,f,f
1788984461.553125,3374746,f,,f,f
1788984461.553125,3374624,f,,f,f
1788984461.553125,3374617,f,,f,f
1788984461.553125,3374634,f,,f,f
1788984461.553125,3374629,f,,f,f
1788984461.553125,3374630,f,,f,f
1788984461.553125,3374625,f,,f,f
1788984461.553125,3374795,f,,f,f
1788984461.553125,3374777,f,,f,f
1788984461.553125,3374619,f,,f,f
1788984461.553125,3374623,f,,f,f
1788984461.553125,3374627,f,,f,f
1788984461.553125,3379258,f,,f,f
1788984521.599115,3374622,f,,f,f
1788984521.599115,3374631,f,,f,f
1788984521.599115,3374684,f,,f,f
1788984521.599115,3374756,f,,f,f
1788984521.599115,3374621,f,,f,f
1788984521.599115,3374680,f,,f,f
1788984521.599115,3374726,f,,f,f
1788984521.599115,3374720,f,,f,f
1788984521.599115,3374620,f,,f,f
1788984521.599115,3379446,f,,f,f
1788984521.599115,3374734,f,,f,f
1788984521.599115,3374710,f,,f,f
1788984521.599115,3374633,f,,f,f
1788984521.599115,3374657,f,,f,f
1788984521.599115,3379444,f,,f,f
1788984521.599115,3379448,f,,f,f
1788984521.599115,3374632,f,,f,f
1788984521.599115,3374804,f,,f,f
1788984521.599115,3374716,f,,f,f
1788984521.599115,3374628,f,,f,f
1788984521.599115,3374689,f,,f,f
1788984521.599115,3374626,f,,f,f
1788984521.599115,3374767,f,,f,f
1788984521.599115,3374703,f,,f,f
1788984521.599115,3374746,f,,f,f
1788984521.599115,3374624,f,,f,f
1788984521.599115,3374617,f,,f,f
1788984521.599115,3374634,f,,f,f
1788984521.599115,3379436,f,,f,f
1788984521.599115,3374629,f,,f,f
1788984521.599115,3374630,f,,f,f
1788984521.599115,3374625,f,,f,f
1788984521.599115,3374795,f,,f,f
1788984521.599115,3374777,f,,f,f
1788984521.599115,3374619,f,,f,f
1788984521.599115,3374623,f,,f,f
1788984521.599115,3374627,f,,f,f
1788984521.599115,3379445,f,,f,f
1788984521.599115,3379447,f,,f,f
1788984581.654164,3379679,f,,f,f
1788984581.654164,3374622,f,,f,f
1788984581.654164,3374631,f,,f,f
1788984581.654164,3374684,f,,f,f
1788984581.654164,3374756,f,,f,f
1788984581.654164,3374621,f,,f,f
1788984581.654164,3374680,f,,f,f
1788984581.654164,3374726,f,,f,f
1788984581.654164,3374720,f,,f,f
1788984581.654164,3374620,f,,f,f
1788984581.654164,3374734,f,,f,f
1788984581.654164,3379672,f,,f,f
1788984581.654164,3374710,f,,f,f
1788984581.654164,3374633,f,,f,f
1788984581.654164,3374657,f,,f,f
1788984581.654164,3379674,f,,f,f
1788984581.654164,3379678,f,,f,f
1788984581.654164,3379676,f,,f,f
1788984581.654164,3379668,f,,f,f
1788984581.654164,3374632,f,,f,f
1788984581.654164,3374804,f,,f,f
1788984581.654164,3374716,f,,f,f
1788984581.654164,3374628,f,,f,f
1788984581.654164,3379680,f,,f,f
1788984581.654164,3379670,f,,f,f
1788984581.654164,3379682,f,,f,f
1788984581.654164,3379675,f,,f,f
1788984581.654164,3374689,f,,f,f
1788984581.654164,3374626,f,,f,f
1788984581.654164,3374767,f,,f,f
1788984581.654164,3374703,f,,f,f
1788984581.654164,3374746,f,,f,f
1788984581.654164,3379673,f,,f,f
1788984581.654164,3374624,f,,f,f
1788984581.654164,3374617,f,,f,f
1788984581.654164,3374634,f,,f,f
1788984581.654164,3379665,f,,f,f
1788984581.654164,3379677,f,,f,f
1788984581.654164,3374629,f,,f,f
1788984581.654164,3374630,f,,f,f
1788984581.654164,3374625,f,,f,f
1788984581.654164,3374795,f,,f,f
1788984581.654164,3379658,f,,f,f
1788984581.654164,3374777,f,,f,f
1788984581.654164,3374619,f,,f,f
1788984581.654164,3379681,f,,f,f
1788984581.654164,3374623,f,,f,f
1788984581.654164,3374627,f,,f,f
1788984641.701875,3374622,f,,f,f
1788984641.701875,3374631,f,,f,f
1788984641.701875,3374684,f,,f,f
1788984641.701875,3374756,f,,f,f
1788984641.701875,3374621,f,,f,f
1788984641.701875,3374680,f,,f,f
1788984641.701875,3374726,f,,f,f
1788984641.701875,3379883,f,,f,f
1788984641.701875,3374720,f,,f,f
1788984641.701875,3374620,f,,f,f
1788984641.701875,3374734,f,,f,f
1788984641.701875,3379885,f,,f,f
1788984641.701875,3374710,f,,f,f
1788984641.701875,3374633,f,,f,f
1788984641.701875,3374657,f,,f,f
1788984641.701875,3379884,f,,f,f
1788984641.701875,3379873,f,,f,f
1788984641.701875,3374632,f,,f,f
1788984641.701875,3374804,f,,f,f
1788984641.701875,3374716,f,,f,f
1788984641.701875,3379867,f,,f,f
1788984641.701875,3379876,f,,f,f
1788984641.701875,3374628,f,,f,f
1788984641.701875,3379863,f,,f,f
1788984641.701875,3379879,f,,f,f
1788984641.701875,3379877,f,,f,f
1788984641.701875,3379874,f,,f,f
1788984641.701875,3374689,f,,f,f
1788984641.701875,3374626,f,,f,f
1788984641.701875,3374767,f,,f,f
1788984641.701875,3379872,f,,f,f
1788984641.701875,3374703,f,,f,f
1788984641.701875,3379878,f,,f,f
1788984641.701875,3374746,f,,f,f
1788984641.701875,3374624,f,,f,f
1788984641.701875,3374617,f,,f,f
1788984641.701875,3374634,f,,f,f
1788984641.701875,3374629,f,,f,f
1788984641.701875,3374630,f,,f,f
1788984641.701875,3379860,f,,f,f
1788984641.701875,3374625,f,,f,f
1788984641.701875,3374795,f,,f,f
1788984641.701875,3374777,f,,f,f
1788984641.701875,3374619,f,,f,f
1788984641.701875,3374623,f,,f,f
1788984641.701875,3379881,f,,f,f
1788984641.701875,3374627,f,,f,f
1788984641.701875,3379882,f,,f,f
1788984701.747974,3374622,f,,f,f
1788984701.747974,3374631,f,,f,f
1788984701.747974,3374684,f,,f,f
1788984701.747974,3374756,f,,f,f
1788984701.747974,3374621,f,,f,f
1788984701.747974,3374680,f,,f,f
1788984701.747974,3374726,f,,f,f
1788984701.747974,3374720,f,,f,f
1788984701.747974,3380083,f,,f,f
1788984701.747974,3374620,f,,f,f
1788984701.747974,3380089,f,,f,f
1788984701.747974,3374734,f,,f,f
1788984701.747974,3380092,f,,f,f
1788984701.747974,3374710,f,,f,f
1788984701.747974,3380096,f,,f,f
1788984701.747974,3374633,f,,f,f
1788984701.747974,3374657,f,,f,f
1788984701.747974,3380086,f,,f,f
1788984701.747974,3374632,f,,f,f
1788984701.747974,3374804,f,,f,f
1788984701.747974,3374716,f,,f,f
1788984701.747974,3374628,f,,f,f
1788984701.747974,3380095,f,,f,f
1788984701.747974,3380091,f,,f,f
1788984701.747974,3380087,f,,f,f
1788984701.747974,3374689,f,,f,f
1788984701.747974,3374626,f,,f,f
1788984701.747974,3380090,f,,f,f
1788984701.747974,3374767,f,,f,f
1788984701.747974,3374703,f,,f,f
1788984701.747974,3380093,f,,f,f
1788984701.747974,3380079,f,,f,f
1788984701.747974,3374746,f,,f,f
1788984701.747974,3380085,f,,f,f
1788984701.747974,3374624,f,,f,f
1788984701.747974,3374617,f,,f,f
1788984701.747974,3374634,f,,f,f
1788984701.747974,3374629,f,,f,f
1788984701.747974,3374630,f,,f,f
1788984701.747974,3374625,f,,f,f
1788984701.747974,3374795,f,,f,f
1788984701.747974,3374777,f,,f,f
1788984701.747974,3374619,f,,f,f
1788984701.747974,3374623,f,,f,f
1788984701.747974,3374627,f,,f,f
1788984761.800437,3374622,f,,f,f
1788984761.800437,3374631,f,,f,f
1788984761.800437,3374684,f,,f,f
1788984761.800437,3374756,f,,f,f
1788984761.800437,3374621,f,,f,f
1788984761.800437,3374680,f,,f,f
1788984761.800437,3374726,f,,f,f
1788984761.800437,3380310,f,,f,f
1788984761.800437,3374720,f,,f,f
1788984761.800437,3374620,f,,f,f
1788984761.800437,3380312,f,,f,f
1788984761.800437,3374734,f,,f,f
1788984761.800437,3374710,f,,f,f
1788984761.800437,3380314,f,,f,f
1788984761.800437,3374633,f,,f,f
1788984761.800437,3374657,f,,f,f
1788984761.800437,3380313,f,,f,f
1788984761.800437,3374632,f,,f,f
1788984761.800437,3374804,f,,f,f
1788984761.800437,3374716,f,,f,f
1788984761.800437,3374628,f,,f,f
1788984761.800437,3380305,f,,f,f
1788984761.800437,3380307,f,,f,f
1788984761.800437,3374689,f,,f,f
1788984761.800437,3374626,f,,f,f
1788984761.800437,3374767,f,,f,f
1788984761.800437,3374703,f,,f,f
1788984761.800437,3380315,f,,f,f
1788984761.800437,3374746,f,,f,f
1788984761.800437,3374624,f,,f,f
1788984761.800437,3374617,f,,f,f
1788984761.800437,3374634,f,,f,f
1788984761.800437,3380295,f,,f,f
1788984761.800437,3374629,f,,f,f
1788984761.800437,3374630,f,,f,f
1788984761.800437,3374625,f,,f,f
1788984761.800437,3374795,f,,f,f
1788984761.800437,3380311,f,,f,f
1788984761.800437,3380316,f,,f,f
1788984761.800437,3374777,f,,f,f
1788984761.800437,3374619,f,,f,f
1788984761.800437,3374623,f,,f,f
1788984761.800437,3374627,f,,f,f
1788984821.860684,3374622,f,,f,f
1788984821.860684,3374631,f,,f,f
1788984821.860684,3374684,f,,f,f
1788984821.860684,3374756,f,,f,f
1788984821.860684,3374621,f,,f,f
1788984821.860684,3374680,f,,f,f
1788984821.860684,3374726,f,,f,f
1788984821.860684,3374720,f,,f,f
1788984821.860684,3374620,f,,f,f
1788984821.860684,3380531,f,,f,f
1788984821.860684,3380550,f,,f,f
1788984821.860684,3374734,f,,f,f
1788984821.860684,3374710,f,,f,f
1788984821.860684,3374633,f,,f,f
1788984821.860684,3374657,f,,f,f
1788984821.860684,3380549,f,,f,f
1788984821.860684,3374632,f,,f,f
1788984821.860684,3374804,f,,f,f
1788984821.860684,3374716,f,,f,f
1788984821.860684,3380545,f,,f,f
1788984821.860684,3374628,f,,f,f
1788984821.860684,3374689,f,,f,f
1788984821.860684,3374626,f,,f,f
1788984821.860684,3380538,f,,f,f
1788984821.860684,3374767,f,,f,f
1788984821.860684,3380543,f,,f,f
1788984821.860684,3374703,f,,f,f
1788984821.860684,3380547,f,,f,f
1788984821.860684,3380553,f,,f,f
1788984821.860684,3374746,f,,f,f
1788984821.860684,3374624,f,,f,f
1788984821.860684,3374617,f,,f,f
1788984821.860684,3374634,f,,f,f
1788984821.860684,3374629,f,,f,f
1788984821.860684,3374630,f,,f,f
1788984821.860684,3374625,f,,f,f
1788984821.860684,3380552,f,,f,f
1788984821.860684,3374795,f,,f,f
1788984821.860684,3380555,f,,f,f
1788984821.860684,3374777,f,,f,f
1788984821.860684,3374619,f,,f,f
1788984821.860684,3374623,f,,f,f
1788984821.860684,3374627,f,,f,f
1788984821.860684,3380539,f,,f,f
1788984881.915877,3374622,f,,f,f
1788984881.915877,3374631,f,,f,f
1788984881.915877,3374684,f,,f,f
1788984881.915877,3374756,f,,f,f
1788984881.915877,3374621,f,,f,f
1788984881.915877,3374680,f,,f,f
1788984881.915877,3374726,f,,f,f
1788984881.915877,3380746,f,,f,f
1788984881.915877,3374720,f,,f,f
1788984881.915877,3374620,f,,f,f
1788984881.915877,3380749,f,,f,f
1788984881.915877,3380731,f,,f,f
1788984881.915877,3374734,f,,f,f
1788984881.915877,3380735,f,,f,f
1788984881.915877,3374710,f,,f,f
1788984881.915877,3374633,f,,f,f
1788984881.915877,3374657,f,,f,f
1788984881.915877,3380743,f,,f,f
1788984881.915877,3374632,f,,f,f
1788984881.915877,3374804,f,,f,f
1788984881.915877,3380748,f,,f,f
1788984881.915877,3380747,f,,f,f
1788984881.915877,3374716,f,,f,f
1788984881.915877,3374628,f,,f,f
1788984881.915877,3380742,f,,f,f
1788984881.915877,3380733,f,,f,f
1788984881.915877,3380753,f,,f,f
1788984881.915877,3380745,f,,f,f
1788984881.915877,3380737,f,,f,f
1788984881.915877,3374689,f,,f,f
1788984881.915877,3374626,f,,f,f
1788984881.915877,3374767,f,,f,f
1788984881.915877,3380751,f,,f,f
1788984881.915877,3374703,f,,f,f
1788984881.915877,3380739,f,,f,f
1788984881.915877,3374746,f,,f,f
1788984881.915877,3380754,f,,f,f
1788984881.915877,3380757,f,,f,f
1788984881.915877,3380755,f,,f,f
1788984881.915877,3374624,f,,f,f
1788984881.915877,3374617,f,,f,f
1788984881.915877,3374634,f,,f,f
1788984881.915877,3374629,f,,f,f
1788984881.915877,3374630,f,,f,f
1788984881.915877,3380752,f,,f,f
1788984881.915877,3374625,f,,f,f
1788984881.915877,3374795,f,,f,f
1788984881.915877,3374777,f,,f,f
1788984881.915877,3374619,f,,f,f
1788984881.915877,3374623,f,,f,f
1788984881.915877,3380738,f,,f,f
1788984881.915877,3374627,f,,f,f
1788984881.915877,3380750,f,,f,f
1788984881.915877,3380756,f,,f,f
1788984941.964313,3374622,f,,f,f
1788984941.964313,3374631,f,,f,f
1788984941.964313,3374684,f,,f,f
1788984941.964313,3374756,f,,f,f
1788984941.964313,3374621,f,,f,f
1788984941.964313,3374680,f,,f,f
1788984941.964313,3374726,f,,f,f
1788984941.964313,3374720,f,,f,f
1788984941.964313,3374620,f,,f,f
1788984941.964313,3374734,f,,f,f
1788984941.964313,3374710,f,,f,f
1788984941.964313,3380913,f,,f,f
1788984941.964313,3380935,f,,f,f
1788984941.964313,3374633,f,,f,f
1788984941.964313,3374657,f,,f,f
1788984941.964313,3380936,f,,f,f
1788984941.964313,3374632,f,,f,f
1788984941.964313,3380915,f,,f,f
1788984941.964313,3374804,f,,f,f
1788984941.964313,3374716,f,,f,f
1788984941.964313,3380937,f,,f,f
1788984941.964313,3374628,f,,f,f
1788984941.964313,3380939,f,,f,f
1788984941.964313,3374689,f,,f,f
1788984941.964313,3374626,f,,f,f
1788984941.964313,3374767,f,,f,f
1788984941.964313,3380938,f,,f,f
1788984941.964313,3374703,f,,f,f
1788984941.964313,3380941,f,,f,f
1788984941.964313,3374746,f,,f,f
1788984941.964313,3374624,f,,f,f
1788984941.964313,3374617,f,,f,f
1788984941.964313,3374634,f,,f,f
1788984941.964313,3380934,f,,f,f
1788984941.964313,3374629,f,,f,f
1788984941.964313,3374630,f,,f,f
1788984941.964313,3374625,f,,f,f
1788984941.964313,3374795,f,,f,f
1788984941.964313,3374777,f,,f,f
1788984941.964313,3374619,f,,f,f
1788984941.964313,3374623,f,,f,f
1788984941.964313,3374627,f,,f,f
1788984941.964313,3380942,f,,f,f
1788984941.964313,3380940,f,,f,f
1788985002.016188,3374622,f,,f,f
1788985002.016188,3374631,f,,f,f
1788985002.016188,3374684,f,,f,f
1788985002.016188,3374756,f,,f,f
1788985002.016188,3374621,f,,f,f
1788985002.016188,3381167,f,,f,f
1788985002.016188,3374680,f,,f,f
1788985002.016188,3381175,f,,f,f
1788985002.016188,3381168,f,,f,f
1788985002.016188,3374726,f,,f,f
1788985002.016188,3374720,f,,f,f
1788985002.016188,3381165,f,,f,f
1788985002.016188,3374620,f,,f,f
1788985002.016188,3374734,f,,f,f
1788985002.016188,3374710,f,,f,f
1788985002.016188,3374633,f,,f,f
1788985002.016188,3374657,f,,f,f
1788985002.016188,3381171,f,,f,f
1788985002.016188,3374632,f,,f,f
1788985002.016188,3374804,f,,f,f
1788985002.016188,3374716,f,,f,f
1788985002.016188,3381170,f,,f,f
1788985002.016188,3381173,f,,f,f
1788985002.016188,3374628,f,,f,f
1788985002.016188,3381179,f,,f,f
1788985002.016188,3381172,f,,f,f
1788985002.016188,3381169,f,,f,f
1788985002.016188,3381178,f,,f,f
1788985002.016188,3374689,f,,f,f
1788985002.016188,3374626,f,,f,f
1788985002.016188,3374767,f,,f,f
1788985002.016188,3381174,f,,f,f
1788985002.016188,3374703,f,,f,f
1788985002.016188,3374746,f,,f,f
1788985002.016188,3374624,f,,f,f
1788985002.016188,3374617,f,,f,f
1788985002.016188,3374634,f,,f,f
1788985002.016188,3374629,f,,f,f
1788985002.016188,3374630,f,,f,f
1788985002.016188,3374625,f,,f,f
1788985002.016188,3374795,f,,f,f
1788985002.016188,3374777,f,,f,f
1788985002.016188,3374619,f,,f,f
1788985002.016188,3374623,f,,f,f
1788985002.016188,3374627,f,,f,f
1788985002.016188,3381176,f,,f,f
1788985061.068910,3374622,f,,f,f
1788985061.068910,3374631,f,,f,f
1788985061.068910,3374684,f,,f,f
1788985061.068910,3374756,f,,f,f
1788985061.068910,3374621,f,,f,f
1788985061.068910,3374680,f,,f,f
1788985061.068910,3381464,f,,f,f
1788985061.068910,3374726,f,,f,f
1788985061.068910,3381467,f,,f,f
1788985061.068910,3374720,f,,f,f
1788985061.068910,3374620,f,,f,f
1788985061.068910,3381469,f,,f,f
1788985061.068910,3374734,f,,f,f
1788985061.068910,3374710,f,,f,f
1788985061.068910,3374633,f,,f,f
1788985061.068910,3374657,f,,f,f
1788985061.068910,3381460,f,,f,f
1788985061.068910,3374632,f,,f,f
1788985061.068910,3374804,f,,f,f
1788985061.068910,3374716,f,,f,f
1788985061.068910,3374628,f,,f,f
1788985061.068910,3381471,f,,f,f
1788985061.068910,3381468,f,,f,f
1788985061.068910,3374689,f,,f,f
1788985061.068910,3374626,f,,f,f
1788985061.068910,3374767,f,,f,f
1788985061.068910,3381463,f,,f,f
1788985061.068910,3381470,f,,f,f
1788985061.068910,3374703,f,,f,f
1788985061.068910,3381455,f,,f,f
1788985061.068910,3374746,f,,f,f
1788985061.068910,3374624,f,,f,f
1788985061.068910,3374617,f,,f,f
1788985061.068910,3374634,f,,f,f
1788985061.068910,3381472,f,,f,f
1788985061.068910,3374629,f,,f,f
1788985061.068910,3374630,f,,f,f
1788985061.068910,3374625,f,,f,f
1788985061.068910,3374795,f,,f,f
1788985061.068910,3374777,f,,f,f
1788985061.068910,3374619,f,,f,f
1788985061.068910,3374623,f,,f,f
1788985061.068910,3381465,f,,f,f
1788985061.068910,3374627,f,,f,f
1788985061.068910,3381466,f,,f,f
1788985121.112129,3374622,f,,f,f
1788985121.112129,3374631,f,,f,f
1788985121.112129,3374684,f,,f,f
1788985121.112129,3374756,f,,f,f
1788985121.112129,3374621,f,,f,f
1788985121.112129,3374680,f,,f,f
1788985121.112129,3374726,f,,f,f
1788985121.112129,3374720,f,,f,f
1788985121.112129,3381707,f,,f,f
1788985121.112129,3374620,f,,f,f
1788985121.112129,3374734,f,,f,f
1788985121.112129,3374710,f,,f,f
1788985121.112129,3374633,f,,f,f
1788985121.112129,3374657,f,,f,f
1788985121.112129,3381683,f,,f,f
1788985121.112129,3381686,f,,f,f
1788985121.112129,3374632,f,,f,f
1788985121.112129,3374804,f,,f,f
1788985121.112129,3374716,f,,f,f
1788985121.112129,3374628,f,,f,f
1788985121.112129,3381705,f,,f,f
1788985121.112129,3381690,f,,f,f
1788985121.112129,3381702,f,,f,f
1788985121.112129,3381695,f,,f,f
1788985121.112129,3374689,f,,f,f
1788985121.112129,3374626,f,,f,f
1788985121.112129,3374767,f,,f,f
1788985121.112129,3374703,f,,f,f
1788985121.112129,3374746,f,,f,f
1788985121.112129,3374624,f,,f,f
1788985121.112129,3374617,f,,f,f
1788985121.112129,3374634,f,,f,f
1788985121.112129,3374629,f,,f,f
1788985121.112129,3374630,f,,f,f
1788985121.112129,3374625,f,,f,f
1788985121.112129,3374795,f,,f,f
1788985121.112129,3381704,f,,f,f
1788985121.112129,3381703,f,,f,f
1788985121.112129,3374777,f,,f,f
1788985121.112129,3374619,f,,f,f
1788985121.112129,3374623,f,,f,f
1788985121.112129,3374627,f,,f,f
1788985181.165974,3381953,f,,f,f
1788985181.165974,3374622,f,,f,f
1788985181.165974,3374631,f,,f,f
1788985181.165974,3374684,f,,f,f
1788985181.165974,3374756,f,,f,f
1788985181.165974,3374621,f,,f,f
1788985181.165974,3374680,f,,f,f
1788985181.165974,3374726,f,,f,f
1788985181.165974,3381958,f,,f,f
1788985181.165974,3374720,f,,f,f
1788985181.165974,3381959,f,,f,f
1788985181.165974,3374620,f,,f,f
1788985181.165974,3374734,f,,f,f
1788985181.165974,3374710,f,,f,f
1788985181.165974,3374633,f,,f,f
1788985181.165974,3374657,f,,f,f
1788985181.165974,3381951,f,,f,f
1788985181.165974,3374632,f,,f,f
1788985181.165974,3374804,f,,f,f
1788985181.165974,3374716,f,,f,f
1788985181.165974,3374628,f,,f,f
1788985181.165974,3381947,f,,f,f
1788985181.165974,3381942,f,,f,f
1788985181.165974,3381957,f,,f,f
1788985181.165974,3374689,f,,f,f
1788985181.165974,3374626,f,,f,f
1788985181.165974,3374767,f,,f,f
1788985181.165974,3381961,f,,f,f
1788985181.165974,3381956,f,,f,f
1788985181.165974,3381950,f,,f,f
1788985181.165974,3374703,f,,f,f
1788985181.165974,3374746,f,,f,f
1788985181.165974,3381954,f,,f,f
1788985181.165974,3374624,f,,f,f
1788985181.165974,3374617,f,,f,f
1788985181.165974,3381955,f,,f,f
1788985181.165974,3374634,f,,f,f
1788985181.165974,3374629,f,,f,f
1788985181.165974,3374630,f,,f,f
1788985181.165974,3374625,f,,f,f
1788985181.165974,3381952,f,,f,f
1788985181.165974,3374795,f,,f,f
1788985181.165974,3374777,f,,f,f
1788985181.165974,3374619,f,,f,f
1788985181.165974,3374623,f,,f,f
1788985181.165974,3374627,f,,f,f
1788985241.223332,3382142,f,,f,f
1788985241.223332,3374622,f,,f,f
1788985241.223332,3374631,f,,f,f
1788985241.223332,3374684,f,,f,f
1788985241.223332,3374756,f,,f,f
1788985241.223332,3374621,f,,f,f
1788985241.223332,3374680,f,,f,f
1788985241.223332,3382158,f,,f,f
1788985241.223332,3374726,f,,f,f
1788985241.223332,3374720,f,,f,f
1788985241.223332,3382162,f,,f,f
1788985241.223332,3374620,f,,f,f
1788985241.223332,3382161,f,,f,f
1788985241.223332,3374734,f,,f,f
1788985241.223332,3374710,f,,f,f
1788985241.223332,3374633,f,,f,f
1788985241.223332,3374657,f,,f,f
1788985241.223332,3382159,f,,f,f
1788985241.223332,3374632,f,,f,f
1788985241.223332,3374804,f,,f,f
1788985241.223332,3382160,f,,f,f
1788985241.223332,3374716,f,,f,f
1788985241.223332,3374628,f,,f,f
1788985241.223332,3374689,f,,f,f
1788985241.223332,3374626,f,,f,f
1788985241.223332,3374767,f,,f,f
1788985241.223332,3374703,f,,f,f
1788985241.223332,3382149,f,,f,f
1788985241.223332,3374746,f,,f,f
1788985241.223332,3374624,f,,f,f
1788985241.223332,3374617,f,,f,f
1788985241.223332,3374634,f,,f,f
1788985241.223332,3374629,f,,f,f
1788985241.223332,3374630,f,,f,f
1788985241.223332,3374625,f,,f,f
1788985241.223332,3374795,f,,f,f
1788985241.223332,3374777,f,,f,f
1788985241.223332,3374619,f,,f,f
1788985241.223332,3374623,f,,f,f
1788985241.223332,3374627,f,,f,f
1788985301.273062,3382368,f,,f,f
1788985301.273062,3374622,f,,f,f
1788985301.273062,3374631,f,,f,f
1788985301.273062,3374684,f,,f,f
1788985301.273062,3374756,f,,f,f
1788985301.273062,3374621,f,,f,f
1788985301.273062,3374680,f,,f,f
1788985301.273062,3374726,f,,f,f
1788985301.273062,3374720,f,,f,f
1788985301.273062,3374620,f,,f,f
1788985301.273062,3382363,f,,f,f
1788985301.273062,3382372,f,,f,f
1788985301.273062,3374734,f,,f,f
1788985301.273062,3374710,f,,f,f
1788985301.273062,3374633,f,,f,f
1788985301.273062,3374657,f,,f,f
1788985301.273062,3374632,f,,f,f
1788985301.273062,3374804,f,,f,f
1788985301.273062,3374716,f,,f,f
1788985301.273062,3374628,f,,f,f
1788985301.273062,3382365,f,,f,f
1788985301.273062,3374689,f,,f,f
1788985301.273062,3374626,f,,f,f
1788985301.273062,3374767,f,,f,f
1788985301.273062,3374703,f,,f,f
1788985301.273062,3382367,f,,f,f
1788985301.273062,3374746,f,,f,f
1788985301.273062,3374624,f,,f,f
1788985301.273062,3374617,f,,f,f
1788985301.273062,3374634,f,,f,f
1788985301.273062,3382370,f,,f,f
1788985301.273062,3374629,f,,f,f
1788985301.273062,3374630,f,,f,f
1788985301.273062,3374625,f,,f,f
1788985301.273062,3374795,f,,f,f
1788985301.273062,3382371,f,,f,f
1788985301.273062,3382366,f,,f,f
1788985301.273062,3382364,f,,f,f
1788985301.273062,3374777,f,,f,f
1788985301.273062,3374619,f,,f,f
1788985301.273062,3374623,f,,f,f
1788985301.273062,3374627,f,,f,f
1788985301.273062,3382347,f,,f,f
1788985361.328341,3382564,f,,f,f
1788985361.328341,3374622,f,,f,f
1788985361.328341,3374631,f,,f,f
1788985361.328341,3374684,f,,f,f
1788985361.328341,3374756,f,,f,f
1788985361.328341,3374621,f,,f,f
1788985361.328341,3374680,f,,f,f
1788985361.328341,3374726,f,,f,f
1788985361.328341,3374720,f,,f,f
1788985361.328341,3374620,f,,f,f
1788985361.328341,3382565,f,,f,f
1788985361.328341,3374734,f,,f,f
1788985361.328341,3374710,f,,f,f
1788985361.328341,3382571,f,,f,f
1788985361.328341,3374633,f,,f,f
1788985361.328341,3374657,f,,f,f
1788985361.328341,3382573,f,,f,f
1788985361.328341,3374632,f,,f,f
1788985361.328341,3374804,f,,f,f
1788985361.328341,3374716,f,,f,f
1788985361.328341,3374628,f,,f,f
1788985361.328341,3382570,f,,f,f
1788985361.328341,3382566,f,,f,f
1788985361.328341,3382574,f,,f,f
1788985361.328341,3374689,f,,f,f
1788985361.328341,3374626,f,,f,f
1788985361.328341,3374767,f,,f,f
1788985361.328341,3382567,f,,f,f
1788985361.328341,3382568,f,,f,f
1788985361.328341,3374703,f,,f,f
1788985361.328341,3382572,f,,f,f
1788985361.328341,3374746,f,,f,f
1788985361.328341,3374624,f,,f,f
1788985361.328341,3374617,f,,f,f
1788985361.328341,3374634,f,,f,f
1788985361.328341,3374629,f,,f,f
1788985361.328341,3374630,f,,f,f
1788985361.328341,3374625,f,,f,f
1788985361.328341,3374795,f,,f,f
1788985361.328341,3374777,f,,f,f
1788985361.328341,3374619,f,,f,f
1788985361.328341,3374623,f,,f,f
1788985361.328341,3382569,f,,f,f
1788985361.328341,3374627,f,,f,f
1788985421.382585,3374622,f,,f,f
1788985421.382585,3374631,f,,f,f
1788985421.382585,3374684,f,,f,f
1788985421.382585,3374756,f,,f,f
1788985421.382585,3374621,f,,f,f
1788985421.382585,3374680,f,,f,f
1788985421.382585,3374726,f,,f,f
1788985421.382585,3374720,f,,f,f
1788985421.382585,3374620,f,,f,f
1788985421.382585,3382753,f,,f,f
1788985421.382585,3374734,f,,f,f
1788985421.382585,3382774,f,,f,f
1788985421.382585,3374710,f,,f,f
1788985421.382585,3374633,f,,f,f
1788985421.382585,3374657,f,,f,f
1788985421.382585,3374632,f,,f,f
1788985421.382585,3374804,f,,f,f
1788985421.382585,3374716,f,,f,f
1788985421.382585,3374628,f,,f,f
1788985421.382585,3374689,f,,f,f
1788985421.382585,3374626,f,,f,f
1788985421.382585,3374767,f,,f,f
1788985421.382585,3382772,f,,f,f
1788985421.382585,3374703,f,,f,f
1788985421.382585,3382773,f,,f,f
1788985421.382585,3374746,f,,f,f
1788985421.382585,3382757,f,,f,f
1788985421.382585,3374624,f,,f,f
1788985421.382585,3374617,f,,f,f
1788985421.382585,3374634,f,,f,f
1788985421.382585,3374629,f,,f,f
1788985421.382585,3374630,f,,f,f
1788985421.382585,3374625,f,,f,f
1788985421.382585,3374795,f,,f,f
1788985421.382585,3374777,f,,f,f
1788985421.382585,3374619,f,,f,f
1788985421.382585,3374623,f,,f,f
1788985421.382585,3374627,f,,f,f
1788985481.442289,3374622,f,,f,f
1788985481.442289,3374631,f,,f,f
1788985481.442289,3374684,f,,f,f
1788985481.442289,3374756,f,,f,f
1788985481.442289,3382965,f,,f,f
1788985481.442289,3374621,f,,f,f
1788985481.442289,3374680,f,,f,f
1788985481.442289,3374726,f,,f,f
1788985481.442289,3382964,f,,f,f
1788985481.442289,3374720,f,,f,f
1788985481.442289,3374620,f,,f,f
1788985481.442289,3374734,f,,f,f
1788985481.442289,3374710,f,,f,f
1788985481.442289,3374633,f,,f,f
1788985481.442289,3374657,f,,f,f
1788985481.442289,3374632,f,,f,f
1788985481.442289,3374804,f,,f,f
1788985481.442289,3382963,f,,f,f
1788985481.442289,3382968,f,,f,f
1788985481.442289,3382962,f,,f,f
1788985481.442289,3382970,f,,f,f
1788985481.442289,3374716,f,,f,f
1788985481.442289,3382969,f,,f,f
1788985481.442289,3374628,f,,f,f
1788985481.442289,3382961,f,,f,f
1788985481.442289,3382967,f,,f,f
1788985481.442289,3382971,f,,f,f
1788985481.442289,3382972,f,,f,f
1788985481.442289,3374689,f,,f,f
1788985481.442289,3374626,f,,f,f
1788985481.442289,3374767,f,,f,f
1788985481.442289,3382974,f,,f,f
1788985481.442289,3374703,f,,f,f
1788985481.442289,3374746,f,,f,f
1788985481.442289,3374624,f,,f,f
1788985481.442289,3374617,f,,f,f
1788985481.442289,3374634,f,,f,f
1788985481.442289,3374629,f,,f,f
1788985481.442289,3374630,f,,f,f
1788985481.442289,3374625,f,,f,f
1788985481.442289,3374795,f,,f,f
1788985481.442289,3374777,f,,f,f
1788985481.442289,3374619,f,,f,f
1788985481.442289,3374623,f,,f,f
1788985481.442289,3374627,f,,f,f
1788985541.483040,3374622,f,,f,f
1788985541.483040,3374631,f,,f,f
1788985541.483040,3374684,f,,f,f
1788985541.483040,3374756,f,,f,f
1788985541.483040,3374621,f,,f,f
1788985541.483040,3374680,f,,f,f
1788985541.483040,3374726,f,,f,f
1788985541.483040,3383168,f,,f,f
1788985541.483040,3374720,f,,f,f
1788985541.483040,3374620,f,,f,f
1788985541.483040,3383173,f,,f,f
1788985541.483040,3374734,f,,f,f
1788985541.483040,3383171,f,,f,f
1788985541.483040,3374710,f,,f,f
1788985541.483040,3374633,f,,f,f
1788985541.483040,3374657,f,,f,f
1788985541.483040,3383163,f,,f,f
1788985541.483040,3374632,f,,f,f
1788985541.483040,3374804,f,,f,f
1788985541.483040,3374716,f,,f,f
1788985541.483040,3374628,f,,f,f
1788985541.483040,3374689,f,,f,f
1788985541.483040,3374626,f,,f,f
1788985541.483040,3374767,f,,f,f
1788985541.483040,3383172,f,,f,f
1788985541.483040,3383169,f,,f,f
1788985541.483040,3374703,f,,f,f
1788985541.483040,3374746,f,,f,f
1788985541.483040,3374624,f,,f,f
1788985541.483040,3374617,f,,f,f
1788985541.483040,3374634,f,,f,f
1788985541.483040,3374629,f,,f,f
1788985541.483040,3374630,f,,f,f
1788985541.483040,3374625,f,,f,f
1788985541.483040,3383174,f,,f,f
1788985541.483040,3374795,f,,f,f
1788985541.483040,3374777,f,,f,f
1788985541.483040,3374619,f,,f,f
1788985541.483040,3374623,f,,f,f
1788985541.483040,3374627,f,,f,f
1788985541.483040,3383153,f,,f,f
1788985601.533722,3374622,f,,f,f
1788985601.533722,3374631,f,,f,f
1788985601.533722,3374684,f,,f,f
1788985601.533722,3374756,f,,f,f
1788985601.533722,3374621,f,,f,f
1788985601.533722,3374680,f,,f,f
1788985601.533722,3374726,f,,f,f
1788985601.533722,3374720,f,,f,f
1788985601.533722,3374620,f,,f,f
1788985601.533722,3374734,f,,f,f
1788985601.533722,3374710,f,,f,f
1788985601.533722,3374633,f,,f,f
1788985601.533722,3374657,f,,f,f
1788985601.533722,3383359,f,,f,f
1788985601.533722,3383371,f,,f,f
1788985601.533722,3374632,f,,f,f
1788985601.533722,3374804,f,,f,f
1788985601.533722,3383372,f,,f,f
1788985601.533722,3374716,f,,f,f
1788985601.533722,3374628,f,,f,f
1788985601.533722,3383373,f,,f,f
1788985601.533722,3383378,f,,f,f
1788985601.533722,3383379,f,,f,f
1788985601.533722,3383376,f,,f,f
1788985601.533722,3383380,f,,f,f
1788985601.533722,3374689,f,,f,f
1788985601.533722,3374626,f,,f,f
1788985601.533722,3374767,f,,f,f
1788985601.533722,3383367,f,,f,f
1788985601.533722,3374703,f,,f,f
1788985601.533722,3374746,f,,f,f
1788985601.533722,3383363,f,,f,f
1788985601.533722,3374624,f,,f,f
1788985601.533722,3374617,f,,f,f
1788985601.533722,3374634,f,,f,f
1788985601.533722,3374629,f,,f,f
1788985601.533722,3374630,f,,f,f
1788985601.533722,3374625,f,,f,f
1788985601.533722,3374795,f,,f,f
1788985601.533722,3374777,f,,f,f
1788985601.533722,3383377,f,,f,f
1788985601.533722,3374619,f,,f,f
1788985601.533722,3374623,f,,f,f
1788985601.533722,3374627,f,,f,f
1788985661.587616,3374622,f,,f,f
1788985661.587616,3383586,f,,f,f
1788985661.587616,3374631,f,,f,f
1788985661.587616,3374684,f,,f,f
1788985661.587616,3374756,f,,f,f
1788985661.587616,3374621,f,,f,f
1788985661.587616,3383585,f,,f,f
1788985661.587616,3383568,f,,f,f
1788985661.587616,3374680,f,,f,f
1788985661.587616,3374726,f,,f,f
1788985661.587616,3374720,f,,f,f
1788985661.587616,3374620,f,,f,f
1788985661.587616,3383589,f,,f,f
1788985661.587616,3374734,f,,f,f
1788985661.587616,3374710,f,,f,f
1788985661.587616,3374633,f,,f,f
1788985661.587616,3374657,f,,f,f
1788985661.587616,3383579,f,,f,f
1788985661.587616,3383563,f,,f,f
1788985661.587616,3374632,f,,f,f
1788985661.587616,3374804,f,,f,f
1788985661.587616,3383581,f,,f,f
1788985661.587616,3374716,f,,f,f
1788985661.587616,3374628,f,,f,f
1788985661.587616,3383587,f,,f,f
1788985661.587616,3383572,f,,f,f
1788985661.587616,3383584,f,,f,f
1788985661.587616,3374689,f,,f,f
1788985661.587616,3374626,f,,f,f
1788985661.587616,3374767,f,,f,f
1788985661.587616,3383591,f,,f,f
1788985661.587616,3374703,f,,f,f
1788985661.587616,3383582,f,,f,f
1788985661.587616,3374746,f,,f,f
1788985661.587616,3374624,f,,f,f
1788985661.587616,3374617,f,,f,f
1788985661.587616,3374634,f,,f,f
1788985661.587616,3374629,f,,f,f
1788985661.587616,3374630,f,,f,f
1788985661.587616,3374625,f,,f,f
1788985661.587616,3374795,f,,f,f
1788985661.587616,3374777,f,,f,f
1788985661.587616,3374619,f,,f,f
1788985661.587616,3383577,f,,f,f
1788985661.587616,3374623,f,,f,f
1788985661.587616,3374627,f,,f,f
1788985721.639284,3374622,f,,f,f
1788985721.639284,3374631,f,,f,f
1788985721.639284,3374684,f,,f,f
1788985721.639284,3374756,f,,f,f
1788985721.639284,3374621,f,,f,f
1788985721.639284,3383796,f,,f,f
1788985721.639284,3383793,f,,f,f
1788985721.639284,3374680,f,,f,f
1788985721.639284,3374726,f,,f,f
1788985721.639284,3374720,f,,f,f
1788985721.639284,3374620,f,,f,f
1788985721.639284,3374734,f,,f,f
1788985721.639284,3374710,f,,f,f
1788985721.639284,3383778,f,,f,f
1788985721.639284,3374633,f,,f,f
1788985721.639284,3374657,f,,f,f
1788985721.639284,3374632,f,,f,f
1788985721.639284,3374804,f,,f,f
1788985721.639284,3383794,f,,f,f
1788985721.639284,3374716,f,,f,f
1788985721.639284,3374628,f,,f,f
1788985721.639284,3383795,f,,f,f
1788985721.639284,3383788,f,,f,f
1788985721.639284,3383797,f,,f,f
1788985721.639284,3383790,f,,f,f
1788985721.639284,3374689,f,,f,f
1788985721.639284,3374626,f,,f,f
1788985721.639284,3374767,f,,f,f
1788985721.639284,3383791,f,,f,f
1788985721.639284,3374703,f,,f,f
1788985721.639284,3383789,f,,f,f
1788985721.639284,3374746,f,,f,f
1788985721.639284,3383792,f,,f,f
1788985721.639284,3374624,f,,f,f
1788985721.639284,3374617,f,,f,f
1788985721.639284,3374634,f,,f,f
1788985721.639284,3374629,f,,f,f
1788985721.639284,3374630,f,,f,f
1788985721.639284,3374625,f,,f,f
1788985721.639284,3374795,f,,f,f
1788985721.639284,3374777,f,,f,f
1788985721.639284,3374619,f,,f,f
1788985721.639284,3374623,f,,f,f
1788985721.639284,3374627,f,,f,f
1788985781.688899,3374622,f,,f,f
1788985781.688899,3374631,f,,f,f
1788985781.688899,3374684,f,,f,f
1788985781.688899,3374756,f,,f,f
1788985781.688899,3374621,f,,f,f
1788985781.688899,3374680,f,,f,f
1788985781.688899,3374726,f,,f,f
1788985781.688899,3374720,f,,f,f
1788985781.688899,3374620,f,,f,f
1788985781.688899,3384034,f,,f,f
1788985781.688899,3374734,f,,f,f
1788985781.688899,3374710,f,,f,f
1788985781.688899,3384036,f,,f,f
1788985781.688899,3374633,f,,f,f
1788985781.688899,3374657,f,,f,f
1788985781.688899,3374632,f,,f,f
1788985781.688899,3374804,f,,f,f
1788985781.688899,3384038,f,,f,f
1788985781.688899,3374716,f,,f,f
1788985781.688899,3374628,f,,f,f
1788985781.688899,3384035,f,,f,f
1788985781.688899,3374689,f,,f,f
1788985781.688899,3374626,f,,f,f
1788985781.688899,3374767,f,,f,f
1788985781.688899,3384042,f,,f,f
1788985781.688899,3384025,f,,f,f
1788985781.688899,3374703,f,,f,f
1788985781.688899,3374746,f,,f,f
1788985781.688899,3374624,f,,f,f
1788985781.688899,3374617,f,,f,f
1788985781.688899,3374634,f,,f,f
1788985781.688899,3374629,f,,f,f
1788985781.688899,3374630,f,,f,f
1788985781.688899,3374625,f,,f,f
1788985781.688899,3374795,f,,f,f
1788985781.688899,3384040,f,,f,f
1788985781.688899,3374777,f,,f,f
1788985781.688899,3374619,f,,f,f
1788985781.688899,3374623,f,,f,f
1788985781.688899,3374627,f,,f,f
1788985781.688899,3384041,f,,f,f
1788985781.688899,3384039,f,,f,f
1788985841.746377,3384261,f,,f,f
1788985841.746377,3384255,f,,f,f
1788985841.746377,3374622,f,,f,f
1788985841.746377,3374631,f,,f,f
1788985841.746377,3374684,f,,f,f
1788985841.746377,3384257,f,,f,f
1788985841.746377,3374756,f,,f,f
1788985841.746377,3374621,f,,f,f
1788985841.746377,3374680,f,,f,f
1788985841.746377,3374726,f,,f,f
1788985841.746377,3374720,f,,f,f
1788985841.746377,3374620,f,,f,f
1788985841.746377,3384260,f,,f,f
1788985841.746377,3384253,f,,f,f
1788985841.746377,3374734,f,,f,f
1788985841.746377,3374710,f,,f,f
1788985841.746377,3374633,f,,f,f
1788985841.746377,3374657,f,,f,f
1788985841.746377,3374632,f,,f,f
1788985841.746377,3374804,f,,f,f
1788985841.746377,3384239,f,,f,f
1788985841.746377,3374716,f,,f,f
1788985841.746377,3374628,f,,f,f
1788985841.746377,3384254,f,,f,f
1788985841.746377,3384264,f,,f,f
1788985841.746377,3374689,f,,f,f
1788985841.746377,3374626,f,,f,f
1788985841.746377,3374767,f,,f,f
1788985841.746377,3384258,f,,f,f
1788985841.746377,3374703,f,,f,f
1788985841.746377,3374746,f,,f,f
1788985841.746377,3384262,f,,f,f
1788985841.746377,3374624,f,,f,f
1788985841.746377,3374617,f,,f,f
1788985841.746377,3374634,f,,f,f
1788985841.746377,3374629,f,,f,f
1788985841.746377,3374630,f,,f,f
1788985841.746377,3374625,f,,f,f
1788985841.746377,3374795,f,,f,f
1788985841.746377,3384259,f,,f,f
1788985841.746377,3374777,f,,f,f
1788985841.746377,3374619,f,,f,f
1788985841.746377,3374623,f,,f,f
1788985841.746377,3374627,f,,f,f
1788985901.801264,3374622,f,,f,f
1788985901.801264,3374631,f,,f,f
1788985901.801264,3374684,f,,f,f
1788985901.801264,3374756,f,,f,f
1788985901.801264,3374621,f,,f,f
1788985901.801264,3384478,f,,f,f
1788985901.801264,3374680,f,,f,f
1788985901.801264,3374726,f,,f,f
1788985901.801264,3374720,f,,f,f
1788985901.801264,3384469,f,,f,f
1788985901.801264,3374620,f,,f,f
1788985901.801264,3384472,f,,f,f
1788985901.801264,3384477,f,,f,f
1788985901.801264,3374734,f,,f,f
1788985901.801264,3374710,f,,f,f
1788985901.801264,3384467,f,,f,f
1788985901.801264,3374633,f,,f,f
1788985901.801264,3374657,f,,f,f
1788985901.801264,3374632,f,,f,f
1788985901.801264,3374804,f,,f,f
1788985901.801264,3374716,f,,f,f
1788985901.801264,3384468,f,,f,f
1788985901.801264,3374628,f,,f,f
1788985901.801264,3384473,f,,f,f
1788985901.801264,3384462,f,,f,f
1788985901.801264,3384466,f,,f,f
1788985901.801264,3384471,f,,f,f
1788985901.801264,3374689,f,,f,f
1788985901.801264,3374626,f,,f,f
1788985901.801264,3374767,f,,f,f
1788985901.801264,3384465,f,,f,f
1788985901.801264,3374703,f,,f,f
1788985901.801264,3374746,f,,f,f
1788985901.801264,3374624,f,,f,f
1788985901.801264,3374617,f,,f,f
1788985901.801264,3374634,f,,f,f
1788985901.801264,3374629,f,,f,f
1788985901.801264,3374630,f,,f,f
1788985901.801264,3374625,f,,f,f
1788985901.801264,3374795,f,,f,f
1788985901.801264,3374777,f,,f,f
1788985901.801264,3374619,f,,f,f
1788985901.801264,3374623,f,,f,f
1788985901.801264,3374627,f,,f,f
1788985961.864909,3374622,f,,f,f
1788985961.864909,3374631,f,,f,f
1788985961.864909,3374684,f,,f,f
1788985961.864909,3374756,f,,f,f
1788985961.864909,3374621,f,,f,f
1788985961.864909,3374680,f,,f,f
1788985961.864909,3374726,f,,f,f
1788985961.864909,3374720,f,,f,f
1788985961.864909,3374620,f,,f,f
1788985961.864909,3374734,f,,f,f
1788985961.864909,3374710,f,,f,f
1788985961.864909,3374633,f,,f,f
1788985961.864909,3374657,f,,f,f
1788985961.864909,3374632,f,,f,f
1788985961.864909,3374804,f,,f,f
1788985961.864909,3374716,f,,f,f
1788985961.864909,3374628,f,,f,f
1788985961.864909,3384687,f,,f,f
1788985961.864909,3384691,f,,f,f
1788985961.864909,3374689,f,,f,f
1788985961.864909,3374626,f,,f,f
1788985961.864909,3374767,f,,f,f
1788985961.864909,3384694,f,,f,f
1788985961.864909,3374703,f,,f,f
1788985961.864909,3374746,f,,f,f
1788985961.864909,3374624,f,,f,f
1788985961.864909,3374617,f,,f,f
1788985961.864909,3374634,f,,f,f
1788985961.864909,3374629,f,,f,f
1788985961.864909,3374630,f,,f,f
1788985961.864909,3374625,f,,f,f
1788985961.864909,3374795,f,,f,f
1788985961.864909,3374777,f,,f,f
1788985961.864909,3374619,f,,f,f
1788985961.864909,3374623,f,,f,f
1788985961.864909,3374627,f,,f,f
1788986021.914797,3374622,f,,f,f
1788986021.914797,3374631,f,,f,f
1788986021.914797,3374684,f,,f,f
1788986021.914797,3374756,f,,f,f
1788986021.914797,3374621,f,,f,f
1788986021.914797,3374680,f,,f,f
1788986021.914797,3374726,f,,f,f
1788986021.914797,3374720,f,,f,f
1788986021.914797,3384920,f,,f,f
1788986021.914797,3374620,f,,f,f
1788986021.914797,3374734,f,,f,f
1788986021.914797,3374710,f,,f,f
1788986021.914797,3374633,f,,f,f
1788986021.914797,3374657,f,,f,f
1788986021.914797,3384921,f,,f,f
1788986021.914797,3374632,f,,f,f
1788986021.914797,3374804,f,,f,f
1788986021.914797,3374716,f,,f,f
1788986021.914797,3374628,f,,f,f
1788986021.914797,3384928,f,,f,f
1788986021.914797,3384917,f,,f,f
1788986021.914797,3384922,f,,f,f
1788986021.914797,3374689,f,,f,f
1788986021.914797,3374626,f,,f,f
1788986021.914797,3384923,f,,f,f
1788986021.914797,3374767,f,,f,f
1788986021.914797,3384924,f,,f,f
1788986021.914797,3374703,f,,f,f
1788986021.914797,3384925,f,,f,f
1788986021.914797,3374746,f,,f,f
1788986021.914797,3384913,f,,f,f
1788986021.914797,3374624,f,,f,f
1788986021.914797,3374617,f,,f,f
1788986021.914797,3374634,f,,f,f
1788986021.914797,3374629,f,,f,f
1788986021.914797,3374630,f,,f,f
1788986021.914797,3374625,f,,f,f
1788986021.914797,3374795,f,,f,f
1788986021.914797,3374777,f,,f,f
1788986021.914797,3374619,f,,f,f
1788986021.914797,3384903,f,,f,f
1788986021.914797,3374623,f,,f,f
1788986021.914797,3374627,f,,f,f
1788986021.914797,3384905,f,,f,f
1788986081.964173,3385135,f,,f,f
1788986081.964173,3385129,f,,f,f
1788986081.964173,3374622,f,,f,f
1788986081.964173,3374631,f,,f,f
1788986081.964173,3374684,f,,f,f
1788986081.964173,3374756,f,,f,f
1788986081.964173,3374621,f,,f,f
1788986081.964173,3374680,f,,f,f
1788986081.964173,3374726,f,,f,f
1788986081.964173,3374720,f,,f,f
1788986081.964173,3374620,f,,f,f
1788986081.964173,3374734,f,,f,f
1788986081.964173,3374710,f,,f,f
1788986081.964173,3374633,f,,f,f
1788986081.964173,3374657,f,,f,f
1788986081.964173,3385134,f,,f,f
1788986081.964173,3385130,f,,f,f
1788986081.964173,3374632,f,,f,f
1788986081.964173,3374804,f,,f,f
1788986081.964173,3374716,f,,f,f
1788986081.964173,3374628,f,,f,f
1788986081.964173,3385136,f,,f,f
1788986081.964173,3374689,f,,f,f
1788986081.964173,3374626,f,,f,f
1788986081.964173,3385137,f,,f,f
1788986081.964173,3374767,f,,f,f
1788986081.964173,3385126,f,,f,f
1788986081.964173,3385128,f,,f,f
1788986081.964173,3374703,f,,f,f
1788986081.964173,3385133,f,,f,f
1788986081.964173,3374746,f,,f,f
1788986081.964173,3374624,f,,f,f
1788986081.964173,3374617,f,,f,f
1788986081.964173,3374634,f,,f,f
1788986081.964173,3374629,f,,f,f
1788986081.964173,3374630,f,,f,f
1788986081.964173,3374625,f,,f,f
1788986081.964173,3374795,f,,f,f
1788986081.964173,3374777,f,,f,f
1788986081.964173,3374619,f,,f,f
1788986081.964173,3374623,f,,f,f
1788986081.964173,3374627,f,,f,f
1788986081.964173,3385121,f,,f,f
1788986142.021827,3385370,f,,f,f
1788986142.021827,3385359,f,,f,f
1788986142.021827,3374622,f,,f,f
1788986142.021827,3374631,f,,f,f
1788986142.021827,3374684,f,,f,f
1788986142.021827,3374756,f,,f,f
1788986142.021827,3374621,f,,f,f
1788986142.021827,3385358,f,,f,f
1788986142.021827,3374680,f,,f,f
1788986142.021827,3374726,f,,f,f
1788986142.021827,3374720,f,,f,f
1788986142.021827,3374620,f,,f,f
1788986142.021827,3385367,f,,f,f
1788986142.021827,3374734,f,,f,f
1788986142.021827,3374710,f,,f,f
1788986142.021827,3374633,f,,f,f
1788986142.021827,3374657,f,,f,f
1788986142.021827,3385365,f,,f,f
1788986142.021827,3374632,f,,f,f
1788986142.021827,3374804,f,,f,f
1788986142.021827,3374716,f,,f,f
1788986142.021827,3374628,f,,f,f
1788986142.021827,3385363,f,,f,f
1788986142.021827,3385357,f,,f,f
1788986142.021827,3374689,f,,f,f
1788986142.021827,3374626,f,,f,f
1788986142.021827,3374767,f,,f,f
1788986142.021827,3385368,f,,f,f
1788986142.021827,3374703,f,,f,f
1788986142.021827,3374746,f,,f,f
1788986142.021827,3385366,f,,f,f
1788986142.021827,3385364,f,,f,f
1788986142.021827,3385369,f,,f,f
1788986142.021827,3374624,f,,f,f
1788986142.021827,3374617,f,,f,f
1788986142.021827,3374634,f,,f,f
1788986142.021827,3385360,f,,f,f
1788986142.021827,3374629,f,,f,f
1788986142.021827,3374630,f,,f,f
1788986142.021827,3374625,f,,f,f
1788986142.021827,3374795,f,,f,f
1788986142.021827,3374777,f,,f,f
1788986142.021827,3374619,f,,f,f
1788986142.021827,3374623,f,,f,f
1788986142.021827,3374627,f,,f,f
1788986201.066822,3374622,f,,f,f
1788986201.066822,3374631,f,,f,f
1788986201.066822,3374684,f,,f,f
1788986201.066822,3374756,f,,f,f
1788986201.066822,3374621,f,,f,f
1788986201.066822,3374680,f,,f,f
1788986201.066822,3374726,f,,f,f
1788986201.066822,3374720,f,,f,f
1788986201.066822,3374620,f,,f,f
1788986201.066822,3385576,f,,f,f
1788986201.066822,3374734,f,,f,f
1788986201.066822,3374710,f,,f,f
1788986201.066822,3374633,f,,f,f
1788986201.066822,3374657,f,,f,f
1788986201.066822,3385570,f,,f,f
1788986201.066822,3385575,f,,f,f
1788986201.066822,3374632,f,,f,f
1788986201.066822,3374804,f,,f,f
1788986201.066822,3374716,f,,f,f
1788986201.066822,3374628,f,,f,f
1788986201.066822,3385574,f,,f,f
1788986201.066822,3374689,f,,f,f
1788986201.066822,3374626,f,,f,f
1788986201.066822,3374767,f,,f,f
1788986201.066822,3374703,f,,f,f
1788986201.066822,3385577,f,,f,f
1788986201.066822,3385573,f,,f,f
1788986201.066822,3374746,f,,f,f
1788986201.066822,3374624,f,,f,f
1788986201.066822,3374617,f,,f,f
1788986201.066822,3374634,f,,f,f
1788986201.066822,3374629,f,,f,f
1788986201.066822,3374630,f,,f,f
1788986201.066822,3374625,f,,f,f
1788986201.066822,3374795,f,,f,f
1788986201.066822,3374777,f,,f,f
1788986201.066822,3374619,f,,f,f
1788986201.066822,3385572,f,,f,f
1788986201.066822,3374623,f,,f,f
1788986201.066822,3374627,f,,f,f
1788986261.125254,3385797,f,,f,f
1788986261.125254,3374622,f,,f,f
1788986261.125254,3374631,f,,f,f
1788986261.125254,3374684,f,,f,f
1788986261.125254,3374756,f,,f,f
1788986261.125254,3374621,f,,f,f
1788986261.125254,3374680,f,,f,f
1788986261.125254,3374726,f,,f,f
1788986261.125254,3374720,f,,f,f
1788986261.125254,3374620,f,,f,f
1788986261.125254,3374734,f,,f,f
1788986261.125254,3374710,f,,f,f
1788986261.125254,3385796,f,,f,f
1788986261.125254,3374633,f,,f,f
1788986261.125254,3374657,f,,f,f
1788986261.125254,3385792,f,,f,f
1788986261.125254,3374632,f,,f,f
1788986261.125254,3374804,f,,f,f
1788986261.125254,3374716,f,,f,f
1788986261.125254,3374628,f,,f,f
1788986261.125254,3385798,f,,f,f
1788986261.125254,3374689,f,,f,f
1788986261.125254,3374626,f,,f,f
1788986261.125254,3374767,f,,f,f
1788986261.125254,3385799,f,,f,f
1788986261.125254,3374703,f,,f,f
1788986261.125254,3374746,f,,f,f
1788986261.125254,3374624,f,,f,f
1788986261.125254,3374617,f,,f,f
1788986261.125254,3374634,f,,f,f
1788986261.125254,3374629,f,,f,f
1788986261.125254,3374630,f,,f,f
1788986261.125254,3374625,f,,f,f
1788986261.125254,3374795,f,,f,f
1788986261.125254,3374777,f,,f,f
1788986261.125254,3374619,f,,f,f
1788986261.125254,3374623,f,,f,f
1788986261.125254,3374627,f,,f,f
1788986321.179644,3374622,f,,f,f
1788986321.179644,3374631,f,,f,f
1788986321.179644,3374684,f,,f,f
1788986321.179644,3374756,f,,f,f
1788986321.179644,3374621,f,,f,f
1788986321.179644,3386024,f,,f,f
1788986321.179644,3374680,f,,f,f
1788986321.179644,3374726,f,,f,f
1788986321.179644,3374720,f,,f,f
1788986321.179644,3374620,f,,f,f
1788986321.179644,3374734,f,,f,f
1788986321.179644,3374710,f,,f,f
1788986321.179644,3374633,f,,f,f
1788986321.179644,3374657,f,,f,f
1788986321.179644,3386016,f,,f,f
1788986321.179644,3374632,f,,f,f
1788986321.179644,3374804,f,,f,f
1788986321.179644,3374716,f,,f,f
1788986321.179644,3374628,f,,f,f
1788986321.179644,3386013,f,,f,f
1788986321.179644,3386015,f,,f,f
1788986321.179644,3386022,f,,f,f
1788986321.179644,3386021,f,,f,f
1788986321.179644,3374689,f,,f,f
1788986321.179644,3374626,f,,f,f
1788986321.179644,3374767,f,,f,f
1788986321.179644,3386019,f,,f,f
1788986321.179644,3386025,f,,f,f
1788986321.179644,3374703,f,,f,f
1788986321.179644,3386023,f,,f,f
1788986321.179644,3374746,f,,f,f
1788986321.179644,3374624,f,,f,f
1788986321.179644,3374617,f,,f,f
1788986321.179644,3374634,f,,f,f
1788986321.179644,3386017,f,,f,f
1788986321.179644,3386020,f,,f,f
1788986321.179644,3374629,f,,f,f
1788986321.179644,3374630,f,,f,f
1788986321.179644,3374625,f,,f,f
1788986321.179644,3374795,f,,f,f
1788986321.179644,3386018,f,,f,f
1788986321.179644,3374777,f,,f,f
1788986321.179644,3374619,f,,f,f
1788986321.179644,3374623,f,,f,f
1788986321.179644,3374627,f,,f,f
1788986381.225114,3374622,f,,f,f
1788986381.225114,3374631,f,,f,f
1788986381.225114,3374684,f,,f,f
1788986381.225114,3374756,f,,f,f
1788986381.225114,3374621,f,,f,f
1788986381.225114,3374680,f,,f,f
1788986381.225114,3374726,f,,f,f
1788986381.225114,3374720,f,,f,f
1788986381.225114,3374620,f,,f,f
1788986381.225114,3374734,f,,f,f
1788986381.225114,3374710,f,,f,f
1788986381.225114,3374633,f,,f,f
1788986381.225114,3374657,f,,f,f
1788986381.225114,3386208,f,,f,f
1788986381.225114,3374632,f,,f,f
1788986381.225114,3374804,f,,f,f
1788986381.225114,3374716,f,,f,f
1788986381.225114,3374628,f,,f,f
1788986381.225114,3386224,f,,f,f
1788986381.225114,3386222,f,,f,f
1788986381.225114,3374689,f,,f,f
1788986381.225114,3374626,f,,f,f
1788986381.225114,3386225,f,,f,f
1788986381.225114,3374767,f,,f,f
1788986381.225114,3386221,f,,f,f
1788986381.225114,3374703,f,,f,f
1788986381.225114,3386223,f,,f,f
1788986381.225114,3374746,f,,f,f
1788986381.225114,3386227,f,,f,f
1788986381.225114,3374624,f,,f,f
1788986381.225114,3374617,f,,f,f
1788986381.225114,3374634,f,,f,f
1788986381.225114,3386219,f,,f,f
1788986381.225114,3374629,f,,f,f
1788986381.225114,3374630,f,,f,f
1788986381.225114,3374625,f,,f,f
1788986381.225114,3386220,f,,f,f
1788986381.225114,3374795,f,,f,f
1788986381.225114,3374777,f,,f,f
1788986381.225114,3374619,f,,f,f
1788986381.225114,3374623,f,,f,f
1788986381.225114,3374627,f,,f,f
1788986441.283732,3374622,f,,f,f
1788986441.283732,3374631,f,,f,f
1788986441.283732,3374684,f,,f,f
1788986441.283732,3374756,f,,f,f
1788986441.283732,3374621,f,,f,f
1788986441.283732,3374680,f,,f,f
1788986441.283732,3374726,f,,f,f
1788986441.283732,3374720,f,,f,f
1788986441.283732,3374620,f,,f,f
1788986441.283732,3386474,f,,f,f
1788986441.283732,3386466,f,,f,f
1788986441.283732,3386476,f,,f,f
1788986441.283732,3386475,f,,f,f
1788986441.283732,3374734,f,,f,f
1788986441.283732,3374710,f,,f,f
1788986441.283732,3374633,f,,f,f
1788986441.283732,3374657,f,,f,f
1788986441.283732,3386472,f,,f,f
1788986441.283732,3386480,f,,f,f
1788986441.283732,3386471,f,,f,f
1788986441.283732,3374632,f,,f,f
1788986441.283732,3374804,f,,f,f
1788986441.283732,3374716,f,,f,f
1788986441.283732,3386453,f,,f,f
1788986441.283732,3374628,f,,f,f
1788986441.283732,3386465,f,,f,f
1788986441.283732,3374689,f,,f,f
1788986441.283732,3374626,f,,f,f
1788986441.283732,3374767,f,,f,f
1788986441.283732,3386462,f,,f,f
1788986441.283732,3374703,f,,f,f
1788986441.283732,3386473,f,,f,f
1788986441.283732,3374746,f,,f,f
1788986441.283732,3386469,f,,f,f
1788986441.283732,3386479,f,,f,f
1788986441.283732,3374624,f,,f,f
1788986441.283732,3374617,f,,f,f
1788986441.283732,3374634,f,,f,f
1788986441.283732,3386477,f,,f,f
1788986441.283732,3374629,f,,f,f
1788986441.283732,3374630,f,,f,f
1788986441.283732,3374625,f,,f,f
1788986441.283732,3386467,f,,f,f
1788986441.283732,3374795,f,,f,f
1788986441.283732,3386482,f,,f,f
1788986441.283732,3386468,f,,f,f
1788986441.283732,3374777,f,,f,f
1788986441.283732,3374619,f,,f,f
1788986441.283732,3374623,f,,f,f
1788986441.283732,3374627,f,,f,f
1788986501.333222,3374622,f,,f,f
1788986501.333222,3374631,f,,f,f
1788986501.333222,3374684,f,,f,f
1788986501.333222,3374756,f,,f,f
1788986501.333222,3374621,f,,f,f
1788986501.333222,3374680,f,,f,f
1788986501.333222,3374726,f,,f,f
1788986501.333222,3374720,f,,f,f
1788986501.333222,3374620,f,,f,f
1788986501.333222,3386675,f,,f,f
1788986501.333222,3386680,f,,f,f
1788986501.333222,3374734,f,,f,f
1788986501.333222,3374710,f,,f,f
1788986501.333222,3374633,f,,f,f
1788986501.333222,3374657,f,,f,f
1788986501.333222,3374632,f,,f,f
1788986501.333222,3374804,f,,f,f
1788986501.333222,3374716,f,,f,f
1788986501.333222,3374628,f,,f,f
1788986501.333222,3386676,f,,f,f
1788986501.333222,3374689,f,,f,f
1788986501.333222,3374626,f,,f,f
1788986501.333222,3374767,f,,f,f
1788986501.333222,3374703,f,,f,f
1788986501.333222,3386665,f,,f,f
1788986501.333222,3374746,f,,f,f
1788986501.333222,3386669,f,,f,f
1788986501.333222,3374624,f,,f,f
1788986501.333222,3374617,f,,f,f
1788986501.333222,3374634,f,,f,f
1788986501.333222,3374629,f,,f,f
1788986501.333222,3374630,f,,f,f
1788986501.333222,3386681,f,,f,f
1788986501.333222,3374625,f,,f,f
1788986501.333222,3374795,f,,f,f
1788986501.333222,3374777,f,,f,f
1788986501.333222,3374619,f,,f,f
1788986501.333222,3386678,f,,f,f
1788986501.333222,3374623,f,,f,f
1788986501.333222,3374627,f,,f,f
1788986501.333222,3386677,f,,f,f
1788986561.391997,3374622,f,,f,f
1788986561.391997,3374631,f,,f,f
1788986561.391997,3374684,f,,f,f
1788986561.391997,3374756,f,,f,f
1788986561.391997,3374621,f,,f,f
1788986561.391997,3374680,f,,f,f
1788986561.391997,3374726,f,,f,f
1788986561.391997,3374720,f,,f,f
1788986561.391997,3374620,f,,f,f
1788986561.391997,3386889,f,,f,f
1788986561.391997,3374734,f,,f,f
1788986561.391997,3374710,f,,f,f
1788986561.391997,3374633,f,,f,f
1788986561.391997,3374657,f,,f,f
1788986561.391997,3386901,f,,f,f
1788986561.391997,3374632,f,,f,f
1788986561.391997,3374804,f,,f,f
1788986561.391997,3374716,f,,f,f
1788986561.391997,3386899,f,,f,f
1788986561.391997,3374628,f,,f,f
1788986561.391997,3386903,f,,f,f
1788986561.391997,3374689,f,,f,f
1788986561.391997,3374626,f,,f,f
1788986561.391997,3374767,f,,f,f
1788986561.391997,3386895,f,,f,f
1788986561.391997,3374703,f,,f,f
1788986561.391997,3386902,f,,f,f
1788986561.391997,3374746,f,,f,f
1788986561.391997,3374624,f,,f,f
1788986561.391997,3374617,f,,f,f
1788986561.391997,3374634,f,,f,f
1788986561.391997,3386885,f,,f,f
1788986561.391997,3374629,f,,f,f
1788986561.391997,3374630,f,,f,f
1788986561.391997,3374625,f,,f,f
1788986561.391997,3374795,f,,f,f
1788986561.391997,3374777,f,,f,f
1788986561.391997,3374619,f,,f,f
1788986561.391997,3374623,f,,f,f
1788986561.391997,3374627,f,,f,f
1788986561.391997,3386905,f,,f,f
1788986561.391997,3386900,f,,f,f
1788986621.443156,3374622,f,,f,f
1788986621.443156,3374631,f,,f,f
1788986621.443156,3374684,f,,f,f
1788986621.443156,3374756,f,,f,f
1788986621.443156,3374621,f,,f,f
1788986621.443156,3374680,f,,f,f
1788986621.443156,3387135,f,,f,f
1788986621.443156,3374726,f,,f,f
1788986621.443156,3374720,f,,f,f
1788986621.443156,3374620,f,,f,f
1788986621.443156,3374734,f,,f,f
1788986621.443156,3387121,f,,f,f
1788986621.443156,3374710,f,,f,f
1788986621.443156,3374633,f,,f,f
1788986621.443156,3374657,f,,f,f
1788986621.443156,3374632,f,,f,f
1788986621.443156,3374804,f,,f,f
1788986621.443156,3374716,f,,f,f
1788986621.443156,3374628,f,,f,f
1788986621.443156,3387134,f,,f,f
1788986621.443156,3387133,f,,f,f
1788986621.443156,3374689,f,,f,f
1788986621.443156,3374626,f,,f,f
1788986621.443156,3374767,f,,f,f
1788986621.443156,3374703,f,,f,f
1788986621.443156,3374746,f,,f,f
1788986621.443156,3374624,f,,f,f
1788986621.443156,3374617,f,,f,f
1788986621.443156,3374634,f,,f,f
1788986621.443156,3374629,f,,f,f
1788986621.443156,3374630,f,,f,f
1788986621.443156,3374625,f,,f,f
1788986621.443156,3374795,f,,f,f
1788986621.443156,3387138,f,,f,f
1788986621.443156,3374777,f,,f,f
1788986621.443156,3374619,f,,f,f
1788986621.443156,3374623,f,,f,f
1788986621.443156,3374627,f,,f,f
1788986681.498473,3374622,f,,f,f
1788986681.498473,3374631,f,,f,f
1788986681.498473,3374684,f,,f,f
1788986681.498473,3374756,f,,f,f
1788986681.498473,3374621,f,,f,f
1788986681.498473,3374680,f,,f,f
1788986681.498473,3374726,f,,f,f
1788986681.498473,3374720,f,,f,f
1788986681.498473,3374620,f,,f,f
1788986681.498473,3387341,f,,f,f
1788986681.498473,3387342,f,,f,f
1788986681.498473,3387336,f,,f,f
1788986681.498473,3374734,f,,f,f
1788986681.498473,3387348,f,,f,f
1788986681.498473,3374710,f,,f,f
1788986681.498473,3374633,f,,f,f
1788986681.498473,3374657,f,,f,f
1788986681.498473,3374632,f,,f,f
1788986681.498473,3374804,f,,f,f
1788986681.498473,3374716,f,,f,f
1788986681.498473,3374628,f,,f,f
1788986681.498473,3387344,f,,f,f
1788986681.498473,3387345,f,,f,f
1788986681.498473,3374689,f,,f,f
1788986681.498473,3374626,f,,f,f
1788986681.498473,3374767,f,,f,f
1788986681.498473,3387343,f,,f,f
1788986681.498473,3387339,f,,f,f
1788986681.498473,3374703,f,,f,f
1788986681.498473,3387340,f,,f,f
1788986681.498473,3374746,f,,f,f
1788986681.498473,3387347,f,,f,f
1788986681.498473,3387346,f,,f,f
1788986681.498473,3374624,f,,f,f
1788986681.498473,3374617,f,,f,f
1788986681.498473,3374634,f,,f,f
1788986681.498473,3374629,f,,f,f
1788986681.498473,3374630,f,,f,f
1788986681.498473,3374625,f,,f,f
1788986681.498473,3374795,f,,f,f
1788986681.498473,3374777,f,,f,f
1788986681.498473,3374619,f,,f,f
1788986681.498473,3374623,f,,f,f
1788986681.498473,3387332,f,,f,f
1788986681.498473,3374627,f,,f,f
1788986741.548712,3387574,f,,f,f
1788986741.548712,3387580,f,,f,f
1788986741.548712,3374622,f,,f,f
1788986741.548712,3374631,f,,f,f
1788986741.548712,3374684,f,,f,f
1788986741.548712,3374756,f,,f,f
1788986741.548712,3374621,f,,f,f
1788986741.548712,3374680,f,,f,f
1788986741.548712,3387577,f,,f,f
1788986741.548712,3374726,f,,f,f
1788986741.548712,3387569,f,,f,f
1788986741.548712,3374720,f,,f,f
1788986741.548712,3374620,f,,f,f
1788986741.548712,3374734,f,,f,f
1788986741.548712,3374710,f,,f,f
1788986741.548712,3374633,f,,f,f
1788986741.548712,3374657,f,,f,f
1788986741.548712,3374632,f,,f,f
1788986741.548712,3374804,f,,f,f
1788986741.548712,3374716,f,,f,f
1788986741.548712,3374628,f,,f,f
1788986741.548712,3374689,f,,f,f
1788986741.548712,3374626,f,,f,f
1788986741.548712,3374767,f,,f,f
1788986741.548712,3374703,f,,f,f
1788986741.548712,3387575,f,,f,f
1788986741.548712,3387572,f,,f,f
1788986741.548712,3387573,f,,f,f
1788986741.548712,3374746,f,,f,f
1788986741.548712,3374624,f,,f,f
1788986741.548712,3374617,f,,f,f
1788986741.548712,3374634,f,,f,f
1788986741.548712,3387582,f,,f,f
1788986741.548712,3374629,f,,f,f
1788986741.548712,3374630,f,,f,f
1788986741.548712,3374625,f,,f,f
1788986741.548712,3374795,f,,f,f
1788986741.548712,3387576,f,,f,f
1788986741.548712,3374777,f,,f,f
1788986741.548712,3374619,f,,f,f
1788986741.548712,3374623,f,,f,f
1788986741.548712,3374627,f,,f,f
1788986801.598604,3374622,f,,f,f
1788986801.598604,3374631,f,,f,f
1788986801.598604,3374684,f,,f,f
1788986801.598604,3374756,f,,f,f
1788986801.598604,3374621,f,,f,f
1788986801.598604,3374680,f,,f,f
1788986801.598604,3387782,f,,f,f
1788986801.598604,3374726,f,,f,f
1788986801.598604,3374720,f,,f,f
1788986801.598604,3387776,f,,f,f
1788986801.598604,3374620,f,,f,f
1788986801.598604,3387780,f,,f,f
1788986801.598604,3374734,f,,f,f
1788986801.598604,3374710,f,,f,f
1788986801.598604,3387779,f,,f,f
1788986801.598604,3374633,f,,f,f
1788986801.598604,3374657,f,,f,f
1788986801.598604,3387770,f,,f,f
1788986801.598604,3374632,f,,f,f
1788986801.598604,3374804,f,,f,f
1788986801.598604,3374716,f,,f,f
1788986801.598604,3374628,f,,f,f
1788986801.598604,3387775,f,,f,f
1788986801.598604,3387784,f,,f,f
1788986801.598604,3374689,f,,f,f
1788986801.598604,3374626,f,,f,f
1788986801.598604,3374767,f,,f,f
1788986801.598604,3387777,f,,f,f
1788986801.598604,3374703,f,,f,f
1788986801.598604,3387783,f,,f,f
1788986801.598604,3374746,f,,f,f
1788986801.598604,3387781,f,,f,f
1788986801.598604,3387772,f,,f,f
1788986801.598604,3374624,f,,f,f
1788986801.598604,3374617,f,,f,f
1788986801.598604,3374634,f,,f,f
1788986801.598604,3374629,f,,f,f
1788986801.598604,3374630,f,,f,f
1788986801.598604,3374625,f,,f,f
1788986801.598604,3374795,f,,f,f
1788986801.598604,3374777,f,,f,f
1788986801.598604,3374619,f,,f,f
1788986801.598604,3374623,f,,f,f
1788986801.598604,3374627,f,,f,f
