# hostname;interval;timestamp;pswpin/s;pswpout/s
madrona;60;1788983201;0.00;0.00
madrona;60;1788983261;0.00;0.00
madrona;60;1788983321;0.00;0.00
madrona;60;1788983381;0.00;0.00
madrona;60;1788983441;0.00;0.00
madrona;60;1788983501;0.00;0.00
madrona;60;1788983561;0.00;0.00
madrona;60;1788983621;0.00;0.00
madrona;60;1788983681;0.00;0.00
madrona;60;1788983741;0.00;0.00
madrona;60;1788983801;0.00;0.00
madrona;60;1788983861;0.00;0.00
madrona;60;1788983921;0.00;0.00
madrona;60;1788983981;0.00;0.00
madrona;60;1788984041;0.00;0.00
madrona;60;1788984101;0.00;0.00
madrona;60;1788984161;0.00;0.00
madrona;60;1788984221;0.00;0.00
madrona;60;1788984281;0.00;0.00
madrona;60;1788984341;0.00;0.00
madrona;60;1788984401;0.00;0.00
madrona;60;1788984461;0.00;0.00
madrona;60;1788984521;0.00;0.00
madrona;60;1788984581;0.00;0.00
madrona;60;1788984641;0.00;0.00
madrona;60;1788984701;0.00;0.00
madrona;60;1788984761;0.00;0.00
madrona;60;1788984821;0.00;0.00
madrona;60;1788984881;0.00;0.00
madrona;60;1788984941;0.00;0.00
madrona;60;1788985001;0.00;0.00
madrona;60;1788985061;0.00;0.00
madrona;60;1788985121;0.00;0.00
madrona;60;1788985181;0.00;0.00
madrona;60;1788985241;0.00;0.00
madrona;60;1788985301;0.00;0.00
madrona;60;1788985361;0.00;0.00
madrona;60;1788985421;0.00;0.00
madrona;60;1788985481;0.00;0.00
madrona;60;1788985541;0.00;0.00
madrona;60;1788985601;0.00;0.00
madrona;60;1788985661;0.00;0.00
madrona;60;1788985721;0.00;0.00
madrona;60;1788985781;0.00;0.00
madrona;60;1788985841;0.00;0.00
madrona;60;1788985901;0.00;0.00
madrona;60;1788985961;0.00;0.00
madrona;60;1788986021;0.00;0.00
madrona;60;1788986081;0.00;0.00
madrona;60;1788986141;0.00;0.00
madrona;60;1788986201;0.00;0.00
madrona;60;1788986261;0.00;0.00
madrona;60;1788986321;0.00;0.00
madrona;60;1788986381;0.00;0.00
madrona;60;1788986441;0.00;0.00
madrona;60;1788986501;0.00;0.00
madrona;60;1788986561;0.00;0.00
madrona;60;1788986621;0.00;0.00
madrona;60;1788986681;0.00;0.00
madrona;60;1788986741;0.00;0.00
madrona;60;1788986801;0.00;0.00
